[+] Loading stage 3 ...
[+] Loading stage 4 ...
[+] Loading kernel ...
[+] Jumping to protected mode ...
[+] Jumping to long mode ...
[+] FB Addr: 0x0
[+] FB Size: 0x0
Stage 4 loaded.
SIGNPOST: Initializing Memory...
PMM: Initialized. 5120MB total RAM.
PMM: Expanding discovery to all available RAM...
PMM: Adding extended free region: 0x100000000 -> 0x140000000
PMM: Expansion complete. Free: 5119MB
SIGNPOST: Initializing ISTs...
SIGNPOST: Loading IDT...
SIGNPOST: Kernel fully initialized.
SIGNPOST: Heap initialized.
VirtIO Block: Found device at Bus 0, Device 3, Func 0
VirtIO Block: Bus mastering enabled.
VirtIO Block: Remapped BAR 4 to 0xe0000000
VirtIO Block: Notify mapped at 0xffffa00000000000 -> Phys 0xe0003000
VirtIO Block: Common Config mapped at 0xffffa00000200000 -> Phys 0xe0000000
VirtIO Block: Negotiating features...
VirtIO Block: Initialized successfully.
SIGNPOST: TaskManager initialized.
SIGNPOST: Calling DISPLAY_SERVER.init()...
VirtIO GPU: Device not found.
DisplayServer: Using VBE fallback
DisplayServer: VBE reports 0x0 resolution. Graphics unavailable.
SIGNPOST: DISPLAY_SERVER initialized.
SIGNPOST: Drivers initialized.
Mouse: Initializing PS/2 Mouse...
Mouse: VMMouse initialized successfully (Absolute Mode).
Mouse: Initialized (ID: 3).
SIGNPOST: Initializing APIC...
APIC: Local APIC at 0xfee00000 (mapped to 0xffffa00000400000)
APIC: I/O APIC at 0xfec00000 (mapped to 0xffffa00000600000)
APIC: IRQ Override: Bus 0 IRQ 0 -> GSI 2
APIC: IRQ Override: Bus 0 IRQ 5 -> GSI 5
APIC: IRQ Override: Bus 0 IRQ 9 -> GSI 9
APIC: IRQ Override: Bus 0 IRQ 10 -> GSI 10
APIC: IRQ Override: Bus 0 IRQ 11 -> GSI 11
SIGNPOST: Initializing HPET...
HPET: HPET at 0xfed00000 (mapped to 0xffffa00000800000)
HPET: Period: 10000000 fs
HPET: Comparator increment for 10ms: 1000000
Mounting Ext2...
Ext2: Reading superblock...
Ext2: Superblock read.
Ext2: Magic: 0xef53
Ext2: Mounted. Block Size: 1024, Inode Size: 128
Spawning trivial test process (WASM)...
Ext2Node::read of 3466310 bytes took 0 ticks over 16 loops
[TaskManager] Reusing existing task 2
[TaskManager] Initialized User Task 2 (Thread at 0xffff8000b8358088, State=Reserved)
[AOTWorker] Submitting request for PID 2
Trivial test process spawned with PID 2
Kernel initialized, entering idle loop...
[AOTWorker] Thread started.
[AOTWorker] Pulled request for PID 2
[AOTWorker] Processing request for PID 2
[wasm-runner] Starting buffer /sys/bin/init.wasm (AOT: true)...
[File::open] path='/sys/bin/init.wasm'
[File::open] SUCCESS fd=0
[File::open] path='/sys/bin/init.wacc'
[File::open] FAILED result[0]=1
[std] LinearMemory: new_sas base=0x58e0000000 size=3997696 (61 pages)
[AOT] Copying blob to 0x104000000...
[AOT] Blob copied. Fixing jump table...
[AOT] Jump table fixed.
[AOT] code_base=0x104000000 offset=57344 code_len=7732031 (7550 KB)
[AOT] Module code copied.
[AOT] Data region at 0x10476e000
[AOT] Context and data region initialized.
save_wacc: Start serialization...
save_wacc: Finished serialization. About to create file /sys/bin/init.wacc...
[File::create] path='/sys/bin/init.wacc'
[File::create] SUCCESS fd=1
save_wacc: File::create returned. About to start Write::write of 7757252 bytes...
Ext2::alloc_block SLOW: 72 ticks (read bitmap: 72, write metadata: 0)
Ext2::alloc_block SLOW: 132 ticks (read bitmap: 132, write metadata: 0)
Ext2::alloc_block SLOW: 844 ticks (read bitmap: 844, write metadata: 0)
Ext2::alloc_block SLOW: 139 ticks (read bitmap: 139, write metadata: 0)
Ext2::alloc_block SLOW: 82 ticks (read bitmap: 82, write metadata: 0)
Ext2::alloc_block SLOW: 50 ticks (read bitmap: 50, write metadata: 0)
Ext2::alloc_block SLOW: 44 ticks (read bitmap: 44, write metadata: 0)
Ext2::alloc_block SLOW: 43 ticks (read bitmap: 43, write metadata: 0)
Ext2::alloc_block SLOW: 48 ticks (read bitmap: 48, write metadata: 0)
Ext2::alloc_block SLOW: 45 ticks (read bitmap: 45, write metadata: 0)
Ext2::alloc_block SLOW: 60 ticks (read bitmap: 60, write metadata: 0)
Ext2::alloc_block SLOW: 60 ticks (read bitmap: 60, write metadata: 0)
Ext2::alloc_block SLOW: 53 ticks (read bitmap: 53, write metadata: 0)
Ext2::alloc_block SLOW: 50 ticks (read bitmap: 50, write metadata: 0)
Ext2::alloc_block SLOW: 65 ticks (read bitmap: 65, write metadata: 0)
Ext2::alloc_block SLOW: 47 ticks (read bitmap: 47, write metadata: 0)
Ext2::alloc_block SLOW: 56 ticks (read bitmap: 56, write metadata: 0)
Ext2::alloc_block SLOW: 46 ticks (read bitmap: 46, write metadata: 0)
Ext2::alloc_block SLOW: 46 ticks (read bitmap: 46, write metadata: 0)
Ext2::alloc_block SLOW: 44 ticks (read bitmap: 44, write metadata: 0)
Ext2::alloc_block SLOW: 53 ticks (read bitmap: 53, write metadata: 0)
Ext2::alloc_block SLOW: 50 ticks (read bitmap: 50, write metadata: 0)
Ext2::alloc_block SLOW: 59 ticks (read bitmap: 59, write metadata: 0)
Ext2::alloc_block SLOW: 58 ticks (read bitmap: 58, write metadata: 0)
Ext2::alloc_block SLOW: 64 ticks (read bitmap: 64, write metadata: 0)
Ext2::alloc_block SLOW: 51 ticks (read bitmap: 51, write metadata: 0)
Ext2::alloc_block SLOW: 47 ticks (read bitmap: 47, write metadata: 0)
Ext2::alloc_block SLOW: 72 ticks (read bitmap: 72, write metadata: 0)
Ext2::alloc_block SLOW: 49 ticks (read bitmap: 49, write metadata: 0)
Ext2::alloc_block SLOW: 54 ticks (read bitmap: 54, write metadata: 0)
Ext2::alloc_block SLOW: 67 ticks (read bitmap: 67, write metadata: 0)
Ext2::alloc_block SLOW: 83 ticks (read bitmap: 83, write metadata: 0)
Ext2::alloc_block SLOW: 57 ticks (read bitmap: 57, write metadata: 0)
Ext2::alloc_block SLOW: 54 ticks (read bitmap: 54, write metadata: 0)
Ext2::alloc_block SLOW: 55 ticks (read bitmap: 55, write metadata: 0)
Ext2::alloc_block SLOW: 44 ticks (read bitmap: 44, write metadata: 0)
Ext2::alloc_block SLOW: 53 ticks (read bitmap: 53, write metadata: 0)
Ext2::alloc_block SLOW: 43 ticks (read bitmap: 43, write metadata: 0)
Ext2::alloc_block SLOW: 57 ticks (read bitmap: 57, write metadata: 0)
Ext2::alloc_block SLOW: 45 ticks (read bitmap: 45, write metadata: 0)
Ext2::alloc_block SLOW: 57 ticks (read bitmap: 57, write metadata: 0)
Ext2::alloc_block SLOW: 53 ticks (read bitmap: 53, write metadata: 0)
Ext2::alloc_block SLOW: 52 ticks (read bitmap: 52, write metadata: 0)
Ext2::alloc_block SLOW: 40 ticks (read bitmap: 40, write metadata: 0)
Ext2::alloc_block SLOW: 42 ticks (read bitmap: 42, write metadata: 0)
Ext2::alloc_block SLOW: 59 ticks (read bitmap: 59, write metadata: 0)
Ext2::alloc_block SLOW: 55 ticks (read bitmap: 55, write metadata: 0)
Ext2::alloc_block SLOW: 47 ticks (read bitmap: 47, write metadata: 0)
Ext2::alloc_block SLOW: 52 ticks (read bitmap: 52, write metadata: 0)
Ext2::alloc_block SLOW: 70 ticks (read bitmap: 70, write metadata: 0)
Ext2::alloc_block SLOW: 81 ticks (read bitmap: 81, write metadata: 0)
Ext2::alloc_block SLOW: 60 ticks (read bitmap: 60, write metadata: 0)
Ext2::alloc_block SLOW: 46 ticks (read bitmap: 46, write metadata: 0)
Ext2::alloc_block SLOW: 41 ticks (read bitmap: 41, write metadata: 0)
Ext2::alloc_block SLOW: 47 ticks (read bitmap: 47, write metadata: 0)
Ext2::alloc_block SLOW: 47 ticks (read bitmap: 47, write metadata: 0)
Ext2::alloc_block SLOW: 44 ticks (read bitmap: 44, write metadata: 0)
Ext2::alloc_block SLOW: 56 ticks (read bitmap: 56, write metadata: 0)
Ext2::alloc_block SLOW: 56 ticks (read bitmap: 56, write metadata: 0)
Ext2::alloc_block SLOW: 43 ticks (read bitmap: 43, write metadata: 0)
Ext2::alloc_block SLOW: 45 ticks (read bitmap: 45, write metadata: 0)
Ext2::alloc_block SLOW: 43 ticks (read bitmap: 43, write metadata: 0)
Ext2::alloc_block SLOW: 42 ticks (read bitmap: 42, write metadata: 0)
Ext2::alloc_block SLOW: 55 ticks (read bitmap: 55, write metadata: 0)
Ext2::alloc_block SLOW: 42 ticks (read bitmap: 42, write metadata: 0)
Ext2::alloc_block SLOW: 60 ticks (read bitmap: 60, write metadata: 0)
Ext2::alloc_block SLOW: 55 ticks (read bitmap: 55, write metadata: 0)
Ext2::alloc_block SLOW: 41 ticks (read bitmap: 41, write metadata: 0)
Ext2::alloc_block SLOW: 53 ticks (read bitmap: 53, write metadata: 0)
Ext2::alloc_block SLOW: 56 ticks (read bitmap: 56, write metadata: 0)
Ext2::alloc_block SLOW: 47 ticks (read bitmap: 47, write metadata: 0)
Ext2::alloc_block SLOW: 59 ticks (read bitmap: 59, write metadata: 0)
Ext2::alloc_block SLOW: 45 ticks (read bitmap: 45, write metadata: 0)
Ext2::alloc_block SLOW: 44 ticks (read bitmap: 44, write metadata: 0)
Ext2::alloc_block SLOW: 57 ticks (read bitmap: 57, write metadata: 0)
Ext2::alloc_block SLOW: 44 ticks (read bitmap: 44, write metadata: 0)
Ext2::alloc_block SLOW: 57 ticks (read bitmap: 57, write metadata: 0)
Ext2::alloc_block SLOW: 58 ticks (read bitmap: 58, write metadata: 0)
Ext2::alloc_block SLOW: 49 ticks (read bitmap: 49, write metadata: 0)
Ext2::alloc_block SLOW: 59 ticks (read bitmap: 59, write metadata: 0)
Ext2::alloc_block SLOW: 48 ticks (read bitmap: 48, write metadata: 0)
Ext2::alloc_block SLOW: 49 ticks (read bitmap: 49, write metadata: 0)
Ext2::alloc_block SLOW: 56 ticks (read bitmap: 56, write metadata: 0)
Ext2::alloc_block SLOW: 44 ticks (read bitmap: 44, write metadata: 0)
Ext2::alloc_block SLOW: 56 ticks (read bitmap: 56, write metadata: 0)
Ext2::alloc_block SLOW: 56 ticks (read bitmap: 56, write metadata: 0)
Ext2::alloc_block SLOW: 55 ticks (read bitmap: 55, write metadata: 0)
Ext2::alloc_block SLOW: 57 ticks (read bitmap: 57, write metadata: 0)
Ext2::alloc_block SLOW: 54 ticks (read bitmap: 54, write metadata: 0)
Ext2::alloc_block SLOW: 48 ticks (read bitmap: 48, write metadata: 0)
Ext2::alloc_block SLOW: 49 ticks (read bitmap: 49, write metadata: 0)
Ext2::alloc_block SLOW: 44 ticks (read bitmap: 44, write metadata: 0)
Ext2::alloc_block SLOW: 58 ticks (read bitmap: 58, write metadata: 0)
Ext2::alloc_block SLOW: 37 ticks (read bitmap: 37, write metadata: 0)
Ext2::alloc_block SLOW: 40 ticks (read bitmap: 40, write metadata: 0)
Ext2::alloc_block SLOW: 52 ticks (read bitmap: 52, write metadata: 0)
Ext2::alloc_block SLOW: 45 ticks (read bitmap: 45, write metadata: 0)
Ext2::alloc_block SLOW: 54 ticks (read bitmap: 54, write metadata: 0)
Ext2::alloc_block SLOW: 49 ticks (read bitmap: 49, write metadata: 0)
Ext2::alloc_block SLOW: 49 ticks (read bitmap: 49, write metadata: 0)
Ext2::alloc_block SLOW: 52 ticks (read bitmap: 52, write metadata: 0)
Ext2::alloc_block SLOW: 53 ticks (read bitmap: 53, write metadata: 0)
Ext2::alloc_block SLOW: 44 ticks (read bitmap: 44, write metadata: 0)
Ext2::alloc_block SLOW: 59 ticks (read bitmap: 59, write metadata: 0)
Ext2::alloc_block SLOW: 51 ticks (read bitmap: 51, write metadata: 0)
Ext2::alloc_block SLOW: 53 ticks (read bitmap: 53, write metadata: 0)
Ext2::alloc_block SLOW: 52 ticks (read bitmap: 52, write metadata: 0)
Ext2::alloc_block SLOW: 55 ticks (read bitmap: 55, write metadata: 0)
Ext2::alloc_block SLOW: 44 ticks (read bitmap: 44, write metadata: 0)
Ext2::alloc_block SLOW: 54 ticks (read bitmap: 54, write metadata: 0)
Ext2::alloc_block SLOW: 43 ticks (read bitmap: 43, write metadata: 0)
Ext2::alloc_block SLOW: 48 ticks (read bitmap: 48, write metadata: 0)
Ext2::alloc_block SLOW: 55 ticks (read bitmap: 55, write metadata: 0)
Ext2::alloc_block SLOW: 47 ticks (read bitmap: 47, write metadata: 0)
Ext2::alloc_block SLOW: 42 ticks (read bitmap: 42, write metadata: 0)
Ext2::alloc_block SLOW: 44 ticks (read bitmap: 44, write metadata: 0)
Ext2::alloc_block SLOW: 42 ticks (read bitmap: 42, write metadata: 0)
Ext2::alloc_block SLOW: 42 ticks (read bitmap: 42, write metadata: 0)
Ext2::alloc_block SLOW: 43 ticks (read bitmap: 43, write metadata: 0)
Ext2::alloc_block SLOW: 52 ticks (read bitmap: 52, write metadata: 0)
Ext2::alloc_block SLOW: 40 ticks (read bitmap: 40, write metadata: 0)
Ext2::alloc_block SLOW: 54 ticks (read bitmap: 54, write metadata: 0)
Ext2::alloc_block SLOW: 43 ticks (read bitmap: 43, write metadata: 0)
Ext2::alloc_block SLOW: 41 ticks (read bitmap: 41, write metadata: 0)
Ext2::alloc_block SLOW: 61 ticks (read bitmap: 61, write metadata: 0)
Ext2::alloc_block SLOW: 56 ticks (read bitmap: 56, write metadata: 0)
Ext2::alloc_block SLOW: 45 ticks (read bitmap: 45, write metadata: 0)
Ext2::alloc_block SLOW: 57 ticks (read bitmap: 57, write metadata: 0)
Ext2::alloc_block SLOW: 51 ticks (read bitmap: 51, write metadata: 0)
Ext2::alloc_block SLOW: 53 ticks (read bitmap: 53, write metadata: 0)
Ext2::alloc_block SLOW: 65 ticks (read bitmap: 65, write metadata: 0)
Ext2::alloc_block SLOW: 59 ticks (read bitmap: 59, write metadata: 0)
Ext2::alloc_block SLOW: 77 ticks (read bitmap: 77, write metadata: 0)
Ext2::alloc_block SLOW: 43 ticks (read bitmap: 43, write metadata: 0)
Ext2::alloc_block SLOW: 47 ticks (read bitmap: 47, write metadata: 0)
Ext2::alloc_block SLOW: 49 ticks (read bitmap: 49, write metadata: 0)
Ext2::alloc_block SLOW: 61 ticks (read bitmap: 61, write metadata: 0)
Ext2::alloc_block SLOW: 73 ticks (read bitmap: 73, write metadata: 0)
Ext2::alloc_block SLOW: 67 ticks (read bitmap: 67, write metadata: 0)
Ext2::alloc_block SLOW: 45 ticks (read bitmap: 45, write metadata: 0)
Ext2::alloc_block SLOW: 53 ticks (read bitmap: 53, write metadata: 0)
Ext2::alloc_block SLOW: 35 ticks (read bitmap: 35, write metadata: 0)
Ext2::alloc_block SLOW: 48 ticks (read bitmap: 48, write metadata: 0)
Ext2::alloc_block SLOW: 47 ticks (read bitmap: 47, write metadata: 0)
Ext2::alloc_block SLOW: 57 ticks (read bitmap: 57, write metadata: 0)
Ext2::alloc_block SLOW: 47 ticks (read bitmap: 47, write metadata: 0)
Ext2::alloc_block SLOW: 55 ticks (read bitmap: 55, write metadata: 0)
Ext2::alloc_block SLOW: 55 ticks (read bitmap: 55, write metadata: 0)
Ext2::alloc_block SLOW: 42 ticks (read bitmap: 42, write metadata: 0)
Ext2::alloc_block SLOW: 51 ticks (read bitmap: 51, write metadata: 0)
Ext2::alloc_block SLOW: 47 ticks (read bitmap: 47, write metadata: 0)
Ext2::alloc_block SLOW: 41 ticks (read bitmap: 41, write metadata: 0)
Ext2::alloc_block SLOW: 58 ticks (read bitmap: 58, write metadata: 0)
Ext2::alloc_block SLOW: 54 ticks (read bitmap: 54, write metadata: 0)
Ext2::alloc_block SLOW: 72 ticks (read bitmap: 72, write metadata: 0)
Ext2::alloc_block SLOW: 54 ticks (read bitmap: 54, write metadata: 0)
Ext2::alloc_block SLOW: 61 ticks (read bitmap: 61, write metadata: 0)
Ext2::alloc_block SLOW: 40 ticks (read bitmap: 40, write metadata: 0)
Ext2::alloc_block SLOW: 53 ticks (read bitmap: 53, write metadata: 0)
Ext2::alloc_block SLOW: 49 ticks (read bitmap: 49, write metadata: 0)
Ext2::alloc_block SLOW: 45 ticks (read bitmap: 45, write metadata: 0)
Ext2::alloc_block SLOW: 46 ticks (read bitmap: 46, write metadata: 0)
Ext2::alloc_block SLOW: 46 ticks (read bitmap: 46, write metadata: 0)
Ext2::alloc_block SLOW: 57 ticks (read bitmap: 57, write metadata: 0)
Ext2::alloc_block SLOW: 50 ticks (read bitmap: 50, write metadata: 0)
Ext2::alloc_block SLOW: 269 ticks (read bitmap: 269, write metadata: 0)
Ext2::alloc_block SLOW: 264 ticks (read bitmap: 264, write metadata: 0)
Ext2::alloc_block SLOW: 277 ticks (read bitmap: 277, write metadata: 0)
Ext2::alloc_block SLOW: 271 ticks (read bitmap: 271, write metadata: 0)
Ext2::alloc_block SLOW: 86 ticks (read bitmap: 86, write metadata: 0)
Ext2::alloc_block SLOW: 63 ticks (read bitmap: 63, write metadata: 0)
Ext2::alloc_block SLOW: 65 ticks (read bitmap: 65, write metadata: 0)
Ext2::alloc_block SLOW: 78 ticks (read bitmap: 78, write metadata: 0)
Ext2::alloc_block SLOW: 67 ticks (read bitmap: 67, write metadata: 0)
Ext2::alloc_block SLOW: 67 ticks (read bitmap: 67, write metadata: 0)
Ext2::alloc_block SLOW: 64 ticks (read bitmap: 64, write metadata: 0)
Ext2::alloc_block SLOW: 45 ticks (read bitmap: 45, write metadata: 0)
Ext2::alloc_block SLOW: 59 ticks (read bitmap: 59, write metadata: 0)
Ext2::alloc_block SLOW: 58 ticks (read bitmap: 58, write metadata: 0)
Ext2::alloc_block SLOW: 60 ticks (read bitmap: 60, write metadata: 0)
Ext2::alloc_block SLOW: 66 ticks (read bitmap: 66, write metadata: 0)
Ext2::alloc_block SLOW: 47 ticks (read bitmap: 47, write metadata: 0)
Ext2::alloc_block SLOW: 50 ticks (read bitmap: 50, write metadata: 0)
Ext2::alloc_block SLOW: 59 ticks (read bitmap: 59, write metadata: 0)
Ext2::alloc_block SLOW: 64 ticks (read bitmap: 64, write metadata: 0)
Ext2::alloc_block SLOW: 55 ticks (read bitmap: 55, write metadata: 0)
Ext2::alloc_block SLOW: 49 ticks (read bitmap: 49, write metadata: 0)
Ext2::alloc_block SLOW: 60 ticks (read bitmap: 60, write metadata: 0)
Ext2::alloc_block SLOW: 53 ticks (read bitmap: 53, write metadata: 0)
Ext2::alloc_block SLOW: 49 ticks (read bitmap: 49, write metadata: 0)
Ext2::alloc_block SLOW: 55 ticks (read bitmap: 55, write metadata: 0)
Ext2::alloc_block SLOW: 72 ticks (read bitmap: 72, write metadata: 0)
Ext2::alloc_block SLOW: 60 ticks (read bitmap: 60, write metadata: 0)
Ext2::alloc_block SLOW: 46 ticks (read bitmap: 46, write metadata: 0)
Ext2::alloc_block SLOW: 43 ticks (read bitmap: 43, write metadata: 0)
Ext2::alloc_block SLOW: 52 ticks (read bitmap: 52, write metadata: 0)
Ext2::alloc_block SLOW: 54 ticks (read bitmap: 54, write metadata: 0)
Ext2::alloc_block SLOW: 43 ticks (read bitmap: 43, write metadata: 0)
Ext2::alloc_block SLOW: 49 ticks (read bitmap: 49, write metadata: 0)
Ext2::alloc_block SLOW: 48 ticks (read bitmap: 48, write metadata: 0)
Ext2::alloc_block SLOW: 49 ticks (read bitmap: 49, write metadata: 0)
Ext2::alloc_block SLOW: 49 ticks (read bitmap: 49, write metadata: 0)
Ext2::alloc_block SLOW: 44 ticks (read bitmap: 44, write metadata: 0)
Ext2::alloc_block SLOW: 52 ticks (read bitmap: 52, write metadata: 0)
Ext2::alloc_block SLOW: 60 ticks (read bitmap: 60, write metadata: 0)
Ext2::alloc_block SLOW: 44 ticks (read bitmap: 44, write metadata: 0)
Ext2::alloc_block SLOW: 42 ticks (read bitmap: 42, write metadata: 0)
Ext2::alloc_block SLOW: 54 ticks (read bitmap: 54, write metadata: 0)
Ext2::alloc_block SLOW: 43 ticks (read bitmap: 43, write metadata: 0)
Ext2::alloc_block SLOW: 50 ticks (read bitmap: 50, write metadata: 0)
Ext2::alloc_block SLOW: 46 ticks (read bitmap: 46, write metadata: 0)
Ext2::alloc_block SLOW: 44 ticks (read bitmap: 44, write metadata: 0)
Ext2::alloc_block SLOW: 71 ticks (read bitmap: 71, write metadata: 0)
Ext2::alloc_block SLOW: 61 ticks (read bitmap: 61, write metadata: 0)
Ext2::alloc_block SLOW: 44 ticks (read bitmap: 44, write metadata: 0)
Ext2::alloc_block SLOW: 42 ticks (read bitmap: 42, write metadata: 0)
Ext2::alloc_block SLOW: 43 ticks (read bitmap: 43, write metadata: 0)
Ext2::alloc_block SLOW: 40 ticks (read bitmap: 40, write metadata: 0)
Ext2::alloc_block SLOW: 44 ticks (read bitmap: 44, write metadata: 0)
Ext2::alloc_block SLOW: 59 ticks (read bitmap: 59, write metadata: 0)
Ext2::alloc_block SLOW: 55 ticks (read bitmap: 55, write metadata: 0)
Ext2::alloc_block SLOW: 41 ticks (read bitmap: 41, write metadata: 0)
Ext2::alloc_block SLOW: 43 ticks (read bitmap: 43, write metadata: 0)
Ext2::alloc_block SLOW: 39 ticks (read bitmap: 39, write metadata: 0)
Ext2::alloc_block SLOW: 59 ticks (read bitmap: 59, write metadata: 0)
Ext2::alloc_block SLOW: 55 ticks (read bitmap: 55, write metadata: 0)
Ext2::alloc_block SLOW: 39 ticks (read bitmap: 39, write metadata: 0)
Ext2::alloc_block SLOW: 44 ticks (read bitmap: 44, write metadata: 0)
Ext2::alloc_block SLOW: 88 ticks (read bitmap: 88, write metadata: 0)
Ext2::alloc_block SLOW: 163 ticks (read bitmap: 163, write metadata: 0)
Ext2::alloc_block SLOW: 199 ticks (read bitmap: 199, write metadata: 0)
Ext2::alloc_block SLOW: 238 ticks (read bitmap: 238, write metadata: 0)
Ext2::alloc_block SLOW: 191 ticks (read bitmap: 191, write metadata: 0)
Ext2::alloc_block SLOW: 266 ticks (read bitmap: 266, write metadata: 0)
Ext2::alloc_block SLOW: 277 ticks (read bitmap: 277, write metadata: 0)
Ext2::alloc_block SLOW: 228 ticks (read bitmap: 228, write metadata: 0)
Ext2::alloc_block SLOW: 235 ticks (read bitmap: 235, write metadata: 0)
Ext2::alloc_block SLOW: 252 ticks (read bitmap: 252, write metadata: 0)
Ext2::alloc_block SLOW: 236 ticks (read bitmap: 236, write metadata: 0)
Ext2::alloc_block SLOW: 64 ticks (read bitmap: 64, write metadata: 0)
Ext2::alloc_block SLOW: 323 ticks (read bitmap: 323, write metadata: 0)
Ext2::alloc_block SLOW: 262 ticks (read bitmap: 262, write metadata: 0)
Ext2::alloc_block SLOW: 259 ticks (read bitmap: 259, write metadata: 0)
Ext2::alloc_block SLOW: 260 ticks (read bitmap: 260, write metadata: 0)
Ext2::alloc_block SLOW: 261 ticks (read bitmap: 261, write metadata: 0)
Ext2::alloc_block SLOW: 229 ticks (read bitmap: 229, write metadata: 0)
Ext2::alloc_block SLOW: 262 ticks (read bitmap: 262, write metadata: 0)
Ext2::alloc_block SLOW: 99 ticks (read bitmap: 99, write metadata: 0)
Ext2::alloc_block SLOW: 348 ticks (read bitmap: 348, write metadata: 0)
Ext2::alloc_block SLOW: 506 ticks (read bitmap: 506, write metadata: 0)
Ext2::alloc_block SLOW: 349 ticks (read bitmap: 349, write metadata: 0)
Ext2::alloc_block SLOW: 144 ticks (read bitmap: 144, write metadata: 0)
Ext2::alloc_block SLOW: 280 ticks (read bitmap: 280, write metadata: 0)
Ext2::alloc_block SLOW: 274 ticks (read bitmap: 274, write metadata: 0)
Ext2::alloc_block SLOW: 360 ticks (read bitmap: 360, write metadata: 0)
Ext2::alloc_block SLOW: 161 ticks (read bitmap: 161, write metadata: 0)
Ext2::alloc_block SLOW: 301 ticks (read bitmap: 301, write metadata: 0)
Ext2::alloc_block SLOW: 86 ticks (read bitmap: 86, write metadata: 0)
Ext2::alloc_block SLOW: 62 ticks (read bitmap: 62, write metadata: 0)
Ext2::alloc_block SLOW: 69 ticks (read bitmap: 69, write metadata: 0)
Ext2::alloc_block SLOW: 56 ticks (read bitmap: 56, write metadata: 0)
Ext2::alloc_block SLOW: 78 ticks (read bitmap: 78, write metadata: 0)
Ext2::alloc_block SLOW: 78 ticks (read bitmap: 78, write metadata: 0)
Ext2::alloc_block SLOW: 59 ticks (read bitmap: 59, write metadata: 0)
Ext2::alloc_block SLOW: 65 ticks (read bitmap: 65, write metadata: 0)
Ext2::alloc_block SLOW: 52 ticks (read bitmap: 52, write metadata: 0)
Ext2::alloc_block SLOW: 65 ticks (read bitmap: 65, write metadata: 0)
Ext2::alloc_block SLOW: 301 ticks (read bitmap: 301, write metadata: 0)
Ext2::alloc_block SLOW: 332 ticks (read bitmap: 332, write metadata: 0)
Ext2::alloc_block SLOW: 69 ticks (read bitmap: 69, write metadata: 0)
Ext2::alloc_block SLOW: 58 ticks (read bitmap: 58, write metadata: 0)
Ext2::alloc_block SLOW: 70 ticks (read bitmap: 70, write metadata: 0)
Ext2::alloc_block SLOW: 46 ticks (read bitmap: 46, write metadata: 0)
Ext2::alloc_block SLOW: 53 ticks (read bitmap: 53, write metadata: 0)
Ext2::alloc_block SLOW: 56 ticks (read bitmap: 56, write metadata: 0)
Ext2::alloc_block SLOW: 60 ticks (read bitmap: 60, write metadata: 0)
Ext2::alloc_block SLOW: 51 ticks (read bitmap: 51, write metadata: 0)
Ext2::alloc_block SLOW: 46 ticks (read bitmap: 46, write metadata: 0)
Ext2::alloc_block SLOW: 74 ticks (read bitmap: 74, write metadata: 0)
Ext2::alloc_block SLOW: 53 ticks (read bitmap: 53, write metadata: 0)
Ext2::alloc_block SLOW: 74 ticks (read bitmap: 74, write metadata: 0)
Ext2::alloc_block SLOW: 53 ticks (read bitmap: 53, write metadata: 0)
Ext2::alloc_block SLOW: 80 ticks (read bitmap: 80, write metadata: 0)
Ext2::alloc_block SLOW: 79 ticks (read bitmap: 79, write metadata: 0)
Ext2::alloc_block SLOW: 62 ticks (read bitmap: 62, write metadata: 0)
Ext2::alloc_block SLOW: 49 ticks (read bitmap: 49, write metadata: 0)
Ext2::alloc_block SLOW: 73 ticks (read bitmap: 73, write metadata: 0)
Ext2::alloc_block SLOW: 75 ticks (read bitmap: 75, write metadata: 0)
Ext2::alloc_block SLOW: 47 ticks (read bitmap: 47, write metadata: 0)
Ext2::alloc_block SLOW: 57 ticks (read bitmap: 57, write metadata: 0)
Ext2::alloc_block SLOW: 47 ticks (read bitmap: 47, write metadata: 0)
Ext2::alloc_block SLOW: 53 ticks (read bitmap: 53, write metadata: 0)
Ext2::alloc_block SLOW: 64 ticks (read bitmap: 64, write metadata: 0)
Ext2::alloc_block SLOW: 64 ticks (read bitmap: 64, write metadata: 0)
Ext2::alloc_block SLOW: 72 ticks (read bitmap: 72, write metadata: 0)
Ext2::alloc_block SLOW: 54 ticks (read bitmap: 54, write metadata: 0)
Ext2::alloc_block SLOW: 79 ticks (read bitmap: 79, write metadata: 0)
Ext2::alloc_block SLOW: 60 ticks (read bitmap: 60, write metadata: 0)
Ext2::alloc_block SLOW: 58 ticks (read bitmap: 58, write metadata: 0)
Ext2::alloc_block SLOW: 75 ticks (read bitmap: 75, write metadata: 0)
Ext2::alloc_block SLOW: 72 ticks (read bitmap: 72, write metadata: 0)
Ext2::alloc_block SLOW: 48 ticks (read bitmap: 48, write metadata: 0)
Ext2::alloc_block SLOW: 345 ticks (read bitmap: 345, write metadata: 0)
Ext2::alloc_block SLOW: 292 ticks (read bitmap: 292, write metadata: 0)
Ext2::alloc_block SLOW: 237 ticks (read bitmap: 237, write metadata: 0)
Ext2::alloc_block SLOW: 242 ticks (read bitmap: 242, write metadata: 0)
Ext2::alloc_block SLOW: 241 ticks (read bitmap: 241, write metadata: 0)
Ext2::alloc_block SLOW: 282 ticks (read bitmap: 282, write metadata: 0)
Ext2::alloc_block SLOW: 233 ticks (read bitmap: 233, write metadata: 0)
Ext2::alloc_block SLOW: 252 ticks (read bitmap: 252, write metadata: 0)
Ext2::alloc_block SLOW: 266 ticks (read bitmap: 266, write metadata: 0)
Ext2::alloc_block SLOW: 236 ticks (read bitmap: 236, write metadata: 0)
Ext2::alloc_block SLOW: 235 ticks (read bitmap: 235, write metadata: 0)
Ext2::alloc_block SLOW: 244 ticks (read bitmap: 244, write metadata: 0)
Ext2::alloc_block SLOW: 249 ticks (read bitmap: 249, write metadata: 0)
Ext2::alloc_block SLOW: 228 ticks (read bitmap: 228, write metadata: 0)
Ext2::alloc_block SLOW: 228 ticks (read bitmap: 228, write metadata: 0)
Ext2::alloc_block SLOW: 70 ticks (read bitmap: 70, write metadata: 0)
Ext2::alloc_block SLOW: 56 ticks (read bitmap: 56, write metadata: 0)
Ext2::alloc_block SLOW: 69 ticks (read bitmap: 69, write metadata: 0)
Ext2::alloc_block SLOW: 60 ticks (read bitmap: 60, write metadata: 0)
Ext2::alloc_block SLOW: 62 ticks (read bitmap: 62, write metadata: 0)
Ext2::alloc_block SLOW: 67 ticks (read bitmap: 67, write metadata: 0)
Ext2::alloc_block SLOW: 74 ticks (read bitmap: 74, write metadata: 0)
Ext2::alloc_block SLOW: 60 ticks (read bitmap: 60, write metadata: 0)
Ext2::alloc_block SLOW: 62 ticks (read bitmap: 62, write metadata: 0)
Ext2::alloc_block SLOW: 55 ticks (read bitmap: 55, write metadata: 0)
Ext2::alloc_block SLOW: 61 ticks (read bitmap: 61, write metadata: 0)
Ext2::alloc_block SLOW: 73 ticks (read bitmap: 73, write metadata: 0)
Ext2::alloc_block SLOW: 63 ticks (read bitmap: 63, write metadata: 0)
Ext2::alloc_block SLOW: 80 ticks (read bitmap: 80, write metadata: 0)
Ext2::alloc_block SLOW: 59 ticks (read bitmap: 59, write metadata: 0)
Ext2::alloc_block SLOW: 73 ticks (read bitmap: 73, write metadata: 0)
Ext2::alloc_block SLOW: 74 ticks (read bitmap: 74, write metadata: 0)
Ext2::alloc_block SLOW: 52 ticks (read bitmap: 52, write metadata: 0)
Ext2::alloc_block SLOW: 63 ticks (read bitmap: 63, write metadata: 0)
Ext2::alloc_block SLOW: 86 ticks (read bitmap: 86, write metadata: 0)
Ext2::alloc_block SLOW: 75 ticks (read bitmap: 75, write metadata: 0)
Ext2::alloc_block SLOW: 317 ticks (read bitmap: 317, write metadata: 0)
Ext2::alloc_block SLOW: 226 ticks (read bitmap: 226, write metadata: 0)
Ext2::alloc_block SLOW: 248 ticks (read bitmap: 248, write metadata: 0)
Ext2::alloc_block SLOW: 347 ticks (read bitmap: 347, write metadata: 0)
Ext2::alloc_block SLOW: 272 ticks (read bitmap: 272, write metadata: 0)
Ext2::alloc_block SLOW: 85 ticks (read bitmap: 85, write metadata: 0)
Ext2::alloc_block SLOW: 71 ticks (read bitmap: 71, write metadata: 0)
Ext2::alloc_block SLOW: 62 ticks (read bitmap: 62, write metadata: 0)
Ext2::alloc_block SLOW: 74 ticks (read bitmap: 74, write metadata: 0)
Ext2::alloc_block SLOW: 62 ticks (read bitmap: 62, write metadata: 0)
Ext2::alloc_block SLOW: 71 ticks (read bitmap: 71, write metadata: 0)
Ext2::alloc_block SLOW: 68 ticks (read bitmap: 68, write metadata: 0)
Ext2::alloc_block SLOW: 76 ticks (read bitmap: 76, write metadata: 0)
Ext2::alloc_block SLOW: 72 ticks (read bitmap: 72, write metadata: 0)
Ext2::alloc_block SLOW: 70 ticks (read bitmap: 70, write metadata: 0)
Ext2::alloc_block SLOW: 299 ticks (read bitmap: 299, write metadata: 0)
Ext2::alloc_block SLOW: 190 ticks (read bitmap: 190, write metadata: 0)
Ext2::alloc_block SLOW: 98 ticks (read bitmap: 98, write metadata: 0)
Ext2::alloc_block SLOW: 291 ticks (read bitmap: 291, write metadata: 0)
Ext2::alloc_block SLOW: 224 ticks (read bitmap: 224, write metadata: 0)
Ext2::alloc_block SLOW: 70 ticks (read bitmap: 70, write metadata: 0)
Ext2::alloc_block SLOW: 253 ticks (read bitmap: 253, write metadata: 0)
Ext2::alloc_block SLOW: 229 ticks (read bitmap: 229, write metadata: 0)
Ext2::alloc_block SLOW: 332 ticks (read bitmap: 332, write metadata: 0)
Ext2::alloc_block SLOW: 236 ticks (read bitmap: 236, write metadata: 0)
Ext2::alloc_block SLOW: 242 ticks (read bitmap: 242, write metadata: 0)
Ext2::alloc_block SLOW: 231 ticks (read bitmap: 231, write metadata: 0)
Ext2::alloc_block SLOW: 220 ticks (read bitmap: 220, write metadata: 0)
Ext2::alloc_block SLOW: 271 ticks (read bitmap: 271, write metadata: 0)
Ext2::alloc_block SLOW: 110 ticks (read bitmap: 110, write metadata: 0)
Ext2::alloc_block SLOW: 253 ticks (read bitmap: 253, write metadata: 0)
Ext2::alloc_block SLOW: 229 ticks (read bitmap: 229, write metadata: 0)
Ext2::alloc_block SLOW: 268 ticks (read bitmap: 268, write metadata: 0)
Ext2::alloc_block SLOW: 242 ticks (read bitmap: 242, write metadata: 0)
Ext2::alloc_block SLOW: 232 ticks (read bitmap: 232, write metadata: 0)
Ext2::alloc_block SLOW: 204 ticks (read bitmap: 204, write metadata: 0)
Ext2::alloc_block SLOW: 291 ticks (read bitmap: 291, write metadata: 0)
Ext2::alloc_block SLOW: 241 ticks (read bitmap: 241, write metadata: 0)
Ext2::alloc_block SLOW: 230 ticks (read bitmap: 230, write metadata: 0)
Ext2::alloc_block SLOW: 264 ticks (read bitmap: 264, write metadata: 0)
Ext2::alloc_block SLOW: 93 ticks (read bitmap: 93, write metadata: 0)
Ext2::alloc_block SLOW: 251 ticks (read bitmap: 251, write metadata: 0)
Ext2::alloc_block SLOW: 234 ticks (read bitmap: 234, write metadata: 0)
Ext2::alloc_block SLOW: 232 ticks (read bitmap: 232, write metadata: 0)
Ext2::alloc_block SLOW: 227 ticks (read bitmap: 227, write metadata: 0)
Ext2::alloc_block SLOW: 288 ticks (read bitmap: 288, write metadata: 0)
Ext2::alloc_block SLOW: 244 ticks (read bitmap: 244, write metadata: 0)
Ext2::alloc_block SLOW: 227 ticks (read bitmap: 227, write metadata: 0)
Ext2::alloc_block SLOW: 265 ticks (read bitmap: 265, write metadata: 0)
Ext2::alloc_block SLOW: 177 ticks (read bitmap: 177, write metadata: 0)
Ext2::alloc_block SLOW: 291 ticks (read bitmap: 291, write metadata: 0)
Ext2::alloc_block SLOW: 276 ticks (read bitmap: 276, write metadata: 0)
Ext2::alloc_block SLOW: 227 ticks (read bitmap: 227, write metadata: 0)
Ext2::alloc_block SLOW: 278 ticks (read bitmap: 278, write metadata: 0)
Ext2::alloc_block SLOW: 243 ticks (read bitmap: 243, write metadata: 0)
Ext2::alloc_block SLOW: 243 ticks (read bitmap: 243, write metadata: 0)
Ext2::alloc_block SLOW: 246 ticks (read bitmap: 246, write metadata: 0)
Ext2::alloc_block SLOW: 228 ticks (read bitmap: 228, write metadata: 0)
Ext2::alloc_block SLOW: 216 ticks (read bitmap: 216, write metadata: 0)
Ext2::alloc_block SLOW: 166 ticks (read bitmap: 166, write metadata: 0)
Ext2::alloc_block SLOW: 241 ticks (read bitmap: 241, write metadata: 0)
Ext2::alloc_block SLOW: 230 ticks (read bitmap: 230, write metadata: 0)
Ext2::alloc_block SLOW: 243 ticks (read bitmap: 243, write metadata: 0)
Ext2::alloc_block SLOW: 202 ticks (read bitmap: 202, write metadata: 0)
Ext2::alloc_block SLOW: 237 ticks (read bitmap: 237, write metadata: 0)
Ext2::alloc_block SLOW: 254 ticks (read bitmap: 254, write metadata: 0)
Ext2::alloc_block SLOW: 279 ticks (read bitmap: 279, write metadata: 0)
Ext2::alloc_block SLOW: 269 ticks (read bitmap: 269, write metadata: 0)
Ext2::alloc_block SLOW: 147 ticks (read bitmap: 147, write metadata: 0)
Ext2::alloc_block SLOW: 229 ticks (read bitmap: 229, write metadata: 0)
Ext2::alloc_block SLOW: 234 ticks (read bitmap: 234, write metadata: 0)
Ext2::alloc_block SLOW: 303 ticks (read bitmap: 303, write metadata: 0)
Ext2::alloc_block SLOW: 231 ticks (read bitmap: 231, write metadata: 0)
Ext2::alloc_block SLOW: 229 ticks (read bitmap: 229, write metadata: 0)
Ext2::alloc_block SLOW: 307 ticks (read bitmap: 307, write metadata: 0)
Ext2::alloc_block SLOW: 244 ticks (read bitmap: 244, write metadata: 0)
Ext2::alloc_block SLOW: 247 ticks (read bitmap: 247, write metadata: 0)
Ext2::alloc_block SLOW: 98 ticks (read bitmap: 98, write metadata: 0)
Ext2::alloc_block SLOW: 227 ticks (read bitmap: 227, write metadata: 0)
Ext2::alloc_block SLOW: 332 ticks (read bitmap: 332, write metadata: 0)
Ext2::alloc_block SLOW: 244 ticks (read bitmap: 244, write metadata: 0)
Ext2::alloc_block SLOW: 268 ticks (read bitmap: 268, write metadata: 0)
Ext2::alloc_block SLOW: 362 ticks (read bitmap: 362, write metadata: 0)
Ext2::alloc_block SLOW: 231 ticks (read bitmap: 231, write metadata: 0)
Ext2::alloc_block SLOW: 228 ticks (read bitmap: 228, write metadata: 0)
Ext2::alloc_block SLOW: 238 ticks (read bitmap: 238, write metadata: 0)
Ext2::alloc_block SLOW: 236 ticks (read bitmap: 236, write metadata: 0)
Ext2::alloc_block SLOW: 232 ticks (read bitmap: 232, write metadata: 0)
Ext2::alloc_block SLOW: 221 ticks (read bitmap: 221, write metadata: 0)
Ext2::alloc_block SLOW: 249 ticks (read bitmap: 249, write metadata: 0)
Ext2::alloc_block SLOW: 238 ticks (read bitmap: 238, write metadata: 0)
Ext2::alloc_block SLOW: 232 ticks (read bitmap: 232, write metadata: 0)
Ext2::alloc_block SLOW: 231 ticks (read bitmap: 231, write metadata: 0)
Ext2::alloc_block SLOW: 231 ticks (read bitmap: 231, write metadata: 0)
Ext2::alloc_block SLOW: 316 ticks (read bitmap: 316, write metadata: 0)
Ext2::alloc_block SLOW: 226 ticks (read bitmap: 226, write metadata: 0)
Ext2::alloc_block SLOW: 296 ticks (read bitmap: 296, write metadata: 0)
Ext2::alloc_block SLOW: 241 ticks (read bitmap: 241, write metadata: 0)
Ext2::alloc_block SLOW: 276 ticks (read bitmap: 276, write metadata: 0)
Ext2::alloc_block SLOW: 98 ticks (read bitmap: 98, write metadata: 0)
Ext2::alloc_block SLOW: 357 ticks (read bitmap: 357, write metadata: 0)
Ext2::alloc_block SLOW: 272 ticks (read bitmap: 272, write metadata: 0)
Ext2::alloc_block SLOW: 233 ticks (read bitmap: 233, write metadata: 0)
Ext2::alloc_block SLOW: 289 ticks (read bitmap: 289, write metadata: 0)
Ext2::alloc_block SLOW: 236 ticks (read bitmap: 236, write metadata: 0)
Ext2::alloc_block SLOW: 234 ticks (read bitmap: 234, write metadata: 0)
Ext2::alloc_block SLOW: 236 ticks (read bitmap: 236, write metadata: 0)
Ext2::alloc_block SLOW: 242 ticks (read bitmap: 242, write metadata: 0)
Ext2::alloc_block SLOW: 235 ticks (read bitmap: 235, write metadata: 0)
Ext2::alloc_block SLOW: 511 ticks (read bitmap: 511, write metadata: 0)
Ext2::alloc_block SLOW: 85 ticks (read bitmap: 85, write metadata: 0)
Ext2::alloc_block SLOW: 56 ticks (read bitmap: 56, write metadata: 0)
Ext2::alloc_block SLOW: 60 ticks (read bitmap: 60, write metadata: 0)
Ext2::alloc_block SLOW: 90 ticks (read bitmap: 90, write metadata: 0)
Ext2::alloc_block SLOW: 79 ticks (read bitmap: 79, write metadata: 0)
Ext2::alloc_block SLOW: 74 ticks (read bitmap: 74, write metadata: 0)
Ext2::alloc_block SLOW: 80 ticks (read bitmap: 80, write metadata: 0)
Ext2::alloc_block SLOW: 91 ticks (read bitmap: 91, write metadata: 0)
Ext2::alloc_block SLOW: 141 ticks (read bitmap: 141, write metadata: 0)
Ext2::alloc_block SLOW: 372 ticks (read bitmap: 372, write metadata: 0)
Ext2::alloc_block SLOW: 100 ticks (read bitmap: 100, write metadata: 0)
Ext2::alloc_block SLOW: 140 ticks (read bitmap: 140, write metadata: 0)
Ext2::alloc_block SLOW: 272 ticks (read bitmap: 272, write metadata: 0)
Ext2::alloc_block SLOW: 277 ticks (read bitmap: 277, write metadata: 0)
Ext2::alloc_block SLOW: 765 ticks (read bitmap: 765, write metadata: 0)
Ext2::alloc_block SLOW: 925 ticks (read bitmap: 925, write metadata: 0)
Ext2::alloc_block SLOW: 260 ticks (read bitmap: 260, write metadata: 0)
Ext2::alloc_block SLOW: 447 ticks (read bitmap: 447, write metadata: 0)
Ext2::alloc_block SLOW: 548 ticks (read bitmap: 548, write metadata: 0)
Ext2::alloc_block SLOW: 222 ticks (read bitmap: 222, write metadata: 0)
Ext2::alloc_block SLOW: 449 ticks (read bitmap: 449, write metadata: 0)
Ext2::alloc_block SLOW: 305 ticks (read bitmap: 305, write metadata: 0)
Ext2::alloc_block SLOW: 481 ticks (read bitmap: 481, write metadata: 0)
Ext2::alloc_block SLOW: 517 ticks (read bitmap: 517, write metadata: 0)
Ext2::alloc_block SLOW: 482 ticks (read bitmap: 482, write metadata: 0)
Ext2::alloc_block SLOW: 556 ticks (read bitmap: 556, write metadata: 0)
Ext2::alloc_block SLOW: 523 ticks (read bitmap: 523, write metadata: 0)
Ext2::alloc_block SLOW: 199 ticks (read bitmap: 199, write metadata: 0)
Ext2::alloc_block SLOW: 398 ticks (read bitmap: 398, write metadata: 0)
Ext2::alloc_block SLOW: 408 ticks (read bitmap: 408, write metadata: 0)
Ext2::alloc_block SLOW: 462 ticks (read bitmap: 462, write metadata: 0)
Ext2::alloc_block SLOW: 513 ticks (read bitmap: 513, write metadata: 0)
Ext2::alloc_block SLOW: 455 ticks (read bitmap: 455, write metadata: 0)
Ext2::alloc_block SLOW: 475 ticks (read bitmap: 475, write metadata: 0)
Ext2::alloc_block SLOW: 397 ticks (read bitmap: 397, write metadata: 0)
Ext2::alloc_block SLOW: 440 ticks (read bitmap: 440, write metadata: 0)
Ext2::alloc_block SLOW: 447 ticks (read bitmap: 447, write metadata: 0)
Ext2::alloc_block SLOW: 267 ticks (read bitmap: 267, write metadata: 0)
Ext2::alloc_block SLOW: 126 ticks (read bitmap: 126, write metadata: 0)
Ext2::alloc_block SLOW: 429 ticks (read bitmap: 429, write metadata: 0)
Ext2::alloc_block SLOW: 475 ticks (read bitmap: 475, write metadata: 0)
Ext2::alloc_block SLOW: 536 ticks (read bitmap: 536, write metadata: 0)
Ext2::alloc_block SLOW: 441 ticks (read bitmap: 441, write metadata: 0)
Ext2::alloc_block SLOW: 529 ticks (read bitmap: 529, write metadata: 0)
Ext2::alloc_block SLOW: 452 ticks (read bitmap: 452, write metadata: 0)
Ext2::alloc_block SLOW: 421 ticks (read bitmap: 421, write metadata: 0)
Ext2::alloc_block SLOW: 397 ticks (read bitmap: 397, write metadata: 0)
Ext2::alloc_block SLOW: 493 ticks (read bitmap: 493, write metadata: 0)
Ext2::alloc_block SLOW: 306 ticks (read bitmap: 306, write metadata: 0)
Ext2::alloc_block SLOW: 503 ticks (read bitmap: 503, write metadata: 0)
Ext2::alloc_block SLOW: 526 ticks (read bitmap: 526, write metadata: 0)
Ext2::alloc_block SLOW: 649 ticks (read bitmap: 649, write metadata: 0)
Ext2::alloc_block SLOW: 630 ticks (read bitmap: 630, write metadata: 0)
Ext2::alloc_block SLOW: 806 ticks (read bitmap: 806, write metadata: 0)
Ext2::alloc_block SLOW: 585 ticks (read bitmap: 585, write metadata: 0)
Ext2::alloc_block SLOW: 498 ticks (read bitmap: 498, write metadata: 0)
Ext2::alloc_block SLOW: 556 ticks (read bitmap: 556, write metadata: 0)
Ext2::alloc_block SLOW: 345 ticks (read bitmap: 345, write metadata: 0)
Ext2::alloc_block SLOW: 624 ticks (read bitmap: 624, write metadata: 0)
Ext2::alloc_block SLOW: 652 ticks (read bitmap: 652, write metadata: 0)
Ext2::alloc_block SLOW: 638 ticks (read bitmap: 638, write metadata: 0)
Ext2::alloc_block SLOW: 579 ticks (read bitmap: 579, write metadata: 0)
Ext2::alloc_block SLOW: 688 ticks (read bitmap: 688, write metadata: 0)
Ext2::alloc_block SLOW: 537 ticks (read bitmap: 537, write metadata: 0)
Ext2::alloc_block SLOW: 595 ticks (read bitmap: 595, write metadata: 0)
Ext2::alloc_block SLOW: 609 ticks (read bitmap: 609, write metadata: 0)
Ext2::alloc_block SLOW: 411 ticks (read bitmap: 411, write metadata: 0)
Ext2::alloc_block SLOW: 598 ticks (read bitmap: 598, write metadata: 0)
Ext2::alloc_block SLOW: 652 ticks (read bitmap: 652, write metadata: 0)
Ext2::alloc_block SLOW: 600 ticks (read bitmap: 600, write metadata: 0)
Ext2::alloc_block SLOW: 603 ticks (read bitmap: 603, write metadata: 0)
Ext2::alloc_block SLOW: 642 ticks (read bitmap: 642, write metadata: 0)
Ext2::alloc_block SLOW: 407 ticks (read bitmap: 407, write metadata: 0)
Ext2::alloc_block SLOW: 829 ticks (read bitmap: 829, write metadata: 0)
Ext2::alloc_block SLOW: 737 ticks (read bitmap: 737, write metadata: 0)
Ext2::alloc_block SLOW: 517 ticks (read bitmap: 517, write metadata: 0)
Ext2::alloc_block SLOW: 255 ticks (read bitmap: 255, write metadata: 0)
Ext2::alloc_block SLOW: 744 ticks (read bitmap: 744, write metadata: 0)
Ext2::alloc_block SLOW: 636 ticks (read bitmap: 636, write metadata: 0)
Ext2::alloc_block SLOW: 640 ticks (read bitmap: 640, write metadata: 0)
Ext2::alloc_block SLOW: 688 ticks (read bitmap: 688, write metadata: 0)
Ext2::alloc_block SLOW: 826 ticks (read bitmap: 826, write metadata: 0)
Ext2::alloc_block SLOW: 669 ticks (read bitmap: 669, write metadata: 0)
Ext2::alloc_block SLOW: 507 ticks (read bitmap: 507, write metadata: 0)
Ext2::alloc_block SLOW: 417 ticks (read bitmap: 417, write metadata: 0)
Ext2::alloc_block SLOW: 467 ticks (read bitmap: 467, write metadata: 0)
Ext2::alloc_block SLOW: 700 ticks (read bitmap: 700, write metadata: 0)
Ext2::alloc_block SLOW: 703 ticks (read bitmap: 703, write metadata: 0)
Ext2::alloc_block SLOW: 378 ticks (read bitmap: 378, write metadata: 0)
Ext2::alloc_block SLOW: 352 ticks (read bitmap: 352, write metadata: 0)
Ext2::alloc_block SLOW: 231 ticks (read bitmap: 231, write metadata: 0)
Ext2::alloc_block SLOW: 304 ticks (read bitmap: 304, write metadata: 0)
Ext2::alloc_block SLOW: 304 ticks (read bitmap: 304, write metadata: 0)
Ext2::alloc_block SLOW: 251 ticks (read bitmap: 251, write metadata: 0)
Ext2::alloc_block SLOW: 202 ticks (read bitmap: 202, write metadata: 0)
Ext2::alloc_block SLOW: 315 ticks (read bitmap: 315, write metadata: 0)
Ext2::alloc_block SLOW: 115 ticks (read bitmap: 115, write metadata: 0)
Ext2::alloc_block SLOW: 298 ticks (read bitmap: 298, write metadata: 0)
Ext2::alloc_block SLOW: 454 ticks (read bitmap: 454, write metadata: 0)
Ext2::alloc_block SLOW: 315 ticks (read bitmap: 315, write metadata: 0)
Ext2::alloc_block SLOW: 307 ticks (read bitmap: 307, write metadata: 0)
Ext2::alloc_block SLOW: 340 ticks (read bitmap: 340, write metadata: 0)
Ext2::alloc_block SLOW: 260 ticks (read bitmap: 260, write metadata: 0)
Ext2::alloc_block SLOW: 355 ticks (read bitmap: 355, write metadata: 0)
Ext2::alloc_block SLOW: 300 ticks (read bitmap: 300, write metadata: 0)
Ext2::alloc_block SLOW: 760 ticks (read bitmap: 760, write metadata: 0)
Ext2::alloc_block SLOW: 329 ticks (read bitmap: 329, write metadata: 0)
Ext2::alloc_block SLOW: 792 ticks (read bitmap: 792, write metadata: 0)
Ext2::alloc_block SLOW: 721 ticks (read bitmap: 721, write metadata: 0)
Ext2::alloc_block SLOW: 540 ticks (read bitmap: 540, write metadata: 0)
Ext2::alloc_block SLOW: 270 ticks (read bitmap: 270, write metadata: 0)
Ext2::alloc_block SLOW: 314 ticks (read bitmap: 314, write metadata: 0)
Ext2::alloc_block SLOW: 381 ticks (read bitmap: 381, write metadata: 0)
Ext2::alloc_block SLOW: 735 ticks (read bitmap: 735, write metadata: 0)
Ext2::alloc_block SLOW: 776 ticks (read bitmap: 776, write metadata: 0)
Ext2::alloc_block SLOW: 481 ticks (read bitmap: 481, write metadata: 0)
Ext2::alloc_block SLOW: 716 ticks (read bitmap: 716, write metadata: 0)
Ext2::alloc_block SLOW: 453 ticks (read bitmap: 453, write metadata: 0)
Ext2::alloc_block SLOW: 544 ticks (read bitmap: 544, write metadata: 0)
Ext2::alloc_block SLOW: 552 ticks (read bitmap: 552, write metadata: 0)
Ext2::alloc_block SLOW: 331 ticks (read bitmap: 331, write metadata: 0)
Ext2::alloc_block SLOW: 395 ticks (read bitmap: 395, write metadata: 0)
Ext2::alloc_block SLOW: 484 ticks (read bitmap: 484, write metadata: 0)
Ext2::alloc_block SLOW: 499 ticks (read bitmap: 499, write metadata: 0)
Ext2::alloc_block SLOW: 513 ticks (read bitmap: 513, write metadata: 0)
Ext2::alloc_block SLOW: 570 ticks (read bitmap: 570, write metadata: 0)
Ext2::alloc_block SLOW: 853 ticks (read bitmap: 853, write metadata: 0)
Ext2::alloc_block SLOW: 831 ticks (read bitmap: 831, write metadata: 0)
Ext2::alloc_block SLOW: 788 ticks (read bitmap: 788, write metadata: 0)
Ext2::alloc_block SLOW: 615 ticks (read bitmap: 615, write metadata: 0)
Ext2::alloc_block SLOW: 634 ticks (read bitmap: 634, write metadata: 0)
Ext2::alloc_block SLOW: 662 ticks (read bitmap: 662, write metadata: 0)
Ext2::alloc_block SLOW: 727 ticks (read bitmap: 727, write metadata: 0)
Ext2::alloc_block SLOW: 792 ticks (read bitmap: 792, write metadata: 0)
Ext2::alloc_block SLOW: 467 ticks (read bitmap: 467, write metadata: 0)
Ext2::alloc_block SLOW: 655 ticks (read bitmap: 655, write metadata: 0)
Ext2::alloc_block SLOW: 763 ticks (read bitmap: 763, write metadata: 0)
Ext2::alloc_block SLOW: 662 ticks (read bitmap: 662, write metadata: 0)
Ext2::alloc_block SLOW: 657 ticks (read bitmap: 657, write metadata: 0)
Ext2::alloc_block SLOW: 545 ticks (read bitmap: 545, write metadata: 0)
Ext2::alloc_block SLOW: 597 ticks (read bitmap: 597, write metadata: 0)
Ext2::alloc_block SLOW: 718 ticks (read bitmap: 718, write metadata: 0)
Ext2::alloc_block SLOW: 754 ticks (read bitmap: 754, write metadata: 0)
Ext2::alloc_block SLOW: 732 ticks (read bitmap: 732, write metadata: 0)
Ext2::alloc_block SLOW: 619 ticks (read bitmap: 619, write metadata: 0)
Ext2::alloc_block SLOW: 762 ticks (read bitmap: 762, write metadata: 0)
Ext2::alloc_block SLOW: 697 ticks (read bitmap: 697, write metadata: 0)
Ext2::alloc_block SLOW: 592 ticks (read bitmap: 592, write metadata: 0)
Ext2::alloc_block SLOW: 874 ticks (read bitmap: 874, write metadata: 0)
Ext2::alloc_block SLOW: 794 ticks (read bitmap: 794, write metadata: 0)
Ext2::alloc_block SLOW: 636 ticks (read bitmap: 636, write metadata: 0)
Ext2::alloc_block SLOW: 704 ticks (read bitmap: 704, write metadata: 0)
Ext2::alloc_block SLOW: 265 ticks (read bitmap: 265, write metadata: 0)
Ext2::alloc_block SLOW: 371 ticks (read bitmap: 371, write metadata: 0)
Ext2::alloc_block SLOW: 717 ticks (read bitmap: 717, write metadata: 0)
Ext2::alloc_block SLOW: 771 ticks (read bitmap: 771, write metadata: 0)
Ext2::alloc_block SLOW: 647 ticks (read bitmap: 647, write metadata: 0)
Ext2::alloc_block SLOW: 697 ticks (read bitmap: 697, write metadata: 0)
Ext2::alloc_block SLOW: 601 ticks (read bitmap: 601, write metadata: 0)
Ext2::alloc_block SLOW: 420 ticks (read bitmap: 420, write metadata: 0)
Ext2::alloc_block SLOW: 443 ticks (read bitmap: 443, write metadata: 0)
Ext2::alloc_block SLOW: 477 ticks (read bitmap: 477, write metadata: 0)
Ext2::alloc_block SLOW: 506 ticks (read bitmap: 506, write metadata: 0)
Ext2::alloc_block SLOW: 522 ticks (read bitmap: 522, write metadata: 0)
Ext2::alloc_block SLOW: 639 ticks (read bitmap: 639, write metadata: 0)
Ext2::alloc_block SLOW: 725 ticks (read bitmap: 725, write metadata: 0)
Ext2::alloc_block SLOW: 749 ticks (read bitmap: 749, write metadata: 0)
Ext2::alloc_block SLOW: 668 ticks (read bitmap: 668, write metadata: 0)
Ext2::alloc_block SLOW: 696 ticks (read bitmap: 696, write metadata: 0)
Ext2::alloc_block SLOW: 935 ticks (read bitmap: 935, write metadata: 0)
Ext2::alloc_block SLOW: 751 ticks (read bitmap: 751, write metadata: 0)
Ext2::alloc_block SLOW: 815 ticks (read bitmap: 815, write metadata: 0)
Ext2::alloc_block SLOW: 734 ticks (read bitmap: 734, write metadata: 0)
Ext2::alloc_block SLOW: 703 ticks (read bitmap: 703, write metadata: 0)
Ext2::alloc_block SLOW: 704 ticks (read bitmap: 704, write metadata: 0)
Ext2::alloc_block SLOW: 650 ticks (read bitmap: 650, write metadata: 0)
Ext2::alloc_block SLOW: 142 ticks (read bitmap: 142, write metadata: 0)
Ext2::alloc_block SLOW: 237 ticks (read bitmap: 237, write metadata: 0)
Ext2::alloc_block SLOW: 249 ticks (read bitmap: 249, write metadata: 0)
Ext2::alloc_block SLOW: 285 ticks (read bitmap: 285, write metadata: 0)
Ext2::alloc_block SLOW: 334 ticks (read bitmap: 334, write metadata: 0)
Ext2::alloc_block SLOW: 352 ticks (read bitmap: 352, write metadata: 0)
Ext2::alloc_block SLOW: 282 ticks (read bitmap: 282, write metadata: 0)
Ext2::alloc_block SLOW: 319 ticks (read bitmap: 319, write metadata: 0)
Ext2::alloc_block SLOW: 341 ticks (read bitmap: 341, write metadata: 0)
Ext2::alloc_block SLOW: 244 ticks (read bitmap: 244, write metadata: 0)
Ext2::alloc_block SLOW: 401 ticks (read bitmap: 401, write metadata: 0)
Ext2::alloc_block SLOW: 319 ticks (read bitmap: 319, write metadata: 0)
Ext2::alloc_block SLOW: 337 ticks (read bitmap: 337, write metadata: 0)
Ext2::alloc_block SLOW: 315 ticks (read bitmap: 315, write metadata: 0)
Ext2::alloc_block SLOW: 626 ticks (read bitmap: 626, write metadata: 0)
Ext2::alloc_block SLOW: 354 ticks (read bitmap: 354, write metadata: 0)
Ext2::alloc_block SLOW: 284 ticks (read bitmap: 284, write metadata: 0)
Ext2::alloc_block SLOW: 596 ticks (read bitmap: 596, write metadata: 0)
Ext2::alloc_block SLOW: 692 ticks (read bitmap: 692, write metadata: 0)
Ext2::alloc_block SLOW: 672 ticks (read bitmap: 672, write metadata: 0)
Ext2::alloc_block SLOW: 630 ticks (read bitmap: 630, write metadata: 0)
Ext2::alloc_block SLOW: 549 ticks (read bitmap: 549, write metadata: 0)
Ext2::alloc_block SLOW: 632 ticks (read bitmap: 632, write metadata: 0)
Ext2::alloc_block SLOW: 510 ticks (read bitmap: 510, write metadata: 0)
Ext2::alloc_block SLOW: 605 ticks (read bitmap: 605, write metadata: 0)
Ext2::alloc_block SLOW: 104 ticks (read bitmap: 104, write metadata: 0)
Ext2::alloc_block SLOW: 385 ticks (read bitmap: 385, write metadata: 0)
Ext2::alloc_block SLOW: 93 ticks (read bitmap: 93, write metadata: 0)
Ext2::alloc_block SLOW: 324 ticks (read bitmap: 324, write metadata: 0)
Ext2::alloc_block SLOW: 362 ticks (read bitmap: 362, write metadata: 0)
Ext2::alloc_block SLOW: 395 ticks (read bitmap: 395, write metadata: 0)
Ext2::alloc_block SLOW: 97 ticks (read bitmap: 97, write metadata: 0)
Ext2::alloc_block SLOW: 48 ticks (read bitmap: 48, write metadata: 0)
Ext2::alloc_block SLOW: 55 ticks (read bitmap: 55, write metadata: 0)
Ext2::alloc_block SLOW: 60 ticks (read bitmap: 60, write metadata: 0)
Ext2::alloc_block SLOW: 73 ticks (read bitmap: 73, write metadata: 0)
Ext2::alloc_block SLOW: 50 ticks (read bitmap: 50, write metadata: 0)
Ext2::alloc_block SLOW: 59 ticks (read bitmap: 59, write metadata: 0)
Ext2::alloc_block SLOW: 73 ticks (read bitmap: 73, write metadata: 0)
Ext2::alloc_block SLOW: 61 ticks (read bitmap: 61, write metadata: 0)
Ext2::alloc_block SLOW: 63 ticks (read bitmap: 63, write metadata: 0)
Ext2::alloc_block SLOW: 501 ticks (read bitmap: 501, write metadata: 0)
Ext2::alloc_block SLOW: 393 ticks (read bitmap: 393, write metadata: 0)
Ext2::alloc_block SLOW: 330 ticks (read bitmap: 330, write metadata: 0)
Ext2::alloc_block SLOW: 252 ticks (read bitmap: 252, write metadata: 0)
Ext2::alloc_block SLOW: 356 ticks (read bitmap: 356, write metadata: 0)
Ext2::alloc_block SLOW: 362 ticks (read bitmap: 362, write metadata: 0)
Ext2::alloc_block SLOW: 261 ticks (read bitmap: 261, write metadata: 0)
Ext2::alloc_block SLOW: 141 ticks (read bitmap: 141, write metadata: 0)
Ext2::alloc_block SLOW: 356 ticks (read bitmap: 356, write metadata: 0)
Ext2::alloc_block SLOW: 286 ticks (read bitmap: 286, write metadata: 0)
Ext2::alloc_block SLOW: 346 ticks (read bitmap: 346, write metadata: 0)
Ext2::alloc_block SLOW: 257 ticks (read bitmap: 257, write metadata: 0)
Ext2::alloc_block SLOW: 250 ticks (read bitmap: 250, write metadata: 0)
Ext2::alloc_block SLOW: 320 ticks (read bitmap: 320, write metadata: 0)
Ext2::alloc_block SLOW: 519 ticks (read bitmap: 519, write metadata: 0)
Ext2::alloc_block SLOW: 492 ticks (read bitmap: 492, write metadata: 0)
Ext2::alloc_block SLOW: 454 ticks (read bitmap: 454, write metadata: 0)
Ext2::alloc_block SLOW: 473 ticks (read bitmap: 473, write metadata: 0)
Ext2::alloc_block SLOW: 456 ticks (read bitmap: 456, write metadata: 0)
Ext2::alloc_block SLOW: 527 ticks (read bitmap: 527, write metadata: 0)
Ext2::alloc_block SLOW: 649 ticks (read bitmap: 649, write metadata: 0)
Ext2::alloc_block SLOW: 418 ticks (read bitmap: 418, write metadata: 0)
Ext2::alloc_block SLOW: 126 ticks (read bitmap: 126, write metadata: 0)
Ext2::alloc_block SLOW: 249 ticks (read bitmap: 249, write metadata: 0)
Ext2::alloc_block SLOW: 289 ticks (read bitmap: 289, write metadata: 0)
Ext2::alloc_block SLOW: 277 ticks (read bitmap: 277, write metadata: 0)
Ext2::alloc_block SLOW: 237 ticks (read bitmap: 237, write metadata: 0)
Ext2::alloc_block SLOW: 237 ticks (read bitmap: 237, write metadata: 0)
Ext2::alloc_block SLOW: 129 ticks (read bitmap: 129, write metadata: 0)
Ext2::alloc_block SLOW: 318 ticks (read bitmap: 318, write metadata: 0)
Ext2::alloc_block SLOW: 245 ticks (read bitmap: 245, write metadata: 0)
Ext2::alloc_block SLOW: 235 ticks (read bitmap: 235, write metadata: 0)
Ext2::alloc_block SLOW: 241 ticks (read bitmap: 241, write metadata: 0)
Ext2::alloc_block SLOW: 322 ticks (read bitmap: 322, write metadata: 0)
Ext2::alloc_block SLOW: 241 ticks (read bitmap: 241, write metadata: 0)
Ext2::alloc_block SLOW: 325 ticks (read bitmap: 325, write metadata: 0)
Ext2::alloc_block SLOW: 279 ticks (read bitmap: 279, write metadata: 0)
Ext2::alloc_block SLOW: 238 ticks (read bitmap: 238, write metadata: 0)
Ext2::alloc_block SLOW: 107 ticks (read bitmap: 107, write metadata: 0)
Ext2::alloc_block SLOW: 299 ticks (read bitmap: 299, write metadata: 0)
Ext2::alloc_block SLOW: 297 ticks (read bitmap: 297, write metadata: 0)
Ext2::alloc_block SLOW: 255 ticks (read bitmap: 255, write metadata: 0)
Ext2::alloc_block SLOW: 322 ticks (read bitmap: 322, write metadata: 0)
Ext2::alloc_block SLOW: 235 ticks (read bitmap: 235, write metadata: 0)
Ext2::alloc_block SLOW: 243 ticks (read bitmap: 243, write metadata: 0)
Ext2::alloc_block SLOW: 249 ticks (read bitmap: 249, write metadata: 0)
Ext2::alloc_block SLOW: 236 ticks (read bitmap: 236, write metadata: 0)
Ext2::alloc_block SLOW: 233 ticks (read bitmap: 233, write metadata: 0)
Ext2::alloc_block SLOW: 325 ticks (read bitmap: 325, write metadata: 0)
Ext2::alloc_block SLOW: 123 ticks (read bitmap: 123, write metadata: 0)
Ext2::alloc_block SLOW: 82 ticks (read bitmap: 82, write metadata: 0)
Ext2::alloc_block SLOW: 243 ticks (read bitmap: 243, write metadata: 0)
Ext2::alloc_block SLOW: 247 ticks (read bitmap: 247, write metadata: 0)
Ext2::alloc_block SLOW: 237 ticks (read bitmap: 237, write metadata: 0)
Ext2::alloc_block SLOW: 236 ticks (read bitmap: 236, write metadata: 0)
Ext2::alloc_block SLOW: 248 ticks (read bitmap: 248, write metadata: 0)
Ext2::alloc_block SLOW: 237 ticks (read bitmap: 237, write metadata: 0)
Ext2::alloc_block SLOW: 126 ticks (read bitmap: 126, write metadata: 0)
Ext2::alloc_block SLOW: 215 ticks (read bitmap: 215, write metadata: 0)
Ext2::alloc_block SLOW: 237 ticks (read bitmap: 237, write metadata: 0)
Ext2::alloc_block SLOW: 241 ticks (read bitmap: 241, write metadata: 0)
Ext2::alloc_block SLOW: 351 ticks (read bitmap: 351, write metadata: 0)
Ext2::alloc_block SLOW: 407 ticks (read bitmap: 407, write metadata: 0)
Ext2::alloc_block SLOW: 235 ticks (read bitmap: 235, write metadata: 0)
Ext2::alloc_block SLOW: 132 ticks (read bitmap: 132, write metadata: 0)
Ext2::alloc_block SLOW: 261 ticks (read bitmap: 261, write metadata: 0)
Ext2::alloc_block SLOW: 144 ticks (read bitmap: 144, write metadata: 0)
Ext2::alloc_block SLOW: 79 ticks (read bitmap: 79, write metadata: 0)
Ext2::alloc_block SLOW: 70 ticks (read bitmap: 70, write metadata: 0)
Ext2::alloc_block SLOW: 79 ticks (read bitmap: 79, write metadata: 0)
Ext2::alloc_block SLOW: 57 ticks (read bitmap: 57, write metadata: 0)
Ext2::alloc_block SLOW: 57 ticks (read bitmap: 57, write metadata: 0)
Ext2::alloc_block SLOW: 53 ticks (read bitmap: 53, write metadata: 0)
Ext2::alloc_block SLOW: 73 ticks (read bitmap: 73, write metadata: 0)
Ext2::alloc_block SLOW: 63 ticks (read bitmap: 63, write metadata: 0)
Ext2::alloc_block SLOW: 61 ticks (read bitmap: 61, write metadata: 0)
Ext2::alloc_block SLOW: 70 ticks (read bitmap: 70, write metadata: 0)
Ext2::alloc_block SLOW: 57 ticks (read bitmap: 57, write metadata: 0)
Ext2::alloc_block SLOW: 64 ticks (read bitmap: 64, write metadata: 0)
Ext2::alloc_block SLOW: 54 ticks (read bitmap: 54, write metadata: 0)
Ext2::alloc_block SLOW: 69 ticks (read bitmap: 69, write metadata: 0)
Ext2::alloc_block SLOW: 51 ticks (read bitmap: 51, write metadata: 0)
Ext2::alloc_block SLOW: 48 ticks (read bitmap: 48, write metadata: 0)
Ext2::alloc_block SLOW: 76 ticks (read bitmap: 76, write metadata: 0)
Ext2::alloc_block SLOW: 54 ticks (read bitmap: 54, write metadata: 0)
Ext2::alloc_block SLOW: 73 ticks (read bitmap: 73, write metadata: 0)
Ext2::alloc_block SLOW: 67 ticks (read bitmap: 67, write metadata: 0)
Ext2::alloc_block SLOW: 76 ticks (read bitmap: 76, write metadata: 0)
Ext2::alloc_block SLOW: 75 ticks (read bitmap: 75, write metadata: 0)
Ext2::alloc_block SLOW: 52 ticks (read bitmap: 52, write metadata: 0)
Ext2::alloc_block SLOW: 57 ticks (read bitmap: 57, write metadata: 0)
Ext2::alloc_block SLOW: 61 ticks (read bitmap: 61, write metadata: 0)
Ext2::alloc_block SLOW: 65 ticks (read bitmap: 65, write metadata: 0)
Ext2::alloc_block SLOW: 70 ticks (read bitmap: 70, write metadata: 0)
Ext2::alloc_block SLOW: 61 ticks (read bitmap: 61, write metadata: 0)
Ext2::alloc_block SLOW: 106 ticks (read bitmap: 106, write metadata: 0)
Ext2::alloc_block SLOW: 56 ticks (read bitmap: 56, write metadata: 0)
Ext2::alloc_block SLOW: 70 ticks (read bitmap: 70, write metadata: 0)
Ext2::alloc_block SLOW: 63 ticks (read bitmap: 63, write metadata: 0)
Ext2::alloc_block SLOW: 58 ticks (read bitmap: 58, write metadata: 0)
Ext2::alloc_block SLOW: 72 ticks (read bitmap: 72, write metadata: 0)
Ext2::alloc_block SLOW: 387 ticks (read bitmap: 387, write metadata: 0)
Ext2::alloc_block SLOW: 188 ticks (read bitmap: 188, write metadata: 0)
Ext2::alloc_block SLOW: 261 ticks (read bitmap: 261, write metadata: 0)
Ext2::alloc_block SLOW: 298 ticks (read bitmap: 298, write metadata: 0)
Ext2::alloc_block SLOW: 268 ticks (read bitmap: 268, write metadata: 0)
Ext2::alloc_block SLOW: 262 ticks (read bitmap: 262, write metadata: 0)
Ext2::alloc_block SLOW: 102 ticks (read bitmap: 102, write metadata: 0)
Ext2::alloc_block SLOW: 61 ticks (read bitmap: 61, write metadata: 0)
Ext2::alloc_block SLOW: 57 ticks (read bitmap: 57, write metadata: 0)
Ext2::alloc_block SLOW: 70 ticks (read bitmap: 70, write metadata: 0)
Ext2::alloc_block SLOW: 60 ticks (read bitmap: 60, write metadata: 0)
Ext2::alloc_block SLOW: 81 ticks (read bitmap: 81, write metadata: 0)
Ext2::alloc_block SLOW: 47 ticks (read bitmap: 47, write metadata: 0)
Ext2::alloc_block SLOW: 62 ticks (read bitmap: 62, write metadata: 0)
Ext2::alloc_block SLOW: 53 ticks (read bitmap: 53, write metadata: 0)
Ext2::alloc_block SLOW: 555 ticks (read bitmap: 555, write metadata: 0)
Ext2::alloc_block SLOW: 790 ticks (read bitmap: 790, write metadata: 0)
Ext2::alloc_block SLOW: 662 ticks (read bitmap: 662, write metadata: 0)
Ext2::alloc_block SLOW: 614 ticks (read bitmap: 614, write metadata: 0)
Ext2::alloc_block SLOW: 619 ticks (read bitmap: 619, write metadata: 0)
Ext2::alloc_block SLOW: 459 ticks (read bitmap: 459, write metadata: 0)
Ext2::alloc_block SLOW: 543 ticks (read bitmap: 543, write metadata: 0)
Ext2::alloc_block SLOW: 294 ticks (read bitmap: 294, write metadata: 0)
Ext2::alloc_block SLOW: 663 ticks (read bitmap: 663, write metadata: 0)
Ext2::alloc_block SLOW: 685 ticks (read bitmap: 685, write metadata: 0)
Ext2::alloc_block SLOW: 769 ticks (read bitmap: 769, write metadata: 0)
Ext2::alloc_block SLOW: 681 ticks (read bitmap: 681, write metadata: 0)
Ext2::alloc_block SLOW: 677 ticks (read bitmap: 677, write metadata: 0)
Ext2::alloc_block SLOW: 710 ticks (read bitmap: 710, write metadata: 0)
Ext2::alloc_block SLOW: 451 ticks (read bitmap: 451, write metadata: 0)
Ext2::alloc_block SLOW: 711 ticks (read bitmap: 711, write metadata: 0)
Ext2::alloc_block SLOW: 706 ticks (read bitmap: 706, write metadata: 0)
Ext2::alloc_block SLOW: 285 ticks (read bitmap: 285, write metadata: 0)
Ext2::alloc_block SLOW: 254 ticks (read bitmap: 254, write metadata: 0)
Ext2::alloc_block SLOW: 217 ticks (read bitmap: 217, write metadata: 0)
Ext2::alloc_block SLOW: 72 ticks (read bitmap: 72, write metadata: 0)
Ext2::alloc_block SLOW: 247 ticks (read bitmap: 247, write metadata: 0)
Ext2::alloc_block SLOW: 331 ticks (read bitmap: 331, write metadata: 0)
Ext2::alloc_block SLOW: 69 ticks (read bitmap: 69, write metadata: 0)
Ext2::alloc_block SLOW: 382 ticks (read bitmap: 382, write metadata: 0)
Ext2::alloc_block SLOW: 307 ticks (read bitmap: 307, write metadata: 0)
Ext2::alloc_block SLOW: 385 ticks (read bitmap: 385, write metadata: 0)
Ext2::alloc_block SLOW: 338 ticks (read bitmap: 338, write metadata: 0)
Ext2::alloc_block SLOW: 362 ticks (read bitmap: 362, write metadata: 0)
Ext2::alloc_block SLOW: 357 ticks (read bitmap: 357, write metadata: 0)
Ext2::alloc_block SLOW: 384 ticks (read bitmap: 384, write metadata: 0)
Ext2::alloc_block SLOW: 295 ticks (read bitmap: 295, write metadata: 0)
Ext2::alloc_block SLOW: 264 ticks (read bitmap: 264, write metadata: 0)
Ext2::alloc_block SLOW: 211 ticks (read bitmap: 211, write metadata: 0)
Ext2::alloc_block SLOW: 222 ticks (read bitmap: 222, write metadata: 0)
Ext2::alloc_block SLOW: 75 ticks (read bitmap: 75, write metadata: 0)
Ext2::alloc_block SLOW: 451 ticks (read bitmap: 451, write metadata: 0)
Ext2::alloc_block SLOW: 307 ticks (read bitmap: 307, write metadata: 0)
Ext2::alloc_block SLOW: 301 ticks (read bitmap: 301, write metadata: 0)
Ext2::alloc_block SLOW: 290 ticks (read bitmap: 290, write metadata: 0)
Ext2::alloc_block SLOW: 263 ticks (read bitmap: 263, write metadata: 0)
Ext2::alloc_block SLOW: 281 ticks (read bitmap: 281, write metadata: 0)
Ext2::alloc_block SLOW: 284 ticks (read bitmap: 284, write metadata: 0)
Ext2::alloc_block SLOW: 319 ticks (read bitmap: 319, write metadata: 0)
Ext2::alloc_block SLOW: 207 ticks (read bitmap: 207, write metadata: 0)
Ext2::alloc_block SLOW: 244 ticks (read bitmap: 244, write metadata: 0)
Ext2::alloc_block SLOW: 81 ticks (read bitmap: 81, write metadata: 0)
Ext2::alloc_block SLOW: 317 ticks (read bitmap: 317, write metadata: 0)
Ext2::alloc_block SLOW: 362 ticks (read bitmap: 362, write metadata: 0)
Ext2::alloc_block SLOW: 316 ticks (read bitmap: 316, write metadata: 0)
Ext2::alloc_block SLOW: 293 ticks (read bitmap: 293, write metadata: 0)
Ext2::alloc_block SLOW: 292 ticks (read bitmap: 292, write metadata: 0)
Ext2::alloc_block SLOW: 233 ticks (read bitmap: 233, write metadata: 0)
Ext2::alloc_block SLOW: 357 ticks (read bitmap: 357, write metadata: 0)
Ext2::alloc_block SLOW: 321 ticks (read bitmap: 321, write metadata: 0)
Ext2::alloc_block SLOW: 228 ticks (read bitmap: 228, write metadata: 0)
Ext2::alloc_block SLOW: 193 ticks (read bitmap: 193, write metadata: 0)
Ext2::alloc_block SLOW: 90 ticks (read bitmap: 90, write metadata: 0)
Ext2::alloc_block SLOW: 307 ticks (read bitmap: 307, write metadata: 0)
Ext2::alloc_block SLOW: 245 ticks (read bitmap: 245, write metadata: 0)
Ext2::alloc_block SLOW: 229 ticks (read bitmap: 229, write metadata: 0)
Ext2::alloc_block SLOW: 237 ticks (read bitmap: 237, write metadata: 0)
Ext2::alloc_block SLOW: 262 ticks (read bitmap: 262, write metadata: 0)
Ext2::alloc_block SLOW: 253 ticks (read bitmap: 253, write metadata: 0)
Ext2::alloc_block SLOW: 265 ticks (read bitmap: 265, write metadata: 0)
Ext2::alloc_block SLOW: 174 ticks (read bitmap: 174, write metadata: 0)
Ext2::alloc_block SLOW: 278 ticks (read bitmap: 278, write metadata: 0)
Ext2::alloc_block SLOW: 192 ticks (read bitmap: 192, write metadata: 0)
Ext2::alloc_block SLOW: 79 ticks (read bitmap: 79, write metadata: 0)
Ext2::alloc_block SLOW: 259 ticks (read bitmap: 259, write metadata: 0)
Ext2::alloc_block SLOW: 233 ticks (read bitmap: 233, write metadata: 0)
Ext2::alloc_block SLOW: 187 ticks (read bitmap: 187, write metadata: 0)
Ext2::alloc_block SLOW: 490 ticks (read bitmap: 490, write metadata: 0)
Ext2::alloc_block SLOW: 562 ticks (read bitmap: 562, write metadata: 0)
Ext2::alloc_block SLOW: 233 ticks (read bitmap: 233, write metadata: 0)
Ext2::alloc_block SLOW: 372 ticks (read bitmap: 372, write metadata: 0)
Ext2::alloc_block SLOW: 255 ticks (read bitmap: 255, write metadata: 0)
Ext2::alloc_block SLOW: 344 ticks (read bitmap: 344, write metadata: 0)
Ext2::alloc_block SLOW: 108 ticks (read bitmap: 108, write metadata: 0)
Ext2::alloc_block SLOW: 75 ticks (read bitmap: 75, write metadata: 0)
Ext2::alloc_block SLOW: 227 ticks (read bitmap: 227, write metadata: 0)
Ext2::alloc_block SLOW: 219 ticks (read bitmap: 219, write metadata: 0)
Ext2::alloc_block SLOW: 277 ticks (read bitmap: 277, write metadata: 0)
Ext2::alloc_block SLOW: 355 ticks (read bitmap: 355, write metadata: 0)
Ext2::alloc_block SLOW: 332 ticks (read bitmap: 332, write metadata: 0)
Ext2::alloc_block SLOW: 375 ticks (read bitmap: 375, write metadata: 0)
Ext2::alloc_block SLOW: 328 ticks (read bitmap: 328, write metadata: 0)
Ext2::alloc_block SLOW: 246 ticks (read bitmap: 246, write metadata: 0)
Ext2::alloc_block SLOW: 252 ticks (read bitmap: 252, write metadata: 0)
Ext2::alloc_block SLOW: 129 ticks (read bitmap: 129, write metadata: 0)
Ext2::alloc_block SLOW: 57 ticks (read bitmap: 57, write metadata: 0)
Ext2::alloc_block SLOW: 117 ticks (read bitmap: 117, write metadata: 0)
Ext2::alloc_block SLOW: 125 ticks (read bitmap: 125, write metadata: 0)
Ext2::alloc_block SLOW: 103 ticks (read bitmap: 103, write metadata: 0)
Ext2::alloc_block SLOW: 126 ticks (read bitmap: 126, write metadata: 0)
Ext2::alloc_block SLOW: 481 ticks (read bitmap: 481, write metadata: 0)
Ext2::alloc_block SLOW: 573 ticks (read bitmap: 573, write metadata: 0)
Ext2::alloc_block SLOW: 685 ticks (read bitmap: 685, write metadata: 0)
Ext2::alloc_block SLOW: 890 ticks (read bitmap: 890, write metadata: 0)
Ext2::alloc_block SLOW: 138 ticks (read bitmap: 138, write metadata: 0)
Ext2::alloc_block SLOW: 65 ticks (read bitmap: 65, write metadata: 0)
Ext2::alloc_block SLOW: 846 ticks (read bitmap: 846, write metadata: 0)
Ext2::alloc_block SLOW: 264 ticks (read bitmap: 264, write metadata: 0)
Ext2::alloc_block SLOW: 441 ticks (read bitmap: 441, write metadata: 0)
Ext2::alloc_block SLOW: 504 ticks (read bitmap: 504, write metadata: 0)
Ext2::alloc_block SLOW: 400 ticks (read bitmap: 400, write metadata: 0)
Ext2::alloc_block SLOW: 535 ticks (read bitmap: 535, write metadata: 0)
Ext2::alloc_block SLOW: 542 ticks (read bitmap: 542, write metadata: 0)
Ext2::alloc_block SLOW: 387 ticks (read bitmap: 387, write metadata: 0)
Ext2::alloc_block SLOW: 294 ticks (read bitmap: 294, write metadata: 0)
Ext2::alloc_block SLOW: 258 ticks (read bitmap: 258, write metadata: 0)
Ext2::alloc_block SLOW: 323 ticks (read bitmap: 323, write metadata: 0)
Ext2::alloc_block SLOW: 287 ticks (read bitmap: 287, write metadata: 0)
Ext2::alloc_block SLOW: 292 ticks (read bitmap: 292, write metadata: 0)
Ext2::alloc_block SLOW: 282 ticks (read bitmap: 282, write metadata: 0)
Ext2::alloc_block SLOW: 84 ticks (read bitmap: 84, write metadata: 0)
Ext2::alloc_block SLOW: 297 ticks (read bitmap: 297, write metadata: 0)
Ext2::alloc_block SLOW: 333 ticks (read bitmap: 333, write metadata: 0)
Ext2::alloc_block SLOW: 57 ticks (read bitmap: 57, write metadata: 0)
Ext2::alloc_block SLOW: 282 ticks (read bitmap: 282, write metadata: 0)
Ext2::alloc_block SLOW: 286 ticks (read bitmap: 286, write metadata: 0)
Ext2::alloc_block SLOW: 344 ticks (read bitmap: 344, write metadata: 0)
Ext2::alloc_block SLOW: 351 ticks (read bitmap: 351, write metadata: 0)
Ext2::alloc_block SLOW: 333 ticks (read bitmap: 333, write metadata: 0)
Ext2::alloc_block SLOW: 242 ticks (read bitmap: 242, write metadata: 0)
Ext2::alloc_block SLOW: 372 ticks (read bitmap: 372, write metadata: 0)
Ext2::alloc_block SLOW: 357 ticks (read bitmap: 357, write metadata: 0)
Ext2::alloc_block SLOW: 169 ticks (read bitmap: 169, write metadata: 0)
Ext2::alloc_block SLOW: 330 ticks (read bitmap: 330, write metadata: 0)
Ext2::alloc_block SLOW: 275 ticks (read bitmap: 275, write metadata: 0)
Ext2::alloc_block SLOW: 352 ticks (read bitmap: 352, write metadata: 0)
Ext2::alloc_block SLOW: 283 ticks (read bitmap: 283, write metadata: 0)
Ext2::alloc_block SLOW: 347 ticks (read bitmap: 347, write metadata: 0)
Ext2::alloc_block SLOW: 230 ticks (read bitmap: 230, write metadata: 0)
Ext2::alloc_block SLOW: 230 ticks (read bitmap: 230, write metadata: 0)
Ext2::alloc_block SLOW: 238 ticks (read bitmap: 238, write metadata: 0)
Ext2::alloc_block SLOW: 258 ticks (read bitmap: 258, write metadata: 0)
Ext2::alloc_block SLOW: 225 ticks (read bitmap: 225, write metadata: 0)
Ext2::alloc_block SLOW: 76 ticks (read bitmap: 76, write metadata: 0)
Ext2::alloc_block SLOW: 222 ticks (read bitmap: 222, write metadata: 0)
Ext2::alloc_block SLOW: 308 ticks (read bitmap: 308, write metadata: 0)
Ext2::alloc_block SLOW: 271 ticks (read bitmap: 271, write metadata: 0)
Ext2::alloc_block SLOW: 342 ticks (read bitmap: 342, write metadata: 0)
Ext2::alloc_block SLOW: 283 ticks (read bitmap: 283, write metadata: 0)
Ext2::alloc_block SLOW: 308 ticks (read bitmap: 308, write metadata: 0)
Ext2::alloc_block SLOW: 316 ticks (read bitmap: 316, write metadata: 0)
Ext2::alloc_block SLOW: 237 ticks (read bitmap: 237, write metadata: 0)
Ext2::alloc_block SLOW: 253 ticks (read bitmap: 253, write metadata: 0)
Ext2::alloc_block SLOW: 312 ticks (read bitmap: 312, write metadata: 0)
Ext2::alloc_block SLOW: 257 ticks (read bitmap: 257, write metadata: 0)
Ext2::alloc_block SLOW: 248 ticks (read bitmap: 248, write metadata: 0)
Ext2::alloc_block SLOW: 247 ticks (read bitmap: 247, write metadata: 0)
Ext2::alloc_block SLOW: 282 ticks (read bitmap: 282, write metadata: 0)
Ext2::alloc_block SLOW: 293 ticks (read bitmap: 293, write metadata: 0)
Ext2::alloc_block SLOW: 230 ticks (read bitmap: 230, write metadata: 0)
Ext2::alloc_block SLOW: 280 ticks (read bitmap: 280, write metadata: 0)
Ext2::alloc_block SLOW: 226 ticks (read bitmap: 226, write metadata: 0)
Ext2::alloc_block SLOW: 402 ticks (read bitmap: 402, write metadata: 0)
Ext2::alloc_block SLOW: 525 ticks (read bitmap: 525, write metadata: 0)
Ext2::alloc_block SLOW: 281 ticks (read bitmap: 281, write metadata: 0)
Ext2::alloc_block SLOW: 351 ticks (read bitmap: 351, write metadata: 0)
Ext2::alloc_block SLOW: 640 ticks (read bitmap: 640, write metadata: 0)
Ext2::alloc_block SLOW: 828 ticks (read bitmap: 828, write metadata: 0)
Ext2::alloc_block SLOW: 725 ticks (read bitmap: 725, write metadata: 0)
Ext2::alloc_block SLOW: 854 ticks (read bitmap: 854, write metadata: 0)
Ext2::alloc_block SLOW: 881 ticks (read bitmap: 881, write metadata: 0)
Ext2::alloc_block SLOW: 637 ticks (read bitmap: 637, write metadata: 0)
Ext2::alloc_block SLOW: 433 ticks (read bitmap: 433, write metadata: 0)
Ext2::alloc_block SLOW: 445 ticks (read bitmap: 445, write metadata: 0)
Ext2::alloc_block SLOW: 541 ticks (read bitmap: 541, write metadata: 0)
Ext2::alloc_block SLOW: 736 ticks (read bitmap: 736, write metadata: 0)
Ext2::alloc_block SLOW: 674 ticks (read bitmap: 674, write metadata: 0)
Ext2::alloc_block SLOW: 310 ticks (read bitmap: 310, write metadata: 0)
Ext2::alloc_block SLOW: 337 ticks (read bitmap: 337, write metadata: 0)
Ext2::alloc_block SLOW: 457 ticks (read bitmap: 457, write metadata: 0)
Ext2::alloc_block SLOW: 328 ticks (read bitmap: 328, write metadata: 0)
Ext2::alloc_block SLOW: 593 ticks (read bitmap: 593, write metadata: 0)
Ext2::alloc_block SLOW: 743 ticks (read bitmap: 743, write metadata: 0)
Ext2::alloc_block SLOW: 108 ticks (read bitmap: 108, write metadata: 0)
Ext2::alloc_block SLOW: 115 ticks (read bitmap: 115, write metadata: 0)
Ext2::alloc_block SLOW: 290 ticks (read bitmap: 290, write metadata: 0)
Ext2::alloc_block SLOW: 163 ticks (read bitmap: 163, write metadata: 0)
Ext2::alloc_block SLOW: 1740 ticks (read bitmap: 1740, write metadata: 0)
Ext2::alloc_block SLOW: 631 ticks (read bitmap: 631, write metadata: 0)
Ext2::alloc_block SLOW: 328 ticks (read bitmap: 328, write metadata: 0)
Ext2::alloc_block SLOW: 724 ticks (read bitmap: 724, write metadata: 0)
Ext2::alloc_block SLOW: 272 ticks (read bitmap: 272, write metadata: 0)
Ext2::alloc_block SLOW: 363 ticks (read bitmap: 363, write metadata: 0)
Ext2::alloc_block SLOW: 242 ticks (read bitmap: 242, write metadata: 0)
Ext2::alloc_block SLOW: 308 ticks (read bitmap: 308, write metadata: 0)
Ext2::alloc_block SLOW: 303 ticks (read bitmap: 303, write metadata: 0)
Ext2::alloc_block SLOW: 517 ticks (read bitmap: 517, write metadata: 0)
Ext2::alloc_block SLOW: 156 ticks (read bitmap: 156, write metadata: 0)
Ext2::alloc_block SLOW: 69 ticks (read bitmap: 69, write metadata: 0)
Ext2::alloc_block SLOW: 80 ticks (read bitmap: 80, write metadata: 0)
Ext2::alloc_block SLOW: 79 ticks (read bitmap: 79, write metadata: 0)
Ext2::alloc_block SLOW: 88 ticks (read bitmap: 88, write metadata: 0)
Ext2::alloc_block SLOW: 131 ticks (read bitmap: 131, write metadata: 0)
Ext2::alloc_block SLOW: 2621 ticks (read bitmap: 2621, write metadata: 0)
Ext2::alloc_block SLOW: 80 ticks (read bitmap: 80, write metadata: 0)
Ext2::alloc_block SLOW: 86 ticks (read bitmap: 86, write metadata: 0)
Ext2::alloc_block SLOW: 83 ticks (read bitmap: 83, write metadata: 0)
Ext2::alloc_block SLOW: 408 ticks (read bitmap: 408, write metadata: 0)
Ext2::alloc_block SLOW: 93 ticks (read bitmap: 93, write metadata: 0)
Ext2::alloc_block SLOW: 53 ticks (read bitmap: 53, write metadata: 0)
Ext2::alloc_block SLOW: 101 ticks (read bitmap: 101, write metadata: 0)
Ext2::alloc_block SLOW: 86 ticks (read bitmap: 86, write metadata: 0)
Ext2::alloc_block SLOW: 69 ticks (read bitmap: 69, write metadata: 0)
Ext2::alloc_block SLOW: 77 ticks (read bitmap: 77, write metadata: 0)
Ext2::alloc_block SLOW: 70 ticks (read bitmap: 70, write metadata: 0)
Ext2::alloc_block SLOW: 90 ticks (read bitmap: 90, write metadata: 0)
Ext2::alloc_block SLOW: 701 ticks (read bitmap: 701, write metadata: 0)
Ext2::alloc_block SLOW: 124 ticks (read bitmap: 124, write metadata: 0)
Ext2::alloc_block SLOW: 4206 ticks (read bitmap: 4206, write metadata: 0)
Ext2::alloc_block SLOW: 98 ticks (read bitmap: 98, write metadata: 0)
Ext2::alloc_block SLOW: 112 ticks (read bitmap: 112, write metadata: 0)
Ext2::alloc_block SLOW: 43 ticks (read bitmap: 43, write metadata: 0)
Ext2::alloc_block SLOW: 419 ticks (read bitmap: 419, write metadata: 0)
Ext2::alloc_block SLOW: 308 ticks (read bitmap: 308, write metadata: 0)
Ext2::alloc_block SLOW: 181 ticks (read bitmap: 181, write metadata: 0)
Ext2::alloc_block SLOW: 59 ticks (read bitmap: 59, write metadata: 0)
Ext2::alloc_block SLOW: 3271 ticks (read bitmap: 3271, write metadata: 0)
Ext2::alloc_block SLOW: 37 ticks (read bitmap: 37, write metadata: 0)
Ext2::alloc_block SLOW: 98 ticks (read bitmap: 98, write metadata: 0)
Ext2::alloc_block SLOW: 97 ticks (read bitmap: 97, write metadata: 0)
Ext2::alloc_block SLOW: 88 ticks (read bitmap: 88, write metadata: 0)
Ext2::alloc_block SLOW: 84 ticks (read bitmap: 84, write metadata: 0)
Ext2::alloc_block SLOW: 83 ticks (read bitmap: 83, write metadata: 0)
Ext2::alloc_block SLOW: 158 ticks (read bitmap: 158, write metadata: 0)
Ext2::alloc_block SLOW: 753 ticks (read bitmap: 753, write metadata: 0)
Ext2::alloc_block SLOW: 92 ticks (read bitmap: 92, write metadata: 0)
Ext2::alloc_block SLOW: 47 ticks (read bitmap: 47, write metadata: 0)
Ext2::alloc_block SLOW: 109 ticks (read bitmap: 109, write metadata: 0)
Ext2::alloc_block SLOW: 25 ticks (read bitmap: 25, write metadata: 0)
Ext2::alloc_block SLOW: 81 ticks (read bitmap: 81, write metadata: 0)
Ext2::alloc_block SLOW: 73 ticks (read bitmap: 73, write metadata: 0)
Ext2::alloc_block SLOW: 70 ticks (read bitmap: 70, write metadata: 0)
Ext2::alloc_block SLOW: 81 ticks (read bitmap: 81, write metadata: 0)
Ext2::alloc_block SLOW: 115 ticks (read bitmap: 115, write metadata: 0)
Ext2::alloc_block SLOW: 1857 ticks (read bitmap: 1857, write metadata: 0)
Ext2::alloc_block SLOW: 184 ticks (read bitmap: 184, write metadata: 0)
Ext2::alloc_block SLOW: 159 ticks (read bitmap: 159, write metadata: 0)
Ext2::alloc_block SLOW: 100 ticks (read bitmap: 100, write metadata: 0)
Ext2::alloc_block SLOW: 101 ticks (read bitmap: 101, write metadata: 0)
Ext2::alloc_block SLOW: 207 ticks (read bitmap: 207, write metadata: 0)
Ext2::alloc_block SLOW: 535 ticks (read bitmap: 535, write metadata: 0)
Ext2::alloc_block SLOW: 67 ticks (read bitmap: 67, write metadata: 0)
Ext2::alloc_block SLOW: 54 ticks (read bitmap: 54, write metadata: 0)
Ext2::alloc_block SLOW: 66 ticks (read bitmap: 66, write metadata: 0)
Ext2::alloc_block SLOW: 173 ticks (read bitmap: 173, write metadata: 0)
Ext2::alloc_block SLOW: 61 ticks (read bitmap: 61, write metadata: 0)
Ext2::alloc_block SLOW: 133 ticks (read bitmap: 133, write metadata: 0)
Ext2::alloc_block SLOW: 245 ticks (read bitmap: 245, write metadata: 0)
Ext2::alloc_block SLOW: 4765 ticks (read bitmap: 4765, write metadata: 0)
Ext2::alloc_block SLOW: 266 ticks (read bitmap: 266, write metadata: 0)
Ext2::alloc_block SLOW: 17 ticks (read bitmap: 17, write metadata: 0)
Ext2::alloc_block SLOW: 79 ticks (read bitmap: 79, write metadata: 0)
Ext2::alloc_block SLOW: 272 ticks (read bitmap: 272, write metadata: 0)
Ext2::alloc_block SLOW: 2956 ticks (read bitmap: 2956, write metadata: 0)
Ext2::alloc_block SLOW: 188 ticks (read bitmap: 188, write metadata: 0)
Ext2::alloc_block SLOW: 104 ticks (read bitmap: 104, write metadata: 0)
Ext2::alloc_block SLOW: 298 ticks (read bitmap: 298, write metadata: 0)
Ext2::alloc_block SLOW: 351 ticks (read bitmap: 351, write metadata: 0)
Ext2::alloc_block SLOW: 102 ticks (read bitmap: 102, write metadata: 0)
Ext2::alloc_block SLOW: 5904 ticks (read bitmap: 5904, write metadata: 0)
Ext2::alloc_block SLOW: 141 ticks (read bitmap: 141, write metadata: 0)
Ext2::alloc_block SLOW: 175 ticks (read bitmap: 175, write metadata: 0)
Ext2::alloc_block SLOW: 271 ticks (read bitmap: 271, write metadata: 0)
Ext2::alloc_block SLOW: 335 ticks (read bitmap: 335, write metadata: 0)
Ext2::alloc_block SLOW: 4099 ticks (read bitmap: 4099, write metadata: 0)
Ext2::alloc_block SLOW: 3634 ticks (read bitmap: 3634, write metadata: 0)
Ext2::alloc_block SLOW: 46 ticks (read bitmap: 46, write metadata: 0)
Ext2::alloc_block SLOW: 244 ticks (read bitmap: 244, write metadata: 0)
Ext2::alloc_block SLOW: 1040 ticks (read bitmap: 1040, write metadata: 0)
Ext2::alloc_block SLOW: 162 ticks (read bitmap: 162, write metadata: 0)
Ext2::alloc_block SLOW: 95 ticks (read bitmap: 95, write metadata: 0)
Ext2::alloc_block SLOW: 112 ticks (read bitmap: 112, write metadata: 0)
Ext2::alloc_block SLOW: 132 ticks (read bitmap: 132, write metadata: 0)
Ext2::alloc_block SLOW: 268 ticks (read bitmap: 268, write metadata: 0)
Ext2::alloc_block SLOW: 295 ticks (read bitmap: 295, write metadata: 0)
Ext2::alloc_block SLOW: 1387 ticks (read bitmap: 1387, write metadata: 0)
Ext2::alloc_block SLOW: 158 ticks (read bitmap: 158, write metadata: 0)
Ext2::alloc_block SLOW: 214 ticks (read bitmap: 214, write metadata: 0)
Ext2::alloc_block SLOW: 94 ticks (read bitmap: 94, write metadata: 0)
Ext2::alloc_block SLOW: 85 ticks (read bitmap: 85, write metadata: 0)
Ext2::alloc_block SLOW: 102 ticks (read bitmap: 102, write metadata: 0)
Ext2::alloc_block SLOW: 34 ticks (read bitmap: 34, write metadata: 0)
Ext2::alloc_block SLOW: 2188 ticks (read bitmap: 2188, write metadata: 0)
Ext2::alloc_block SLOW: 315 ticks (read bitmap: 315, write metadata: 0)
Ext2::alloc_block SLOW: 3678 ticks (read bitmap: 3678, write metadata: 0)
Ext2::alloc_block SLOW: 139 ticks (read bitmap: 139, write metadata: 0)
Ext2::alloc_block SLOW: 190 ticks (read bitmap: 190, write metadata: 0)
Ext2::alloc_block SLOW: 1686 ticks (read bitmap: 1686, write metadata: 0)
Ext2::alloc_block SLOW: 57 ticks (read bitmap: 57, write metadata: 0)
Ext2::alloc_block SLOW: 183 ticks (read bitmap: 183, write metadata: 0)
Ext2::alloc_block SLOW: 362 ticks (read bitmap: 362, write metadata: 0)
Ext2::alloc_block SLOW: 174 ticks (read bitmap: 174, write metadata: 0)
Ext2::alloc_block SLOW: 841 ticks (read bitmap: 841, write metadata: 0)
Ext2::alloc_block SLOW: 303 ticks (read bitmap: 303, write metadata: 0)
Ext2::alloc_block SLOW: 101 ticks (read bitmap: 101, write metadata: 0)
Ext2::alloc_block SLOW: 288 ticks (read bitmap: 288, write metadata: 0)
Ext2::alloc_block SLOW: 305 ticks (read bitmap: 305, write metadata: 0)
Ext2::alloc_block SLOW: 96 ticks (read bitmap: 96, write metadata: 0)
Ext2::alloc_block SLOW: 6763 ticks (read bitmap: 6763, write metadata: 0)
Ext2::alloc_block SLOW: 193 ticks (read bitmap: 193, write metadata: 0)
Ext2::alloc_block SLOW: 26 ticks (read bitmap: 26, write metadata: 0)
Ext2::alloc_block SLOW: 224 ticks (read bitmap: 224, write metadata: 0)
Ext2::alloc_block SLOW: 203 ticks (read bitmap: 203, write metadata: 0)
Ext2::alloc_block SLOW: 134 ticks (read bitmap: 134, write metadata: 0)
Ext2::alloc_block SLOW: 4253 ticks (read bitmap: 4253, write metadata: 0)
Ext2::alloc_block SLOW: 95 ticks (read bitmap: 95, write metadata: 0)
Ext2::alloc_block SLOW: 82 ticks (read bitmap: 82, write metadata: 0)
Ext2::alloc_block SLOW: 7538 ticks (read bitmap: 7538, write metadata: 0)
Ext2::alloc_block SLOW: 70 ticks (read bitmap: 70, write metadata: 0)
Ext2::alloc_block SLOW: 64 ticks (read bitmap: 64, write metadata: 0)
Ext2::alloc_block SLOW: 63 ticks (read bitmap: 63, write metadata: 0)
Ext2::alloc_block SLOW: 98 ticks (read bitmap: 98, write metadata: 0)
Ext2::alloc_block SLOW: 332 ticks (read bitmap: 332, write metadata: 0)
Ext2::alloc_block SLOW: 4922 ticks (read bitmap: 4922, write metadata: 0)
Ext2::alloc_block SLOW: 90 ticks (read bitmap: 90, write metadata: 0)
Ext2::alloc_block SLOW: 38 ticks (read bitmap: 38, write metadata: 0)
Ext2::alloc_block SLOW: 147 ticks (read bitmap: 147, write metadata: 0)
Ext2::alloc_block SLOW: 545 ticks (read bitmap: 545, write metadata: 0)
Ext2::alloc_block SLOW: 363 ticks (read bitmap: 363, write metadata: 0)
Ext2::alloc_block SLOW: 151 ticks (read bitmap: 151, write metadata: 0)
Ext2::alloc_block SLOW: 369 ticks (read bitmap: 369, write metadata: 0)
Ext2::alloc_block SLOW: 5713 ticks (read bitmap: 5713, write metadata: 0)
Ext2::alloc_block SLOW: 93 ticks (read bitmap: 93, write metadata: 0)
Ext2::alloc_block SLOW: 5393 ticks (read bitmap: 5393, write metadata: 0)
Ext2::alloc_block SLOW: 234 ticks (read bitmap: 234, write metadata: 0)
Ext2::alloc_block SLOW: 675 ticks (read bitmap: 675, write metadata: 0)
Ext2::alloc_block SLOW: 141 ticks (read bitmap: 141, write metadata: 0)
Ext2::alloc_block SLOW: 94 ticks (read bitmap: 94, write metadata: 0)
Ext2::alloc_block SLOW: 949 ticks (read bitmap: 949, write metadata: 0)
Ext2::alloc_block SLOW: 444 ticks (read bitmap: 444, write metadata: 0)
Ext2::alloc_block SLOW: 236 ticks (read bitmap: 236, write metadata: 0)
Ext2::alloc_block SLOW: 174 ticks (read bitmap: 174, write metadata: 0)
Ext2::alloc_block SLOW: 189 ticks (read bitmap: 189, write metadata: 0)
Ext2::alloc_block SLOW: 124 ticks (read bitmap: 124, write metadata: 0)
Ext2::alloc_block SLOW: 116 ticks (read bitmap: 116, write metadata: 0)
Ext2::alloc_block SLOW: 147 ticks (read bitmap: 147, write metadata: 0)
Ext2::alloc_block SLOW: 260 ticks (read bitmap: 260, write metadata: 0)
Ext2::alloc_block SLOW: 294 ticks (read bitmap: 294, write metadata: 0)
Ext2::alloc_block SLOW: 1612 ticks (read bitmap: 1612, write metadata: 0)
Ext2::alloc_block SLOW: 158 ticks (read bitmap: 158, write metadata: 0)
Ext2::alloc_block SLOW: 5099 ticks (read bitmap: 5099, write metadata: 0)
Ext2::alloc_block SLOW: 109 ticks (read bitmap: 109, write metadata: 0)
Ext2::alloc_block SLOW: 90 ticks (read bitmap: 90, write metadata: 0)
Ext2::alloc_block SLOW: 114 ticks (read bitmap: 114, write metadata: 0)
Ext2::alloc_block SLOW: 187 ticks (read bitmap: 187, write metadata: 0)
Ext2::alloc_block SLOW: 144 ticks (read bitmap: 144, write metadata: 0)
Ext2::alloc_block SLOW: 383 ticks (read bitmap: 383, write metadata: 0)
Ext2::alloc_block SLOW: 158 ticks (read bitmap: 158, write metadata: 0)
Ext2::alloc_block SLOW: 244 ticks (read bitmap: 244, write metadata: 0)
Ext2::alloc_block SLOW: 232 ticks (read bitmap: 232, write metadata: 0)
Ext2::alloc_block SLOW: 151 ticks (read bitmap: 151, write metadata: 0)
Ext2::alloc_block SLOW: 543 ticks (read bitmap: 543, write metadata: 0)
Ext2::alloc_block SLOW: 38 ticks (read bitmap: 38, write metadata: 0)
Ext2::alloc_block SLOW: 824 ticks (read bitmap: 824, write metadata: 0)
Ext2::alloc_block SLOW: 378 ticks (read bitmap: 378, write metadata: 0)
Ext2::alloc_block SLOW: 244 ticks (read bitmap: 244, write metadata: 0)
Ext2::alloc_block SLOW: 108 ticks (read bitmap: 108, write metadata: 0)
Ext2::alloc_block SLOW: 133 ticks (read bitmap: 133, write metadata: 0)
Ext2::alloc_block SLOW: 330 ticks (read bitmap: 330, write metadata: 0)
Ext2::alloc_block SLOW: 147 ticks (read bitmap: 147, write metadata: 0)
Ext2::alloc_block SLOW: 332 ticks (read bitmap: 332, write metadata: 0)
Ext2::alloc_block SLOW: 160 ticks (read bitmap: 160, write metadata: 0)
Ext2::alloc_block SLOW: 128 ticks (read bitmap: 128, write metadata: 0)
Ext2::alloc_block SLOW: 1346 ticks (read bitmap: 1346, write metadata: 0)
Ext2::alloc_block SLOW: 288 ticks (read bitmap: 288, write metadata: 0)
Ext2::alloc_block SLOW: 96 ticks (read bitmap: 96, write metadata: 0)
Ext2::alloc_block SLOW: 236 ticks (read bitmap: 236, write metadata: 0)
Ext2::alloc_block SLOW: 153 ticks (read bitmap: 153, write metadata: 0)
Ext2::alloc_block SLOW: 288 ticks (read bitmap: 288, write metadata: 0)
Ext2::alloc_block SLOW: 258 ticks (read bitmap: 258, write metadata: 0)
Ext2::alloc_block SLOW: 340 ticks (read bitmap: 340, write metadata: 0)
Ext2::alloc_block SLOW: 94 ticks (read bitmap: 94, write metadata: 0)
Ext2::alloc_block SLOW: 90 ticks (read bitmap: 90, write metadata: 0)
Ext2::alloc_block SLOW: 760 ticks (read bitmap: 760, write metadata: 0)
Ext2::alloc_block SLOW: 143 ticks (read bitmap: 143, write metadata: 0)
Ext2::alloc_block SLOW: 341 ticks (read bitmap: 341, write metadata: 0)
Ext2::alloc_block SLOW: 153 ticks (read bitmap: 153, write metadata: 0)
Ext2::alloc_block SLOW: 116 ticks (read bitmap: 116, write metadata: 0)
Ext2::alloc_block SLOW: 1848 ticks (read bitmap: 1848, write metadata: 0)
Ext2::alloc_block SLOW: 187 ticks (read bitmap: 187, write metadata: 0)
Ext2::alloc_block SLOW: 5145 ticks (read bitmap: 5145, write metadata: 0)
Ext2::alloc_block SLOW: 5491 ticks (read bitmap: 5491, write metadata: 0)
Ext2::alloc_block SLOW: 159 ticks (read bitmap: 159, write metadata: 0)
Ext2::alloc_block SLOW: 1077 ticks (read bitmap: 1077, write metadata: 0)
Ext2::alloc_block SLOW: 164 ticks (read bitmap: 164, write metadata: 0)
Ext2::alloc_block SLOW: 314 ticks (read bitmap: 314, write metadata: 0)
Ext2::alloc_block SLOW: 101 ticks (read bitmap: 101, write metadata: 0)
Ext2::alloc_block SLOW: 124 ticks (read bitmap: 124, write metadata: 0)
Ext2::alloc_block SLOW: 144 ticks (read bitmap: 144, write metadata: 0)
Ext2::alloc_block SLOW: 155 ticks (read bitmap: 155, write metadata: 0)
Ext2::alloc_block SLOW: 279 ticks (read bitmap: 279, write metadata: 0)
Ext2::alloc_block SLOW: 119 ticks (read bitmap: 119, write metadata: 0)
Ext2::alloc_block SLOW: 174 ticks (read bitmap: 174, write metadata: 0)
Ext2::alloc_block SLOW: 288 ticks (read bitmap: 288, write metadata: 0)
Ext2::alloc_block SLOW: 310 ticks (read bitmap: 310, write metadata: 0)
Ext2::alloc_block SLOW: 297 ticks (read bitmap: 297, write metadata: 0)
Ext2::alloc_block SLOW: 465 ticks (read bitmap: 465, write metadata: 0)
Ext2::alloc_block SLOW: 529 ticks (read bitmap: 529, write metadata: 0)
Ext2::alloc_block SLOW: 114 ticks (read bitmap: 114, write metadata: 0)
Ext2::alloc_block SLOW: 49 ticks (read bitmap: 49, write metadata: 0)
Ext2::alloc_block SLOW: 3789 ticks (read bitmap: 3789, write metadata: 0)
Ext2::alloc_block SLOW: 31 ticks (read bitmap: 31, write metadata: 0)
Ext2::alloc_block SLOW: 275 ticks (read bitmap: 275, write metadata: 0)
Ext2::alloc_block SLOW: 46 ticks (read bitmap: 46, write metadata: 0)
Ext2::alloc_block SLOW: 4207 ticks (read bitmap: 4207, write metadata: 0)
Ext2::alloc_block SLOW: 31 ticks (read bitmap: 31, write metadata: 0)
Ext2::alloc_block SLOW: 53 ticks (read bitmap: 53, write metadata: 0)
Ext2::alloc_block SLOW: 43 ticks (read bitmap: 43, write metadata: 0)
Ext2::alloc_block SLOW: 332 ticks (read bitmap: 332, write metadata: 0)
Ext2::alloc_block SLOW: 238 ticks (read bitmap: 238, write metadata: 0)
Ext2::alloc_block SLOW: 211 ticks (read bitmap: 211, write metadata: 0)
Ext2::alloc_block SLOW: 218 ticks (read bitmap: 218, write metadata: 0)
Ext2::alloc_block SLOW: 112 ticks (read bitmap: 112, write metadata: 0)
Ext2::alloc_block SLOW: 6652 ticks (read bitmap: 6652, write metadata: 0)
Ext2::alloc_block SLOW: 43 ticks (read bitmap: 43, write metadata: 0)
Ext2::alloc_block SLOW: 327 ticks (read bitmap: 327, write metadata: 0)
Ext2::alloc_block SLOW: 146 ticks (read bitmap: 146, write metadata: 0)
Ext2::alloc_block SLOW: 335 ticks (read bitmap: 335, write metadata: 0)
Ext2::alloc_block SLOW: 771 ticks (read bitmap: 771, write metadata: 0)
Ext2::alloc_block SLOW: 148 ticks (read bitmap: 148, write metadata: 0)
Ext2::alloc_block SLOW: 4976 ticks (read bitmap: 4976, write metadata: 0)
Ext2::alloc_block SLOW: 27 ticks (read bitmap: 27, write metadata: 0)
Ext2::alloc_block SLOW: 15 ticks (read bitmap: 15, write metadata: 0)
Ext2::alloc_block SLOW: 146 ticks (read bitmap: 146, write metadata: 0)
Ext2::alloc_block SLOW: 300 ticks (read bitmap: 300, write metadata: 0)
Ext2::alloc_block SLOW: 178 ticks (read bitmap: 178, write metadata: 0)
Ext2::alloc_block SLOW: 230 ticks (read bitmap: 230, write metadata: 0)
Ext2::alloc_block SLOW: 408 ticks (read bitmap: 408, write metadata: 0)
Ext2::alloc_block SLOW: 627 ticks (read bitmap: 627, write metadata: 0)
Ext2::alloc_block SLOW: 167 ticks (read bitmap: 167, write metadata: 0)
Ext2::alloc_block SLOW: 163 ticks (read bitmap: 163, write metadata: 0)
Ext2::alloc_block SLOW: 158 ticks (read bitmap: 158, write metadata: 0)
Ext2::alloc_block SLOW: 107 ticks (read bitmap: 107, write metadata: 0)
Ext2::alloc_block SLOW: 5926 ticks (read bitmap: 5926, write metadata: 0)
Ext2::alloc_block SLOW: 117 ticks (read bitmap: 117, write metadata: 0)
Ext2::alloc_block SLOW: 212 ticks (read bitmap: 212, write metadata: 0)
Ext2::alloc_block SLOW: 170 ticks (read bitmap: 170, write metadata: 0)
Ext2::alloc_block SLOW: 542 ticks (read bitmap: 542, write metadata: 0)
Ext2::alloc_block SLOW: 281 ticks (read bitmap: 281, write metadata: 0)
Ext2::alloc_block SLOW: 231 ticks (read bitmap: 231, write metadata: 0)
Ext2::alloc_block SLOW: 104 ticks (read bitmap: 104, write metadata: 0)
Ext2::alloc_block SLOW: 131 ticks (read bitmap: 131, write metadata: 0)
Ext2::alloc_block SLOW: 234 ticks (read bitmap: 234, write metadata: 0)
Ext2::alloc_block SLOW: 204 ticks (read bitmap: 204, write metadata: 0)
Ext2::alloc_block SLOW: 684 ticks (read bitmap: 684, write metadata: 0)
Ext2::alloc_block SLOW: 11 ticks (read bitmap: 11, write metadata: 0)
Ext2::alloc_block SLOW: 32 ticks (read bitmap: 32, write metadata: 0)
Ext2::alloc_block SLOW: 2873 ticks (read bitmap: 2873, write metadata: 0)
Ext2::alloc_block SLOW: 5507 ticks (read bitmap: 5507, write metadata: 0)
Ext2::alloc_block SLOW: 131 ticks (read bitmap: 131, write metadata: 0)
Ext2::alloc_block SLOW: 720 ticks (read bitmap: 720, write metadata: 0)
Ext2::alloc_block SLOW: 261 ticks (read bitmap: 261, write metadata: 0)
Ext2::alloc_block SLOW: 240 ticks (read bitmap: 240, write metadata: 0)
Ext2::alloc_block SLOW: 257 ticks (read bitmap: 257, write metadata: 0)
Ext2::alloc_block SLOW: 219 ticks (read bitmap: 219, write metadata: 0)
Ext2::alloc_block SLOW: 355 ticks (read bitmap: 355, write metadata: 0)
Ext2::alloc_block SLOW: 6751 ticks (read bitmap: 6751, write metadata: 0)
Ext2::alloc_block SLOW: 534 ticks (read bitmap: 534, write metadata: 0)
Ext2::alloc_block SLOW: 4808 ticks (read bitmap: 4808, write metadata: 0)
Ext2::alloc_block SLOW: 121 ticks (read bitmap: 121, write metadata: 0)
Ext2::alloc_block SLOW: 206 ticks (read bitmap: 206, write metadata: 0)
Ext2::alloc_block SLOW: 342 ticks (read bitmap: 342, write metadata: 0)
Ext2::alloc_block SLOW: 24 ticks (read bitmap: 24, write metadata: 0)
Ext2::alloc_block SLOW: 212 ticks (read bitmap: 212, write metadata: 0)
Ext2::alloc_block SLOW: 221 ticks (read bitmap: 221, write metadata: 0)
Ext2::alloc_block SLOW: 2157 ticks (read bitmap: 2157, write metadata: 0)
Ext2::alloc_block SLOW: 189 ticks (read bitmap: 189, write metadata: 0)
Ext2::alloc_block SLOW: 138 ticks (read bitmap: 138, write metadata: 0)
Ext2::alloc_block SLOW: 146 ticks (read bitmap: 146, write metadata: 0)
Ext2::alloc_block SLOW: 801 ticks (read bitmap: 801, write metadata: 0)
Ext2::alloc_block SLOW: 152 ticks (read bitmap: 152, write metadata: 0)
Ext2::alloc_block SLOW: 134 ticks (read bitmap: 134, write metadata: 0)
Ext2::alloc_block SLOW: 310 ticks (read bitmap: 310, write metadata: 0)
Ext2::alloc_block SLOW: 688 ticks (read bitmap: 688, write metadata: 0)
Ext2::alloc_block SLOW: 35 ticks (read bitmap: 35, write metadata: 0)
Ext2::alloc_block SLOW: 157 ticks (read bitmap: 157, write metadata: 0)
Ext2::alloc_block SLOW: 652 ticks (read bitmap: 652, write metadata: 0)
Ext2::alloc_block SLOW: 782 ticks (read bitmap: 782, write metadata: 0)
Ext2::alloc_block SLOW: 183 ticks (read bitmap: 183, write metadata: 0)
Ext2::alloc_block SLOW: 214 ticks (read bitmap: 214, write metadata: 0)
Ext2::alloc_block SLOW: 458 ticks (read bitmap: 458, write metadata: 0)
Ext2::alloc_block SLOW: 492 ticks (read bitmap: 492, write metadata: 0)
Ext2::alloc_block SLOW: 1860 ticks (read bitmap: 1860, write metadata: 0)
Ext2::alloc_block SLOW: 1319 ticks (read bitmap: 1319, write metadata: 0)
Ext2::alloc_block SLOW: 132 ticks (read bitmap: 132, write metadata: 0)
Ext2::alloc_block SLOW: 127 ticks (read bitmap: 127, write metadata: 0)
Ext2::alloc_block SLOW: 5749 ticks (read bitmap: 5749, write metadata: 0)
Ext2::alloc_block SLOW: 414 ticks (read bitmap: 414, write metadata: 0)
Ext2::alloc_block SLOW: 116 ticks (read bitmap: 116, write metadata: 0)
Ext2::alloc_block SLOW: 88 ticks (read bitmap: 88, write metadata: 0)
Ext2::alloc_block SLOW: 107 ticks (read bitmap: 107, write metadata: 0)
Ext2::alloc_block SLOW: 144 ticks (read bitmap: 144, write metadata: 0)
Ext2::alloc_block SLOW: 108 ticks (read bitmap: 108, write metadata: 0)
Ext2::alloc_block SLOW: 165 ticks (read bitmap: 165, write metadata: 0)
Ext2::alloc_block SLOW: 130 ticks (read bitmap: 130, write metadata: 0)
Ext2::alloc_block SLOW: 152 ticks (read bitmap: 152, write metadata: 0)
Ext2::alloc_block SLOW: 132 ticks (read bitmap: 132, write metadata: 0)
Ext2::alloc_block SLOW: 152 ticks (read bitmap: 152, write metadata: 0)
Ext2::alloc_block SLOW: 307 ticks (read bitmap: 307, write metadata: 0)
Ext2::alloc_block SLOW: 415 ticks (read bitmap: 415, write metadata: 0)
Ext2::alloc_block SLOW: 369 ticks (read bitmap: 369, write metadata: 0)
Ext2::alloc_block SLOW: 282 ticks (read bitmap: 282, write metadata: 0)
Ext2::alloc_block SLOW: 338 ticks (read bitmap: 338, write metadata: 0)
Ext2::alloc_block SLOW: 268 ticks (read bitmap: 268, write metadata: 0)
Ext2::alloc_block SLOW: 422 ticks (read bitmap: 422, write metadata: 0)
Ext2::alloc_block SLOW: 85 ticks (read bitmap: 85, write metadata: 0)
Ext2::alloc_block SLOW: 309 ticks (read bitmap: 309, write metadata: 0)
Ext2::alloc_block SLOW: 522 ticks (read bitmap: 522, write metadata: 0)
Ext2::alloc_block SLOW: 311 ticks (read bitmap: 311, write metadata: 0)
Ext2::alloc_block SLOW: 115 ticks (read bitmap: 115, write metadata: 0)
Ext2::alloc_block SLOW: 104 ticks (read bitmap: 104, write metadata: 0)
Ext2::alloc_block SLOW: 93 ticks (read bitmap: 93, write metadata: 0)
Ext2::alloc_block SLOW: 118 ticks (read bitmap: 118, write metadata: 0)
Ext2::alloc_block SLOW: 109 ticks (read bitmap: 109, write metadata: 0)
Ext2::alloc_block SLOW: 109 ticks (read bitmap: 109, write metadata: 0)
Ext2::alloc_block SLOW: 70 ticks (read bitmap: 70, write metadata: 0)
Ext2::alloc_block SLOW: 58 ticks (read bitmap: 58, write metadata: 0)
Ext2::alloc_block SLOW: 370 ticks (read bitmap: 370, write metadata: 0)
Ext2::alloc_block SLOW: 101 ticks (read bitmap: 101, write metadata: 0)
Ext2::alloc_block SLOW: 368 ticks (read bitmap: 368, write metadata: 0)
Ext2::alloc_block SLOW: 256 ticks (read bitmap: 256, write metadata: 0)
Ext2::alloc_block SLOW: 212 ticks (read bitmap: 212, write metadata: 0)
Ext2::alloc_block SLOW: 267 ticks (read bitmap: 267, write metadata: 0)
Ext2::alloc_block SLOW: 371 ticks (read bitmap: 371, write metadata: 0)
Ext2::alloc_block SLOW: 114 ticks (read bitmap: 114, write metadata: 0)
Ext2::alloc_block SLOW: 488 ticks (read bitmap: 488, write metadata: 0)
Ext2::alloc_block SLOW: 115 ticks (read bitmap: 115, write metadata: 0)
Ext2::alloc_block SLOW: 296 ticks (read bitmap: 296, write metadata: 0)
Ext2::alloc_block SLOW: 426 ticks (read bitmap: 426, write metadata: 0)
Ext2::alloc_block SLOW: 156 ticks (read bitmap: 156, write metadata: 0)
Ext2::alloc_block SLOW: 513 ticks (read bitmap: 513, write metadata: 0)
Ext2::alloc_block SLOW: 145 ticks (read bitmap: 145, write metadata: 0)
Ext2::alloc_block SLOW: 340 ticks (read bitmap: 340, write metadata: 0)
Ext2::alloc_block SLOW: 221 ticks (read bitmap: 221, write metadata: 0)
Ext2::alloc_block SLOW: 115 ticks (read bitmap: 115, write metadata: 0)
Ext2::alloc_block SLOW: 93 ticks (read bitmap: 93, write metadata: 0)
Ext2::alloc_block SLOW: 63 ticks (read bitmap: 63, write metadata: 0)
Ext2::alloc_block SLOW: 134 ticks (read bitmap: 134, write metadata: 0)
Ext2::alloc_block SLOW: 967 ticks (read bitmap: 967, write metadata: 0)
Ext2::alloc_block SLOW: 143 ticks (read bitmap: 143, write metadata: 0)
Ext2::alloc_block SLOW: 97 ticks (read bitmap: 97, write metadata: 0)
Ext2::alloc_block SLOW: 165 ticks (read bitmap: 165, write metadata: 0)
Ext2::alloc_block SLOW: 69 ticks (read bitmap: 69, write metadata: 0)
Ext2::alloc_block SLOW: 108 ticks (read bitmap: 108, write metadata: 0)
Ext2::alloc_block SLOW: 2051 ticks (read bitmap: 2051, write metadata: 0)
Ext2::alloc_block SLOW: 234 ticks (read bitmap: 234, write metadata: 0)
Ext2::alloc_block SLOW: 157 ticks (read bitmap: 157, write metadata: 0)
Ext2::alloc_block SLOW: 315 ticks (read bitmap: 315, write metadata: 0)
Ext2::alloc_block SLOW: 120 ticks (read bitmap: 120, write metadata: 0)
Ext2::alloc_block SLOW: 168 ticks (read bitmap: 168, write metadata: 0)
Ext2::alloc_block SLOW: 153 ticks (read bitmap: 153, write metadata: 0)
Ext2::alloc_block SLOW: 521 ticks (read bitmap: 521, write metadata: 0)
Ext2::alloc_block SLOW: 236 ticks (read bitmap: 236, write metadata: 0)
Ext2::alloc_block SLOW: 336 ticks (read bitmap: 336, write metadata: 0)
Ext2::alloc_block SLOW: 180 ticks (read bitmap: 180, write metadata: 0)
Ext2::alloc_block SLOW: 262 ticks (read bitmap: 262, write metadata: 0)
Ext2::alloc_block SLOW: 1954 ticks (read bitmap: 1954, write metadata: 0)
Ext2::alloc_block SLOW: 646 ticks (read bitmap: 646, write metadata: 0)
Ext2::alloc_block SLOW: 139 ticks (read bitmap: 139, write metadata: 0)
Ext2::alloc_block SLOW: 129 ticks (read bitmap: 129, write metadata: 0)
Ext2::alloc_block SLOW: 2084 ticks (read bitmap: 2084, write metadata: 0)
Ext2::alloc_block SLOW: 143 ticks (read bitmap: 143, write metadata: 0)
Ext2::alloc_block SLOW: 104 ticks (read bitmap: 104, write metadata: 0)
Ext2::alloc_block SLOW: 140 ticks (read bitmap: 140, write metadata: 0)
Ext2::alloc_block SLOW: 198 ticks (read bitmap: 198, write metadata: 0)
Ext2::alloc_block SLOW: 109 ticks (read bitmap: 109, write metadata: 0)
Ext2::alloc_block SLOW: 78 ticks (read bitmap: 78, write metadata: 0)
Ext2::alloc_block SLOW: 183 ticks (read bitmap: 183, write metadata: 0)
Ext2::alloc_block SLOW: 288 ticks (read bitmap: 288, write metadata: 0)
Ext2::alloc_block SLOW: 334 ticks (read bitmap: 334, write metadata: 0)
Ext2::alloc_block SLOW: 160 ticks (read bitmap: 160, write metadata: 0)
Ext2::alloc_block SLOW: 117 ticks (read bitmap: 117, write metadata: 0)
Ext2::alloc_block SLOW: 114 ticks (read bitmap: 114, write metadata: 0)
Ext2::alloc_block SLOW: 666 ticks (read bitmap: 666, write metadata: 0)
Ext2::alloc_block SLOW: 247 ticks (read bitmap: 247, write metadata: 0)
Ext2::alloc_block SLOW: 168 ticks (read bitmap: 168, write metadata: 0)
Ext2::alloc_block SLOW: 84 ticks (read bitmap: 84, write metadata: 0)
Ext2::alloc_block SLOW: 160 ticks (read bitmap: 160, write metadata: 0)
Ext2::alloc_block SLOW: 122 ticks (read bitmap: 122, write metadata: 0)
Ext2::alloc_block SLOW: 89 ticks (read bitmap: 89, write metadata: 0)
Ext2::alloc_block SLOW: 84 ticks (read bitmap: 84, write metadata: 0)
Ext2::alloc_block SLOW: 1920 ticks (read bitmap: 1920, write metadata: 0)
Ext2::alloc_block SLOW: 225 ticks (read bitmap: 225, write metadata: 0)
Ext2::alloc_block SLOW: 5339 ticks (read bitmap: 5339, write metadata: 0)
Ext2::alloc_block SLOW: 99 ticks (read bitmap: 99, write metadata: 0)
Ext2::alloc_block SLOW: 250 ticks (read bitmap: 250, write metadata: 0)
Ext2::alloc_block SLOW: 128 ticks (read bitmap: 128, write metadata: 0)
Ext2::alloc_block SLOW: 124 ticks (read bitmap: 124, write metadata: 0)
Ext2::alloc_block SLOW: 140 ticks (read bitmap: 140, write metadata: 0)
Ext2::alloc_block SLOW: 433 ticks (read bitmap: 433, write metadata: 0)
Ext2::alloc_block SLOW: 148 ticks (read bitmap: 148, write metadata: 0)
Ext2::alloc_block SLOW: 133 ticks (read bitmap: 133, write metadata: 0)
Ext2::alloc_block SLOW: 215 ticks (read bitmap: 215, write metadata: 0)
Ext2::alloc_block SLOW: 191 ticks (read bitmap: 191, write metadata: 0)
Ext2::alloc_block SLOW: 1733 ticks (read bitmap: 1733, write metadata: 0)
Ext2::alloc_block SLOW: 46 ticks (read bitmap: 46, write metadata: 0)
Ext2::alloc_block SLOW: 140 ticks (read bitmap: 140, write metadata: 0)
Ext2::alloc_block SLOW: 971 ticks (read bitmap: 971, write metadata: 0)
Ext2::alloc_block SLOW: 159 ticks (read bitmap: 159, write metadata: 0)
Ext2::alloc_block SLOW: 162 ticks (read bitmap: 162, write metadata: 0)
Ext2::alloc_block SLOW: 2958 ticks (read bitmap: 2958, write metadata: 0)
Ext2::alloc_block SLOW: 125 ticks (read bitmap: 125, write metadata: 0)
Ext2::alloc_block SLOW: 181 ticks (read bitmap: 181, write metadata: 0)
Ext2::alloc_block SLOW: 150 ticks (read bitmap: 150, write metadata: 0)
Ext2::alloc_block SLOW: 2910 ticks (read bitmap: 2910, write metadata: 0)
Ext2::alloc_block SLOW: 123 ticks (read bitmap: 123, write metadata: 0)
Ext2::alloc_block SLOW: 155 ticks (read bitmap: 155, write metadata: 0)
Ext2::alloc_block SLOW: 175 ticks (read bitmap: 175, write metadata: 0)
Ext2::alloc_block SLOW: 104 ticks (read bitmap: 104, write metadata: 0)
Ext2::alloc_block SLOW: 331 ticks (read bitmap: 331, write metadata: 0)
Ext2::alloc_block SLOW: 5750 ticks (read bitmap: 5750, write metadata: 0)
Ext2::alloc_block SLOW: 142 ticks (read bitmap: 142, write metadata: 0)
Ext2::alloc_block SLOW: 136 ticks (read bitmap: 136, write metadata: 0)
Ext2::alloc_block SLOW: 777 ticks (read bitmap: 777, write metadata: 0)
Ext2::alloc_block SLOW: 95 ticks (read bitmap: 95, write metadata: 0)
Ext2::alloc_block SLOW: 179 ticks (read bitmap: 179, write metadata: 0)
Ext2::alloc_block SLOW: 143 ticks (read bitmap: 143, write metadata: 0)
Ext2::alloc_block SLOW: 125 ticks (read bitmap: 125, write metadata: 0)
Ext2::alloc_block SLOW: 216 ticks (read bitmap: 216, write metadata: 0)
Ext2::alloc_block SLOW: 159 ticks (read bitmap: 159, write metadata: 0)
Ext2::alloc_block SLOW: 143 ticks (read bitmap: 143, write metadata: 0)
Ext2::alloc_block SLOW: 149 ticks (read bitmap: 149, write metadata: 0)
Ext2::alloc_block SLOW: 151 ticks (read bitmap: 151, write metadata: 0)
Ext2::alloc_block SLOW: 113 ticks (read bitmap: 113, write metadata: 0)
Ext2::alloc_block SLOW: 84 ticks (read bitmap: 84, write metadata: 0)
Ext2::alloc_block SLOW: 100 ticks (read bitmap: 100, write metadata: 0)
Ext2::alloc_block SLOW: 68 ticks (read bitmap: 68, write metadata: 0)
Ext2::alloc_block SLOW: 68 ticks (read bitmap: 68, write metadata: 0)
Ext2::alloc_block SLOW: 91 ticks (read bitmap: 91, write metadata: 0)
Ext2::alloc_block SLOW: 81 ticks (read bitmap: 81, write metadata: 0)
Ext2::alloc_block SLOW: 91 ticks (read bitmap: 91, write metadata: 0)
Ext2::alloc_block SLOW: 81 ticks (read bitmap: 81, write metadata: 0)
Ext2::alloc_block SLOW: 89 ticks (read bitmap: 89, write metadata: 0)
Ext2::alloc_block SLOW: 98 ticks (read bitmap: 98, write metadata: 0)
Ext2::alloc_block SLOW: 117 ticks (read bitmap: 117, write metadata: 0)
Ext2::alloc_block SLOW: 88 ticks (read bitmap: 88, write metadata: 0)
Ext2::alloc_block SLOW: 82 ticks (read bitmap: 82, write metadata: 0)
Ext2::alloc_block SLOW: 65 ticks (read bitmap: 65, write metadata: 0)
Ext2::alloc_block SLOW: 58 ticks (read bitmap: 58, write metadata: 0)
Ext2::alloc_block SLOW: 238 ticks (read bitmap: 238, write metadata: 0)
Ext2::alloc_block SLOW: 407 ticks (read bitmap: 407, write metadata: 0)
Ext2::alloc_block SLOW: 106 ticks (read bitmap: 106, write metadata: 0)
Ext2::alloc_block SLOW: 452 ticks (read bitmap: 452, write metadata: 0)
Ext2::alloc_block SLOW: 114 ticks (read bitmap: 114, write metadata: 0)
Ext2::alloc_block SLOW: 664 ticks (read bitmap: 664, write metadata: 0)
Ext2::alloc_block SLOW: 124 ticks (read bitmap: 124, write metadata: 0)
Ext2::alloc_block SLOW: 99 ticks (read bitmap: 99, write metadata: 0)
Ext2::alloc_block SLOW: 102 ticks (read bitmap: 102, write metadata: 0)
Ext2::alloc_block SLOW: 83 ticks (read bitmap: 83, write metadata: 0)
Ext2::alloc_block SLOW: 71 ticks (read bitmap: 71, write metadata: 0)
Ext2::alloc_block SLOW: 864 ticks (read bitmap: 864, write metadata: 0)
Ext2::alloc_block SLOW: 104 ticks (read bitmap: 104, write metadata: 0)
Ext2::alloc_block SLOW: 80 ticks (read bitmap: 80, write metadata: 0)
Ext2::alloc_block SLOW: 64 ticks (read bitmap: 64, write metadata: 0)
Ext2::alloc_block SLOW: 65 ticks (read bitmap: 65, write metadata: 0)
Ext2::alloc_block SLOW: 61 ticks (read bitmap: 61, write metadata: 0)
Ext2::alloc_block SLOW: 66 ticks (read bitmap: 66, write metadata: 0)
Ext2::alloc_block SLOW: 52 ticks (read bitmap: 52, write metadata: 0)
Ext2::alloc_block SLOW: 70 ticks (read bitmap: 70, write metadata: 0)
Ext2::alloc_block SLOW: 60 ticks (read bitmap: 60, write metadata: 0)
Ext2::alloc_block SLOW: 68 ticks (read bitmap: 68, write metadata: 0)
Ext2::alloc_block SLOW: 73 ticks (read bitmap: 73, write metadata: 0)
Ext2::alloc_block SLOW: 85 ticks (read bitmap: 85, write metadata: 0)
Ext2::alloc_block SLOW: 83 ticks (read bitmap: 83, write metadata: 0)
Ext2::alloc_block SLOW: 73 ticks (read bitmap: 73, write metadata: 0)
Ext2::alloc_block SLOW: 64 ticks (read bitmap: 64, write metadata: 0)
Ext2::alloc_block SLOW: 76 ticks (read bitmap: 76, write metadata: 0)
Ext2::alloc_block SLOW: 81 ticks (read bitmap: 81, write metadata: 0)
Ext2::alloc_block SLOW: 85 ticks (read bitmap: 85, write metadata: 0)
Ext2::alloc_block SLOW: 157 ticks (read bitmap: 157, write metadata: 0)
Ext2::alloc_block SLOW: 143 ticks (read bitmap: 143, write metadata: 0)
Ext2::alloc_block SLOW: 100 ticks (read bitmap: 100, write metadata: 0)
Ext2::alloc_block SLOW: 71 ticks (read bitmap: 71, write metadata: 0)
Ext2::alloc_block SLOW: 113 ticks (read bitmap: 113, write metadata: 0)
Ext2::alloc_block SLOW: 80 ticks (read bitmap: 80, write metadata: 0)
Ext2::alloc_block SLOW: 87 ticks (read bitmap: 87, write metadata: 0)
Ext2::alloc_block SLOW: 113 ticks (read bitmap: 113, write metadata: 0)
Ext2::alloc_block SLOW: 93 ticks (read bitmap: 93, write metadata: 0)
Ext2::alloc_block SLOW: 128 ticks (read bitmap: 128, write metadata: 0)
Ext2::alloc_block SLOW: 80 ticks (read bitmap: 80, write metadata: 0)
Ext2::alloc_block SLOW: 74 ticks (read bitmap: 74, write metadata: 0)
Ext2::alloc_block SLOW: 85 ticks (read bitmap: 85, write metadata: 0)
Ext2::alloc_block SLOW: 93 ticks (read bitmap: 93, write metadata: 0)
Ext2::alloc_block SLOW: 88 ticks (read bitmap: 88, write metadata: 0)
Ext2::alloc_block SLOW: 110 ticks (read bitmap: 110, write metadata: 0)
Ext2::alloc_block SLOW: 77 ticks (read bitmap: 77, write metadata: 0)
Ext2::alloc_block SLOW: 78 ticks (read bitmap: 78, write metadata: 0)
Ext2::alloc_block SLOW: 84 ticks (read bitmap: 84, write metadata: 0)
Ext2::alloc_block SLOW: 107 ticks (read bitmap: 107, write metadata: 0)
Ext2::alloc_block SLOW: 273 ticks (read bitmap: 273, write metadata: 0)
Ext2::alloc_block SLOW: 263 ticks (read bitmap: 263, write metadata: 0)
Ext2::alloc_block SLOW: 246 ticks (read bitmap: 246, write metadata: 0)
Ext2::alloc_block SLOW: 132 ticks (read bitmap: 132, write metadata: 0)
Ext2::alloc_block SLOW: 86 ticks (read bitmap: 86, write metadata: 0)
Ext2::alloc_block SLOW: 89 ticks (read bitmap: 89, write metadata: 0)
Ext2::alloc_block SLOW: 86 ticks (read bitmap: 86, write metadata: 0)
Ext2::alloc_block SLOW: 71 ticks (read bitmap: 71, write metadata: 0)
Ext2::alloc_block SLOW: 82 ticks (read bitmap: 82, write metadata: 0)
Ext2::alloc_block SLOW: 95 ticks (read bitmap: 95, write metadata: 0)
Ext2::alloc_block SLOW: 93 ticks (read bitmap: 93, write metadata: 0)
Ext2::alloc_block SLOW: 316 ticks (read bitmap: 316, write metadata: 0)
Ext2::alloc_block SLOW: 295 ticks (read bitmap: 295, write metadata: 0)
Ext2::alloc_block SLOW: 414 ticks (read bitmap: 414, write metadata: 0)
Ext2::alloc_block SLOW: 378 ticks (read bitmap: 378, write metadata: 0)
Ext2::alloc_block SLOW: 338 ticks (read bitmap: 338, write metadata: 0)
Ext2::alloc_block SLOW: 288 ticks (read bitmap: 288, write metadata: 0)
Ext2::alloc_block SLOW: 295 ticks (read bitmap: 295, write metadata: 0)
Ext2::alloc_block SLOW: 308 ticks (read bitmap: 308, write metadata: 0)
Ext2::alloc_block SLOW: 77 ticks (read bitmap: 77, write metadata: 0)
Ext2::alloc_block SLOW: 361 ticks (read bitmap: 361, write metadata: 0)
Ext2::alloc_block SLOW: 227 ticks (read bitmap: 227, write metadata: 0)
Ext2::alloc_block SLOW: 219 ticks (read bitmap: 219, write metadata: 0)
Ext2::alloc_block SLOW: 313 ticks (read bitmap: 313, write metadata: 0)
Ext2::alloc_block SLOW: 288 ticks (read bitmap: 288, write metadata: 0)
Ext2::alloc_block SLOW: 387 ticks (read bitmap: 387, write metadata: 0)
Ext2::alloc_block SLOW: 370 ticks (read bitmap: 370, write metadata: 0)
Ext2::alloc_block SLOW: 355 ticks (read bitmap: 355, write metadata: 0)
Ext2::alloc_block SLOW: 292 ticks (read bitmap: 292, write metadata: 0)
Ext2::alloc_block SLOW: 289 ticks (read bitmap: 289, write metadata: 0)
Ext2::alloc_block SLOW: 69 ticks (read bitmap: 69, write metadata: 0)
Ext2::alloc_block SLOW: 346 ticks (read bitmap: 346, write metadata: 0)
Ext2::alloc_block SLOW: 369 ticks (read bitmap: 369, write metadata: 0)
Ext2::alloc_block SLOW: 425 ticks (read bitmap: 425, write metadata: 0)
Ext2::alloc_block SLOW: 298 ticks (read bitmap: 298, write metadata: 0)
Ext2::alloc_block SLOW: 360 ticks (read bitmap: 360, write metadata: 0)
Ext2::alloc_block SLOW: 131 ticks (read bitmap: 131, write metadata: 0)
Ext2::alloc_block SLOW: 120 ticks (read bitmap: 120, write metadata: 0)
Ext2::alloc_block SLOW: 87 ticks (read bitmap: 87, write metadata: 0)
Ext2::alloc_block SLOW: 74 ticks (read bitmap: 74, write metadata: 0)
Ext2::alloc_block SLOW: 73 ticks (read bitmap: 73, write metadata: 0)
Ext2::alloc_block SLOW: 67 ticks (read bitmap: 67, write metadata: 0)
Ext2::alloc_block SLOW: 72 ticks (read bitmap: 72, write metadata: 0)
Ext2::alloc_block SLOW: 81 ticks (read bitmap: 81, write metadata: 0)
Ext2::alloc_block SLOW: 120 ticks (read bitmap: 120, write metadata: 0)
Ext2::alloc_block SLOW: 81 ticks (read bitmap: 81, write metadata: 0)
Ext2::alloc_block SLOW: 103 ticks (read bitmap: 103, write metadata: 0)
Ext2::alloc_block SLOW: 72 ticks (read bitmap: 72, write metadata: 0)
Ext2::alloc_block SLOW: 390 ticks (read bitmap: 390, write metadata: 0)
Ext2::alloc_block SLOW: 254 ticks (read bitmap: 254, write metadata: 0)
Ext2::alloc_block SLOW: 354 ticks (read bitmap: 354, write metadata: 0)
Ext2::alloc_block SLOW: 297 ticks (read bitmap: 297, write metadata: 0)
Ext2::alloc_block SLOW: 296 ticks (read bitmap: 296, write metadata: 0)
Ext2::alloc_block SLOW: 515 ticks (read bitmap: 515, write metadata: 0)
Ext2::alloc_block SLOW: 293 ticks (read bitmap: 293, write metadata: 0)
Ext2::alloc_block SLOW: 293 ticks (read bitmap: 293, write metadata: 0)
Ext2::alloc_block SLOW: 99 ticks (read bitmap: 99, write metadata: 0)
Ext2::alloc_block SLOW: 94 ticks (read bitmap: 94, write metadata: 0)
Ext2::alloc_block SLOW: 65 ticks (read bitmap: 65, write metadata: 0)
Ext2::alloc_block SLOW: 100 ticks (read bitmap: 100, write metadata: 0)
Ext2::alloc_block SLOW: 120 ticks (read bitmap: 120, write metadata: 0)
Ext2::alloc_block SLOW: 97 ticks (read bitmap: 97, write metadata: 0)
Ext2::alloc_block SLOW: 73 ticks (read bitmap: 73, write metadata: 0)
Ext2::alloc_block SLOW: 120 ticks (read bitmap: 120, write metadata: 0)
Ext2::alloc_block SLOW: 80 ticks (read bitmap: 80, write metadata: 0)
Ext2::alloc_block SLOW: 73 ticks (read bitmap: 73, write metadata: 0)
Ext2::alloc_block SLOW: 107 ticks (read bitmap: 107, write metadata: 0)
Ext2::alloc_block SLOW: 99 ticks (read bitmap: 99, write metadata: 0)
Ext2::alloc_block SLOW: 78 ticks (read bitmap: 78, write metadata: 0)
Ext2::alloc_block SLOW: 103 ticks (read bitmap: 103, write metadata: 0)
Ext2::alloc_block SLOW: 106 ticks (read bitmap: 106, write metadata: 0)
Ext2::alloc_block SLOW: 103 ticks (read bitmap: 103, write metadata: 0)
Ext2::alloc_block SLOW: 111 ticks (read bitmap: 111, write metadata: 0)
Ext2::alloc_block SLOW: 111 ticks (read bitmap: 111, write metadata: 0)
Ext2::alloc_block SLOW: 104 ticks (read bitmap: 104, write metadata: 0)
Ext2::alloc_block SLOW: 101 ticks (read bitmap: 101, write metadata: 0)
Ext2::alloc_block SLOW: 100 ticks (read bitmap: 100, write metadata: 0)
Ext2::alloc_block SLOW: 90 ticks (read bitmap: 90, write metadata: 0)
Ext2::alloc_block SLOW: 411 ticks (read bitmap: 411, write metadata: 0)
Ext2::alloc_block SLOW: 344 ticks (read bitmap: 344, write metadata: 0)
Ext2::alloc_block SLOW: 289 ticks (read bitmap: 289, write metadata: 0)
Ext2::alloc_block SLOW: 343 ticks (read bitmap: 343, write metadata: 0)
Ext2::alloc_block SLOW: 241 ticks (read bitmap: 241, write metadata: 0)
Ext2::alloc_block SLOW: 554 ticks (read bitmap: 554, write metadata: 0)
Ext2::alloc_block SLOW: 593 ticks (read bitmap: 593, write metadata: 0)
Ext2::alloc_block SLOW: 402 ticks (read bitmap: 402, write metadata: 0)
Ext2::alloc_block SLOW: 461 ticks (read bitmap: 461, write metadata: 0)
Ext2::alloc_block SLOW: 581 ticks (read bitmap: 581, write metadata: 0)
Ext2::alloc_block SLOW: 740 ticks (read bitmap: 740, write metadata: 0)
Ext2::alloc_block SLOW: 579 ticks (read bitmap: 579, write metadata: 0)
Ext2::alloc_block SLOW: 594 ticks (read bitmap: 594, write metadata: 0)
Ext2::alloc_block SLOW: 651 ticks (read bitmap: 651, write metadata: 0)
Ext2::alloc_block SLOW: 289 ticks (read bitmap: 289, write metadata: 0)
Ext2::alloc_block SLOW: 225 ticks (read bitmap: 225, write metadata: 0)
Ext2::alloc_block SLOW: 663 ticks (read bitmap: 663, write metadata: 0)
Ext2::alloc_block SLOW: 642 ticks (read bitmap: 642, write metadata: 0)
Ext2::alloc_block SLOW: 734 ticks (read bitmap: 734, write metadata: 0)
Ext2::alloc_block SLOW: 753 ticks (read bitmap: 753, write metadata: 0)
Ext2::alloc_block SLOW: 719 ticks (read bitmap: 719, write metadata: 0)
Ext2::alloc_block SLOW: 581 ticks (read bitmap: 581, write metadata: 0)
Ext2::alloc_block SLOW: 794 ticks (read bitmap: 794, write metadata: 0)
Ext2::alloc_block SLOW: 257 ticks (read bitmap: 257, write metadata: 0)
Ext2::alloc_block SLOW: 642 ticks (read bitmap: 642, write metadata: 0)
Ext2::alloc_block SLOW: 879 ticks (read bitmap: 879, write metadata: 0)
Ext2::alloc_block SLOW: 673 ticks (read bitmap: 673, write metadata: 0)
Ext2::alloc_block SLOW: 713 ticks (read bitmap: 713, write metadata: 0)
Ext2::alloc_block SLOW: 278 ticks (read bitmap: 278, write metadata: 0)
Ext2::alloc_block SLOW: 341 ticks (read bitmap: 341, write metadata: 0)
Ext2::alloc_block SLOW: 425 ticks (read bitmap: 425, write metadata: 0)
Ext2::alloc_block SLOW: 446 ticks (read bitmap: 446, write metadata: 0)
Ext2::alloc_block SLOW: 433 ticks (read bitmap: 433, write metadata: 0)
Ext2::alloc_block SLOW: 666 ticks (read bitmap: 666, write metadata: 0)
Ext2::alloc_block SLOW: 773 ticks (read bitmap: 773, write metadata: 0)
Ext2::alloc_block SLOW: 810 ticks (read bitmap: 810, write metadata: 0)
Ext2::alloc_block SLOW: 799 ticks (read bitmap: 799, write metadata: 0)
Ext2::alloc_block SLOW: 584 ticks (read bitmap: 584, write metadata: 0)
Ext2::alloc_block SLOW: 1073 ticks (read bitmap: 1073, write metadata: 0)
Ext2::alloc_block SLOW: 386 ticks (read bitmap: 386, write metadata: 0)
Ext2::alloc_block SLOW: 359 ticks (read bitmap: 359, write metadata: 0)
Ext2::alloc_block SLOW: 369 ticks (read bitmap: 369, write metadata: 0)
Ext2::alloc_block SLOW: 74 ticks (read bitmap: 74, write metadata: 0)
Ext2::alloc_block SLOW: 48 ticks (read bitmap: 48, write metadata: 0)
Ext2::alloc_block SLOW: 70 ticks (read bitmap: 70, write metadata: 0)
Ext2::alloc_block SLOW: 65 ticks (read bitmap: 65, write metadata: 0)
Ext2::alloc_block SLOW: 76 ticks (read bitmap: 76, write metadata: 0)
Ext2::alloc_block SLOW: 67 ticks (read bitmap: 67, write metadata: 0)
Ext2::alloc_block SLOW: 45 ticks (read bitmap: 45, write metadata: 0)
Ext2::alloc_block SLOW: 56 ticks (read bitmap: 56, write metadata: 0)
Ext2::alloc_block SLOW: 68 ticks (read bitmap: 68, write metadata: 0)
Ext2::alloc_block SLOW: 69 ticks (read bitmap: 69, write metadata: 0)
Ext2::alloc_block SLOW: 44 ticks (read bitmap: 44, write metadata: 0)
Ext2::alloc_block SLOW: 72 ticks (read bitmap: 72, write metadata: 0)
Ext2::alloc_block SLOW: 72 ticks (read bitmap: 72, write metadata: 0)
Ext2::alloc_block SLOW: 69 ticks (read bitmap: 69, write metadata: 0)
Ext2::alloc_block SLOW: 67 ticks (read bitmap: 67, write metadata: 0)
Ext2::alloc_block SLOW: 71 ticks (read bitmap: 71, write metadata: 0)
Ext2::alloc_block SLOW: 74 ticks (read bitmap: 74, write metadata: 0)
Ext2::alloc_block SLOW: 69 ticks (read bitmap: 69, write metadata: 0)
Ext2::alloc_block SLOW: 57 ticks (read bitmap: 57, write metadata: 0)
Ext2::alloc_block SLOW: 65 ticks (read bitmap: 65, write metadata: 0)
Ext2::alloc_block SLOW: 39 ticks (read bitmap: 39, write metadata: 0)
Ext2::alloc_block SLOW: 71 ticks (read bitmap: 71, write metadata: 0)
Ext2::alloc_block SLOW: 77 ticks (read bitmap: 77, write metadata: 0)
Ext2::alloc_block SLOW: 58 ticks (read bitmap: 58, write metadata: 0)
Ext2::alloc_block SLOW: 72 ticks (read bitmap: 72, write metadata: 0)
Ext2::alloc_block SLOW: 63 ticks (read bitmap: 63, write metadata: 0)
Ext2::alloc_block SLOW: 78 ticks (read bitmap: 78, write metadata: 0)
Ext2::alloc_block SLOW: 44 ticks (read bitmap: 44, write metadata: 0)
Ext2::alloc_block SLOW: 59 ticks (read bitmap: 59, write metadata: 0)
Ext2::alloc_block SLOW: 57 ticks (read bitmap: 57, write metadata: 0)
Ext2::alloc_block SLOW: 57 ticks (read bitmap: 57, write metadata: 0)
Ext2::alloc_block SLOW: 65 ticks (read bitmap: 65, write metadata: 0)
Ext2::alloc_block SLOW: 54 ticks (read bitmap: 54, write metadata: 0)
Ext2::alloc_block SLOW: 58 ticks (read bitmap: 58, write metadata: 0)
Ext2::alloc_block SLOW: 47 ticks (read bitmap: 47, write metadata: 0)
Ext2::alloc_block SLOW: 70 ticks (read bitmap: 70, write metadata: 0)
Ext2::alloc_block SLOW: 55 ticks (read bitmap: 55, write metadata: 0)
Ext2::alloc_block SLOW: 74 ticks (read bitmap: 74, write metadata: 0)
Ext2::alloc_block SLOW: 91 ticks (read bitmap: 91, write metadata: 0)
Ext2::alloc_block SLOW: 71 ticks (read bitmap: 71, write metadata: 0)
Ext2::alloc_block SLOW: 65 ticks (read bitmap: 65, write metadata: 0)
Ext2::alloc_block SLOW: 98 ticks (read bitmap: 98, write metadata: 0)
Ext2::alloc_block SLOW: 71 ticks (read bitmap: 71, write metadata: 0)
Ext2::alloc_block SLOW: 66 ticks (read bitmap: 66, write metadata: 0)
Ext2::alloc_block SLOW: 116 ticks (read bitmap: 116, write metadata: 0)
Ext2::alloc_block SLOW: 68 ticks (read bitmap: 68, write metadata: 0)
Ext2::alloc_block SLOW: 66 ticks (read bitmap: 66, write metadata: 0)
Ext2::alloc_block SLOW: 65 ticks (read bitmap: 65, write metadata: 0)
Ext2::alloc_block SLOW: 57 ticks (read bitmap: 57, write metadata: 0)
Ext2::alloc_block SLOW: 55 ticks (read bitmap: 55, write metadata: 0)
Ext2::alloc_block SLOW: 79 ticks (read bitmap: 79, write metadata: 0)
Ext2::alloc_block SLOW: 77 ticks (read bitmap: 77, write metadata: 0)
Ext2::alloc_block SLOW: 67 ticks (read bitmap: 67, write metadata: 0)
Ext2::alloc_block SLOW: 56 ticks (read bitmap: 56, write metadata: 0)
Ext2::alloc_block SLOW: 72 ticks (read bitmap: 72, write metadata: 0)
Ext2::alloc_block SLOW: 72 ticks (read bitmap: 72, write metadata: 0)
Ext2::alloc_block SLOW: 79 ticks (read bitmap: 79, write metadata: 0)
Ext2::alloc_block SLOW: 72 ticks (read bitmap: 72, write metadata: 0)
Ext2::alloc_block SLOW: 66 ticks (read bitmap: 66, write metadata: 0)
Ext2::alloc_block SLOW: 63 ticks (read bitmap: 63, write metadata: 0)
Ext2::alloc_block SLOW: 89 ticks (read bitmap: 89, write metadata: 0)
Ext2::alloc_block SLOW: 60 ticks (read bitmap: 60, write metadata: 0)
Ext2::alloc_block SLOW: 132 ticks (read bitmap: 132, write metadata: 0)
Ext2::alloc_block SLOW: 66 ticks (read bitmap: 66, write metadata: 0)
Ext2::alloc_block SLOW: 67 ticks (read bitmap: 67, write metadata: 0)
Ext2::alloc_block SLOW: 58 ticks (read bitmap: 58, write metadata: 0)
Ext2::alloc_block SLOW: 66 ticks (read bitmap: 66, write metadata: 0)
Ext2::alloc_block SLOW: 64 ticks (read bitmap: 64, write metadata: 0)
Ext2::alloc_block SLOW: 61 ticks (read bitmap: 61, write metadata: 0)
Ext2::alloc_block SLOW: 79 ticks (read bitmap: 79, write metadata: 0)
Ext2::alloc_block SLOW: 82 ticks (read bitmap: 82, write metadata: 0)
Ext2::alloc_block SLOW: 57 ticks (read bitmap: 57, write metadata: 0)
Ext2::alloc_block SLOW: 65 ticks (read bitmap: 65, write metadata: 0)
Ext2::alloc_block SLOW: 74 ticks (read bitmap: 74, write metadata: 0)
Ext2::alloc_block SLOW: 78 ticks (read bitmap: 78, write metadata: 0)
Ext2::alloc_block SLOW: 69 ticks (read bitmap: 69, write metadata: 0)
Ext2::alloc_block SLOW: 58 ticks (read bitmap: 58, write metadata: 0)
Ext2::alloc_block SLOW: 66 ticks (read bitmap: 66, write metadata: 0)
Ext2::alloc_block SLOW: 54 ticks (read bitmap: 54, write metadata: 0)
Ext2::alloc_block SLOW: 66 ticks (read bitmap: 66, write metadata: 0)
Ext2::alloc_block SLOW: 77 ticks (read bitmap: 77, write metadata: 0)
Ext2::alloc_block SLOW: 105 ticks (read bitmap: 105, write metadata: 0)
Ext2::alloc_block SLOW: 57 ticks (read bitmap: 57, write metadata: 0)
Ext2::alloc_block SLOW: 127 ticks (read bitmap: 127, write metadata: 0)
Ext2::alloc_block SLOW: 99 ticks (read bitmap: 99, write metadata: 0)
Ext2::alloc_block SLOW: 77 ticks (read bitmap: 77, write metadata: 0)
Ext2::alloc_block SLOW: 68 ticks (read bitmap: 68, write metadata: 0)
Ext2::alloc_block SLOW: 301 ticks (read bitmap: 301, write metadata: 0)
Ext2::alloc_block SLOW: 423 ticks (read bitmap: 423, write metadata: 0)
Ext2::alloc_block SLOW: 253 ticks (read bitmap: 253, write metadata: 0)
Ext2::alloc_block SLOW: 399 ticks (read bitmap: 399, write metadata: 0)
Ext2::alloc_block SLOW: 468 ticks (read bitmap: 468, write metadata: 0)
Ext2::alloc_block SLOW: 120 ticks (read bitmap: 120, write metadata: 0)
Ext2::alloc_block SLOW: 314 ticks (read bitmap: 314, write metadata: 0)
Ext2::alloc_block SLOW: 221 ticks (read bitmap: 221, write metadata: 0)
Ext2::alloc_block SLOW: 110 ticks (read bitmap: 110, write metadata: 0)
Ext2::alloc_block SLOW: 374 ticks (read bitmap: 374, write metadata: 0)
Ext2::alloc_block SLOW: 402 ticks (read bitmap: 402, write metadata: 0)
Ext2::alloc_block SLOW: 288 ticks (read bitmap: 288, write metadata: 0)
Ext2::alloc_block SLOW: 366 ticks (read bitmap: 366, write metadata: 0)
Ext2::alloc_block SLOW: 90 ticks (read bitmap: 90, write metadata: 0)
Ext2::alloc_block SLOW: 54 ticks (read bitmap: 54, write metadata: 0)
Ext2::alloc_block SLOW: 84 ticks (read bitmap: 84, write metadata: 0)
Ext2::alloc_block SLOW: 63 ticks (read bitmap: 63, write metadata: 0)
Ext2::alloc_block SLOW: 82 ticks (read bitmap: 82, write metadata: 0)
Ext2::alloc_block SLOW: 76 ticks (read bitmap: 76, write metadata: 0)
Ext2::alloc_block SLOW: 68 ticks (read bitmap: 68, write metadata: 0)
Ext2::alloc_block SLOW: 67 ticks (read bitmap: 67, write metadata: 0)
Ext2::alloc_block SLOW: 201 ticks (read bitmap: 201, write metadata: 0)
Ext2::alloc_block SLOW: 558 ticks (read bitmap: 558, write metadata: 0)
Ext2::alloc_block SLOW: 98 ticks (read bitmap: 98, write metadata: 0)
Ext2::alloc_block SLOW: 95 ticks (read bitmap: 95, write metadata: 0)
Ext2::alloc_block SLOW: 77 ticks (read bitmap: 77, write metadata: 0)
Ext2::alloc_block SLOW: 261 ticks (read bitmap: 261, write metadata: 0)
Ext2::alloc_block SLOW: 88 ticks (read bitmap: 88, write metadata: 0)
Ext2::alloc_block SLOW: 481 ticks (read bitmap: 481, write metadata: 0)
Ext2::alloc_block SLOW: 626 ticks (read bitmap: 626, write metadata: 0)
Ext2::alloc_block SLOW: 277 ticks (read bitmap: 277, write metadata: 0)
Ext2::alloc_block SLOW: 308 ticks (read bitmap: 308, write metadata: 0)
Ext2::alloc_block SLOW: 732 ticks (read bitmap: 732, write metadata: 0)
Ext2::alloc_block SLOW: 731 ticks (read bitmap: 731, write metadata: 0)
Ext2::alloc_block SLOW: 699 ticks (read bitmap: 699, write metadata: 0)
Ext2::alloc_block SLOW: 719 ticks (read bitmap: 719, write metadata: 0)
Ext2::alloc_block SLOW: 919 ticks (read bitmap: 919, write metadata: 0)
Ext2::alloc_block SLOW: 465 ticks (read bitmap: 465, write metadata: 0)
Ext2::alloc_block SLOW: 746 ticks (read bitmap: 746, write metadata: 0)
Ext2::alloc_block SLOW: 792 ticks (read bitmap: 792, write metadata: 0)
Ext2::alloc_block SLOW: 313 ticks (read bitmap: 313, write metadata: 0)
Ext2::alloc_block SLOW: 155 ticks (read bitmap: 155, write metadata: 0)
Ext2::alloc_block SLOW: 262 ticks (read bitmap: 262, write metadata: 0)
Ext2::alloc_block SLOW: 306 ticks (read bitmap: 306, write metadata: 0)
Ext2::alloc_block SLOW: 385 ticks (read bitmap: 385, write metadata: 0)
Ext2::alloc_block SLOW: 277 ticks (read bitmap: 277, write metadata: 0)
Ext2::alloc_block SLOW: 170 ticks (read bitmap: 170, write metadata: 0)
Ext2::alloc_block SLOW: 266 ticks (read bitmap: 266, write metadata: 0)
Ext2::alloc_block SLOW: 255 ticks (read bitmap: 255, write metadata: 0)
Ext2::alloc_block SLOW: 264 ticks (read bitmap: 264, write metadata: 0)
Ext2::alloc_block SLOW: 205 ticks (read bitmap: 205, write metadata: 0)
Ext2::alloc_block SLOW: 228 ticks (read bitmap: 228, write metadata: 0)
Ext2::alloc_block SLOW: 201 ticks (read bitmap: 201, write metadata: 0)
Ext2::alloc_block SLOW: 229 ticks (read bitmap: 229, write metadata: 0)
Ext2::alloc_block SLOW: 347 ticks (read bitmap: 347, write metadata: 0)
Ext2::alloc_block SLOW: 301 ticks (read bitmap: 301, write metadata: 0)
Ext2::alloc_block SLOW: 311 ticks (read bitmap: 311, write metadata: 0)
Ext2::alloc_block SLOW: 249 ticks (read bitmap: 249, write metadata: 0)
Ext2::alloc_block SLOW: 358 ticks (read bitmap: 358, write metadata: 0)
Ext2::alloc_block SLOW: 655 ticks (read bitmap: 655, write metadata: 0)
Ext2::alloc_block SLOW: 270 ticks (read bitmap: 270, write metadata: 0)
Ext2::alloc_block SLOW: 338 ticks (read bitmap: 338, write metadata: 0)
Ext2::alloc_block SLOW: 230 ticks (read bitmap: 230, write metadata: 0)
Ext2::alloc_block SLOW: 177 ticks (read bitmap: 177, write metadata: 0)
Ext2::alloc_block SLOW: 321 ticks (read bitmap: 321, write metadata: 0)
Ext2::alloc_block SLOW: 270 ticks (read bitmap: 270, write metadata: 0)
Ext2::alloc_block SLOW: 77 ticks (read bitmap: 77, write metadata: 0)
Ext2::alloc_block SLOW: 258 ticks (read bitmap: 258, write metadata: 0)
Ext2::alloc_block SLOW: 236 ticks (read bitmap: 236, write metadata: 0)
Ext2::alloc_block SLOW: 519 ticks (read bitmap: 519, write metadata: 0)
Ext2::alloc_block SLOW: 643 ticks (read bitmap: 643, write metadata: 0)
Ext2::alloc_block SLOW: 453 ticks (read bitmap: 453, write metadata: 0)
Ext2::alloc_block SLOW: 333 ticks (read bitmap: 333, write metadata: 0)
Ext2::alloc_block SLOW: 821 ticks (read bitmap: 821, write metadata: 0)
Ext2::alloc_block SLOW: 350 ticks (read bitmap: 350, write metadata: 0)
Ext2::alloc_block SLOW: 540 ticks (read bitmap: 540, write metadata: 0)
Ext2::alloc_block SLOW: 326 ticks (read bitmap: 326, write metadata: 0)
Ext2::alloc_block SLOW: 540 ticks (read bitmap: 540, write metadata: 0)
Ext2::alloc_block SLOW: 278 ticks (read bitmap: 278, write metadata: 0)
Ext2::alloc_block SLOW: 284 ticks (read bitmap: 284, write metadata: 0)
Ext2::alloc_block SLOW: 534 ticks (read bitmap: 534, write metadata: 0)
Ext2::alloc_block SLOW: 499 ticks (read bitmap: 499, write metadata: 0)
Ext2::alloc_block SLOW: 623 ticks (read bitmap: 623, write metadata: 0)
Ext2::alloc_block SLOW: 570 ticks (read bitmap: 570, write metadata: 0)
Ext2::alloc_block SLOW: 651 ticks (read bitmap: 651, write metadata: 0)
Ext2::alloc_block SLOW: 657 ticks (read bitmap: 657, write metadata: 0)
Ext2::alloc_block SLOW: 702 ticks (read bitmap: 702, write metadata: 0)
Ext2::alloc_block SLOW: 1635 ticks (read bitmap: 1635, write metadata: 0)
Ext2::alloc_block SLOW: 484 ticks (read bitmap: 484, write metadata: 0)
Ext2::alloc_block SLOW: 387 ticks (read bitmap: 387, write metadata: 0)
Ext2::alloc_block SLOW: 706 ticks (read bitmap: 706, write metadata: 0)
Ext2::alloc_block SLOW: 999 ticks (read bitmap: 999, write metadata: 0)
Ext2::alloc_block SLOW: 973 ticks (read bitmap: 973, write metadata: 0)
Ext2::alloc_block SLOW: 947 ticks (read bitmap: 947, write metadata: 0)
Ext2::alloc_block SLOW: 666 ticks (read bitmap: 666, write metadata: 0)
Ext2::alloc_block SLOW: 825 ticks (read bitmap: 825, write metadata: 0)
Ext2::alloc_block SLOW: 771 ticks (read bitmap: 771, write metadata: 0)
Ext2::alloc_block SLOW: 700 ticks (read bitmap: 700, write metadata: 0)
Ext2::alloc_block SLOW: 359 ticks (read bitmap: 359, write metadata: 0)
Ext2::alloc_block SLOW: 365 ticks (read bitmap: 365, write metadata: 0)
Ext2::alloc_block SLOW: 301 ticks (read bitmap: 301, write metadata: 0)
Ext2::alloc_block SLOW: 763 ticks (read bitmap: 763, write metadata: 0)
Ext2::alloc_block SLOW: 423 ticks (read bitmap: 423, write metadata: 0)
Ext2::alloc_block SLOW: 119 ticks (read bitmap: 119, write metadata: 0)
Ext2::alloc_block SLOW: 130 ticks (read bitmap: 130, write metadata: 0)
Ext2::alloc_block SLOW: 110 ticks (read bitmap: 110, write metadata: 0)
Ext2::alloc_block SLOW: 118 ticks (read bitmap: 118, write metadata: 0)
Ext2::alloc_block SLOW: 95 ticks (read bitmap: 95, write metadata: 0)
Ext2::alloc_block SLOW: 83 ticks (read bitmap: 83, write metadata: 0)
Ext2::alloc_block SLOW: 85 ticks (read bitmap: 85, write metadata: 0)
Ext2::alloc_block SLOW: 44 ticks (read bitmap: 44, write metadata: 0)
Ext2::alloc_block SLOW: 52 ticks (read bitmap: 52, write metadata: 0)
Ext2::alloc_block SLOW: 73 ticks (read bitmap: 73, write metadata: 0)
Ext2::alloc_block SLOW: 69 ticks (read bitmap: 69, write metadata: 0)
Ext2::alloc_block SLOW: 102 ticks (read bitmap: 102, write metadata: 0)
Ext2::alloc_block SLOW: 300 ticks (read bitmap: 300, write metadata: 0)
Ext2::alloc_block SLOW: 166 ticks (read bitmap: 166, write metadata: 0)
Ext2::alloc_block SLOW: 69 ticks (read bitmap: 69, write metadata: 0)
Ext2::alloc_block SLOW: 209 ticks (read bitmap: 209, write metadata: 0)
Ext2::alloc_block SLOW: 217 ticks (read bitmap: 217, write metadata: 0)
Ext2::alloc_block SLOW: 326 ticks (read bitmap: 326, write metadata: 0)
Ext2::alloc_block SLOW: 101 ticks (read bitmap: 101, write metadata: 0)
Ext2::alloc_block SLOW: 102 ticks (read bitmap: 102, write metadata: 0)
Ext2::alloc_block SLOW: 297 ticks (read bitmap: 297, write metadata: 0)
Ext2::alloc_block SLOW: 299 ticks (read bitmap: 299, write metadata: 0)
Ext2::alloc_block SLOW: 397 ticks (read bitmap: 397, write metadata: 0)
Ext2::alloc_block SLOW: 709 ticks (read bitmap: 709, write metadata: 0)
Ext2::alloc_block SLOW: 720 ticks (read bitmap: 720, write metadata: 0)
Ext2::alloc_block SLOW: 674 ticks (read bitmap: 674, write metadata: 0)
Ext2::alloc_block SLOW: 852 ticks (read bitmap: 852, write metadata: 0)
Ext2::alloc_block SLOW: 739 ticks (read bitmap: 739, write metadata: 0)
Ext2::alloc_block SLOW: 138 ticks (read bitmap: 138, write metadata: 0)
Ext2::alloc_block SLOW: 309 ticks (read bitmap: 309, write metadata: 0)
Ext2::alloc_block SLOW: 121 ticks (read bitmap: 121, write metadata: 0)
Ext2::alloc_block SLOW: 96 ticks (read bitmap: 96, write metadata: 0)
Ext2::alloc_block SLOW: 76 ticks (read bitmap: 76, write metadata: 0)
Ext2::alloc_block SLOW: 86 ticks (read bitmap: 86, write metadata: 0)
Ext2::alloc_block SLOW: 88 ticks (read bitmap: 88, write metadata: 0)
Ext2::alloc_block SLOW: 64 ticks (read bitmap: 64, write metadata: 0)
Ext2::alloc_block SLOW: 59 ticks (read bitmap: 59, write metadata: 0)
Ext2::alloc_block SLOW: 389 ticks (read bitmap: 389, write metadata: 0)
Ext2::alloc_block SLOW: 290 ticks (read bitmap: 290, write metadata: 0)
Ext2::alloc_block SLOW: 99 ticks (read bitmap: 99, write metadata: 0)
Ext2::alloc_block SLOW: 105 ticks (read bitmap: 105, write metadata: 0)
Ext2::alloc_block SLOW: 340 ticks (read bitmap: 340, write metadata: 0)
Ext2::alloc_block SLOW: 122 ticks (read bitmap: 122, write metadata: 0)
Ext2::alloc_block SLOW: 109 ticks (read bitmap: 109, write metadata: 0)
Ext2::alloc_block SLOW: 237 ticks (read bitmap: 237, write metadata: 0)
Ext2::alloc_block SLOW: 293 ticks (read bitmap: 293, write metadata: 0)
Ext2::alloc_block SLOW: 258 ticks (read bitmap: 258, write metadata: 0)
Ext2::alloc_block SLOW: 258 ticks (read bitmap: 258, write metadata: 0)
Ext2::alloc_block SLOW: 127 ticks (read bitmap: 127, write metadata: 0)
Ext2::alloc_block SLOW: 233 ticks (read bitmap: 233, write metadata: 0)
Ext2::alloc_block SLOW: 187 ticks (read bitmap: 187, write metadata: 0)
Ext2::alloc_block SLOW: 682 ticks (read bitmap: 682, write metadata: 0)
Ext2::alloc_block SLOW: 504 ticks (read bitmap: 504, write metadata: 0)
Ext2::alloc_block SLOW: 522 ticks (read bitmap: 522, write metadata: 0)
Ext2::alloc_block SLOW: 577 ticks (read bitmap: 577, write metadata: 0)
Ext2::alloc_block SLOW: 611 ticks (read bitmap: 611, write metadata: 0)
Ext2::alloc_block SLOW: 600 ticks (read bitmap: 600, write metadata: 0)
Ext2::alloc_block SLOW: 495 ticks (read bitmap: 495, write metadata: 0)
Ext2::alloc_block SLOW: 473 ticks (read bitmap: 473, write metadata: 0)
Ext2::alloc_block SLOW: 669 ticks (read bitmap: 669, write metadata: 0)
Ext2::alloc_block SLOW: 205 ticks (read bitmap: 205, write metadata: 0)
Ext2::alloc_block SLOW: 652 ticks (read bitmap: 652, write metadata: 0)
Ext2::alloc_block SLOW: 684 ticks (read bitmap: 684, write metadata: 0)
Ext2::alloc_block SLOW: 671 ticks (read bitmap: 671, write metadata: 0)
Ext2::alloc_block SLOW: 540 ticks (read bitmap: 540, write metadata: 0)
Ext2::alloc_block SLOW: 483 ticks (read bitmap: 483, write metadata: 0)
Ext2::alloc_block SLOW: 554 ticks (read bitmap: 554, write metadata: 0)
Ext2::alloc_block SLOW: 580 ticks (read bitmap: 580, write metadata: 0)
Ext2::alloc_block SLOW: 474 ticks (read bitmap: 474, write metadata: 0)
Ext2::alloc_block SLOW: 652 ticks (read bitmap: 652, write metadata: 0)
Ext2::alloc_block SLOW: 787 ticks (read bitmap: 787, write metadata: 0)
Ext2::alloc_block SLOW: 601 ticks (read bitmap: 601, write metadata: 0)
Ext2::alloc_block SLOW: 772 ticks (read bitmap: 772, write metadata: 0)
Ext2::alloc_block SLOW: 610 ticks (read bitmap: 610, write metadata: 0)
Ext2::alloc_block SLOW: 634 ticks (read bitmap: 634, write metadata: 0)
Ext2::alloc_block SLOW: 803 ticks (read bitmap: 803, write metadata: 0)
Ext2::alloc_block SLOW: 347 ticks (read bitmap: 347, write metadata: 0)
Ext2::alloc_block SLOW: 232 ticks (read bitmap: 232, write metadata: 0)
Ext2::alloc_block SLOW: 498 ticks (read bitmap: 498, write metadata: 0)
Ext2::alloc_block SLOW: 784 ticks (read bitmap: 784, write metadata: 0)
Ext2::alloc_block SLOW: 433 ticks (read bitmap: 433, write metadata: 0)
Ext2::alloc_block SLOW: 699 ticks (read bitmap: 699, write metadata: 0)
Ext2::alloc_block SLOW: 684 ticks (read bitmap: 684, write metadata: 0)
Ext2::alloc_block SLOW: 593 ticks (read bitmap: 593, write metadata: 0)
Ext2::alloc_block SLOW: 450 ticks (read bitmap: 450, write metadata: 0)
Ext2::alloc_block SLOW: 158 ticks (read bitmap: 158, write metadata: 0)
Ext2::alloc_block SLOW: 247 ticks (read bitmap: 247, write metadata: 0)
Ext2::alloc_block SLOW: 811 ticks (read bitmap: 811, write metadata: 0)
Ext2::alloc_block SLOW: 548 ticks (read bitmap: 548, write metadata: 0)
Ext2::alloc_block SLOW: 1143 ticks (read bitmap: 1143, write metadata: 0)
Ext2::alloc_block SLOW: 953 ticks (read bitmap: 953, write metadata: 0)
Ext2::alloc_block SLOW: 593 ticks (read bitmap: 593, write metadata: 0)
Ext2::alloc_block SLOW: 554 ticks (read bitmap: 554, write metadata: 0)
Ext2::alloc_block SLOW: 801 ticks (read bitmap: 801, write metadata: 0)
Ext2::alloc_block SLOW: 133 ticks (read bitmap: 133, write metadata: 0)
Ext2::alloc_block SLOW: 54 ticks (read bitmap: 54, write metadata: 0)
Ext2::alloc_block SLOW: 44 ticks (read bitmap: 44, write metadata: 0)
Ext2::alloc_block SLOW: 54 ticks (read bitmap: 54, write metadata: 0)
Ext2::alloc_block SLOW: 47 ticks (read bitmap: 47, write metadata: 0)
Ext2::alloc_block SLOW: 60 ticks (read bitmap: 60, write metadata: 0)
Ext2::alloc_block SLOW: 44 ticks (read bitmap: 44, write metadata: 0)
Ext2::alloc_block SLOW: 42 ticks (read bitmap: 42, write metadata: 0)
Ext2::alloc_block SLOW: 54 ticks (read bitmap: 54, write metadata: 0)
Ext2::alloc_block SLOW: 43 ticks (read bitmap: 43, write metadata: 0)
Ext2::alloc_block SLOW: 68 ticks (read bitmap: 68, write metadata: 0)
Ext2::alloc_block SLOW: 214 ticks (read bitmap: 214, write metadata: 0)
Ext2::alloc_block SLOW: 349 ticks (read bitmap: 349, write metadata: 0)
Ext2::alloc_block SLOW: 62 ticks (read bitmap: 62, write metadata: 0)
Ext2::alloc_block SLOW: 49 ticks (read bitmap: 49, write metadata: 0)
Ext2::alloc_block SLOW: 46 ticks (read bitmap: 46, write metadata: 0)
Ext2::alloc_block SLOW: 41 ticks (read bitmap: 41, write metadata: 0)
Ext2::alloc_block SLOW: 56 ticks (read bitmap: 56, write metadata: 0)
Ext2::alloc_block SLOW: 341 ticks (read bitmap: 341, write metadata: 0)
Ext2::alloc_block SLOW: 311 ticks (read bitmap: 311, write metadata: 0)
Ext2::alloc_block SLOW: 233 ticks (read bitmap: 233, write metadata: 0)
Ext2::alloc_block SLOW: 59 ticks (read bitmap: 59, write metadata: 0)
Ext2::alloc_block SLOW: 68 ticks (read bitmap: 68, write metadata: 0)
Ext2::alloc_block SLOW: 50 ticks (read bitmap: 50, write metadata: 0)
Ext2::alloc_block SLOW: 41 ticks (read bitmap: 41, write metadata: 0)
Ext2::alloc_block SLOW: 50 ticks (read bitmap: 50, write metadata: 0)
Ext2::alloc_block SLOW: 234 ticks (read bitmap: 234, write metadata: 0)
Ext2::alloc_block SLOW: 290 ticks (read bitmap: 290, write metadata: 0)
Ext2::alloc_block SLOW: 312 ticks (read bitmap: 312, write metadata: 0)
Ext2::alloc_block SLOW: 74 ticks (read bitmap: 74, write metadata: 0)
Ext2::alloc_block SLOW: 254 ticks (read bitmap: 254, write metadata: 0)
Ext2::alloc_block SLOW: 64 ticks (read bitmap: 64, write metadata: 0)
Ext2::alloc_block SLOW: 77 ticks (read bitmap: 77, write metadata: 0)
Ext2::alloc_block SLOW: 64 ticks (read bitmap: 64, write metadata: 0)
Ext2::alloc_block SLOW: 56 ticks (read bitmap: 56, write metadata: 0)
Ext2::alloc_block SLOW: 281 ticks (read bitmap: 281, write metadata: 0)
Ext2::alloc_block SLOW: 65 ticks (read bitmap: 65, write metadata: 0)
Ext2::alloc_block SLOW: 57 ticks (read bitmap: 57, write metadata: 0)
Ext2::alloc_block SLOW: 300 ticks (read bitmap: 300, write metadata: 0)
Ext2::alloc_block SLOW: 274 ticks (read bitmap: 274, write metadata: 0)
Ext2::alloc_block SLOW: 61 ticks (read bitmap: 61, write metadata: 0)
Ext2::alloc_block SLOW: 216 ticks (read bitmap: 216, write metadata: 0)
Ext2::alloc_block SLOW: 271 ticks (read bitmap: 271, write metadata: 0)
Ext2::alloc_block SLOW: 286 ticks (read bitmap: 286, write metadata: 0)
Ext2::alloc_block SLOW: 275 ticks (read bitmap: 275, write metadata: 0)
Ext2::alloc_block SLOW: 47 ticks (read bitmap: 47, write metadata: 0)
Ext2::alloc_block SLOW: 50 ticks (read bitmap: 50, write metadata: 0)
Ext2::alloc_block SLOW: 270 ticks (read bitmap: 270, write metadata: 0)
Ext2::alloc_block SLOW: 297 ticks (read bitmap: 297, write metadata: 0)
Ext2::alloc_block SLOW: 284 ticks (read bitmap: 284, write metadata: 0)
Ext2::alloc_block SLOW: 250 ticks (read bitmap: 250, write metadata: 0)
Ext2::alloc_block SLOW: 225 ticks (read bitmap: 225, write metadata: 0)
Ext2::alloc_block SLOW: 300 ticks (read bitmap: 300, write metadata: 0)
Ext2::alloc_block SLOW: 390 ticks (read bitmap: 390, write metadata: 0)
Ext2::alloc_block SLOW: 315 ticks (read bitmap: 315, write metadata: 0)
Ext2::alloc_block SLOW: 60 ticks (read bitmap: 60, write metadata: 0)
Ext2::alloc_block SLOW: 285 ticks (read bitmap: 285, write metadata: 0)
Ext2::alloc_block SLOW: 334 ticks (read bitmap: 334, write metadata: 0)
Ext2::alloc_block SLOW: 312 ticks (read bitmap: 312, write metadata: 0)
Ext2::alloc_block SLOW: 294 ticks (read bitmap: 294, write metadata: 0)
Ext2::alloc_block SLOW: 252 ticks (read bitmap: 252, write metadata: 0)
Ext2::alloc_block SLOW: 204 ticks (read bitmap: 204, write metadata: 0)
Ext2::alloc_block SLOW: 301 ticks (read bitmap: 301, write metadata: 0)
Ext2::alloc_block SLOW: 277 ticks (read bitmap: 277, write metadata: 0)
Ext2::alloc_block SLOW: 252 ticks (read bitmap: 252, write metadata: 0)
Ext2::alloc_block SLOW: 305 ticks (read bitmap: 305, write metadata: 0)
Ext2::alloc_block SLOW: 83 ticks (read bitmap: 83, write metadata: 0)
Ext2::alloc_block SLOW: 265 ticks (read bitmap: 265, write metadata: 0)
Ext2::alloc_block SLOW: 92 ticks (read bitmap: 92, write metadata: 0)
Ext2::alloc_block SLOW: 287 ticks (read bitmap: 287, write metadata: 0)
Ext2::alloc_block SLOW: 334 ticks (read bitmap: 334, write metadata: 0)
Ext2::alloc_block SLOW: 362 ticks (read bitmap: 362, write metadata: 0)
Ext2::alloc_block SLOW: 187 ticks (read bitmap: 187, write metadata: 0)
Ext2::alloc_block SLOW: 455 ticks (read bitmap: 455, write metadata: 0)
Ext2::alloc_block SLOW: 291 ticks (read bitmap: 291, write metadata: 0)
Ext2::alloc_block SLOW: 222 ticks (read bitmap: 222, write metadata: 0)
Ext2::alloc_block SLOW: 90 ticks (read bitmap: 90, write metadata: 0)
Ext2::alloc_block SLOW: 302 ticks (read bitmap: 302, write metadata: 0)
Ext2::alloc_block SLOW: 196 ticks (read bitmap: 196, write metadata: 0)
Ext2::alloc_block SLOW: 229 ticks (read bitmap: 229, write metadata: 0)
Ext2::alloc_block SLOW: 380 ticks (read bitmap: 380, write metadata: 0)
Ext2::alloc_block SLOW: 66 ticks (read bitmap: 66, write metadata: 0)
Ext2::alloc_block SLOW: 348 ticks (read bitmap: 348, write metadata: 0)
Ext2::alloc_block SLOW: 54 ticks (read bitmap: 54, write metadata: 0)
Ext2::alloc_block SLOW: 64 ticks (read bitmap: 64, write metadata: 0)
Ext2::alloc_block SLOW: 287 ticks (read bitmap: 287, write metadata: 0)
Ext2::alloc_block SLOW: 78 ticks (read bitmap: 78, write metadata: 0)
Ext2::alloc_block SLOW: 55 ticks (read bitmap: 55, write metadata: 0)
Ext2::alloc_block SLOW: 323 ticks (read bitmap: 323, write metadata: 0)
Ext2::alloc_block SLOW: 236 ticks (read bitmap: 236, write metadata: 0)
Ext2::alloc_block SLOW: 317 ticks (read bitmap: 317, write metadata: 0)
Ext2::alloc_block SLOW: 362 ticks (read bitmap: 362, write metadata: 0)
Ext2::alloc_block SLOW: 418 ticks (read bitmap: 418, write metadata: 0)
Ext2::alloc_block SLOW: 200 ticks (read bitmap: 200, write metadata: 0)
Ext2::alloc_block SLOW: 55 ticks (read bitmap: 55, write metadata: 0)
Ext2::alloc_block SLOW: 222 ticks (read bitmap: 222, write metadata: 0)
Ext2::alloc_block SLOW: 139 ticks (read bitmap: 139, write metadata: 0)
Ext2::alloc_block SLOW: 341 ticks (read bitmap: 341, write metadata: 0)
Ext2::alloc_block SLOW: 243 ticks (read bitmap: 243, write metadata: 0)
Ext2::alloc_block SLOW: 264 ticks (read bitmap: 264, write metadata: 0)
Ext2::alloc_block SLOW: 348 ticks (read bitmap: 348, write metadata: 0)
Ext2::alloc_block SLOW: 224 ticks (read bitmap: 224, write metadata: 0)
Ext2::alloc_block SLOW: 228 ticks (read bitmap: 228, write metadata: 0)
Ext2::alloc_block SLOW: 226 ticks (read bitmap: 226, write metadata: 0)
Ext2::alloc_block SLOW: 285 ticks (read bitmap: 285, write metadata: 0)
Ext2::alloc_block SLOW: 371 ticks (read bitmap: 371, write metadata: 0)
Ext2::alloc_block SLOW: 392 ticks (read bitmap: 392, write metadata: 0)
Ext2::alloc_block SLOW: 341 ticks (read bitmap: 341, write metadata: 0)
Ext2::alloc_block SLOW: 435 ticks (read bitmap: 435, write metadata: 0)
Ext2::alloc_block SLOW: 326 ticks (read bitmap: 326, write metadata: 0)
Ext2::alloc_block SLOW: 488 ticks (read bitmap: 488, write metadata: 0)
Ext2::alloc_block SLOW: 94 ticks (read bitmap: 94, write metadata: 0)
Ext2::alloc_block SLOW: 704 ticks (read bitmap: 704, write metadata: 0)
Ext2::alloc_block SLOW: 587 ticks (read bitmap: 587, write metadata: 0)
Ext2::alloc_block SLOW: 485 ticks (read bitmap: 485, write metadata: 0)
Ext2::alloc_block SLOW: 583 ticks (read bitmap: 583, write metadata: 0)
Ext2::alloc_block SLOW: 381 ticks (read bitmap: 381, write metadata: 0)
Ext2::alloc_block SLOW: 390 ticks (read bitmap: 390, write metadata: 0)
Ext2::alloc_block SLOW: 730 ticks (read bitmap: 730, write metadata: 0)
Ext2::alloc_block SLOW: 307 ticks (read bitmap: 307, write metadata: 0)
Ext2::alloc_block SLOW: 236 ticks (read bitmap: 236, write metadata: 0)
Ext2::alloc_block SLOW: 768 ticks (read bitmap: 768, write metadata: 0)
Ext2::alloc_block SLOW: 424 ticks (read bitmap: 424, write metadata: 0)
Ext2::alloc_block SLOW: 481 ticks (read bitmap: 481, write metadata: 0)
Ext2::alloc_block SLOW: 382 ticks (read bitmap: 382, write metadata: 0)
Ext2::alloc_block SLOW: 713 ticks (read bitmap: 713, write metadata: 0)
Ext2::alloc_block SLOW: 437 ticks (read bitmap: 437, write metadata: 0)
Ext2::alloc_block SLOW: 285 ticks (read bitmap: 285, write metadata: 0)
Ext2::alloc_block SLOW: 707 ticks (read bitmap: 707, write metadata: 0)
Ext2::alloc_block SLOW: 469 ticks (read bitmap: 469, write metadata: 0)
Ext2::alloc_block SLOW: 704 ticks (read bitmap: 704, write metadata: 0)
Ext2::alloc_block SLOW: 503 ticks (read bitmap: 503, write metadata: 0)
Ext2::alloc_block SLOW: 445 ticks (read bitmap: 445, write metadata: 0)
Ext2::alloc_block SLOW: 656 ticks (read bitmap: 656, write metadata: 0)
Ext2::alloc_block SLOW: 606 ticks (read bitmap: 606, write metadata: 0)
Ext2::alloc_block SLOW: 565 ticks (read bitmap: 565, write metadata: 0)
Ext2::alloc_block SLOW: 924 ticks (read bitmap: 924, write metadata: 0)
Ext2::alloc_block SLOW: 702 ticks (read bitmap: 702, write metadata: 0)
Ext2::alloc_block SLOW: 444 ticks (read bitmap: 444, write metadata: 0)
Ext2::alloc_block SLOW: 900 ticks (read bitmap: 900, write metadata: 0)
Ext2::alloc_block SLOW: 701 ticks (read bitmap: 701, write metadata: 0)
Ext2::alloc_block SLOW: 582 ticks (read bitmap: 582, write metadata: 0)
Ext2::alloc_block SLOW: 432 ticks (read bitmap: 432, write metadata: 0)
Ext2::alloc_block SLOW: 447 ticks (read bitmap: 447, write metadata: 0)
Ext2::alloc_block SLOW: 213 ticks (read bitmap: 213, write metadata: 0)
Ext2::alloc_block SLOW: 359 ticks (read bitmap: 359, write metadata: 0)
Ext2::alloc_block SLOW: 1027 ticks (read bitmap: 1027, write metadata: 0)
Ext2::alloc_block SLOW: 315 ticks (read bitmap: 315, write metadata: 0)
Ext2::alloc_block SLOW: 282 ticks (read bitmap: 282, write metadata: 0)
Ext2::alloc_block SLOW: 283 ticks (read bitmap: 283, write metadata: 0)
Ext2::alloc_block SLOW: 305 ticks (read bitmap: 305, write metadata: 0)
Ext2::alloc_block SLOW: 311 ticks (read bitmap: 311, write metadata: 0)
Ext2::alloc_block SLOW: 253 ticks (read bitmap: 253, write metadata: 0)
Ext2::alloc_block SLOW: 452 ticks (read bitmap: 452, write metadata: 0)
Ext2::alloc_block SLOW: 808 ticks (read bitmap: 808, write metadata: 0)
Ext2::alloc_block SLOW: 833 ticks (read bitmap: 833, write metadata: 0)
Ext2::alloc_block SLOW: 749 ticks (read bitmap: 749, write metadata: 0)
Ext2::alloc_block SLOW: 848 ticks (read bitmap: 848, write metadata: 0)
Ext2::alloc_block SLOW: 775 ticks (read bitmap: 775, write metadata: 0)
Ext2::alloc_block SLOW: 478 ticks (read bitmap: 478, write metadata: 0)
Ext2::alloc_block SLOW: 552 ticks (read bitmap: 552, write metadata: 0)
Ext2::alloc_block SLOW: 563 ticks (read bitmap: 563, write metadata: 0)
Ext2::alloc_block SLOW: 414 ticks (read bitmap: 414, write metadata: 0)
Ext2::alloc_block SLOW: 769 ticks (read bitmap: 769, write metadata: 0)
Ext2::alloc_block SLOW: 677 ticks (read bitmap: 677, write metadata: 0)
Ext2::alloc_block SLOW: 694 ticks (read bitmap: 694, write metadata: 0)
Ext2::alloc_block SLOW: 294 ticks (read bitmap: 294, write metadata: 0)
Ext2::alloc_block SLOW: 242 ticks (read bitmap: 242, write metadata: 0)
Ext2::alloc_block SLOW: 230 ticks (read bitmap: 230, write metadata: 0)
Ext2::alloc_block SLOW: 334 ticks (read bitmap: 334, write metadata: 0)
Ext2::alloc_block SLOW: 385 ticks (read bitmap: 385, write metadata: 0)
Ext2::alloc_block SLOW: 177 ticks (read bitmap: 177, write metadata: 0)
Ext2::alloc_block SLOW: 557 ticks (read bitmap: 557, write metadata: 0)
Ext2::alloc_block SLOW: 368 ticks (read bitmap: 368, write metadata: 0)
Ext2::alloc_block SLOW: 552 ticks (read bitmap: 552, write metadata: 0)
Ext2::alloc_block SLOW: 664 ticks (read bitmap: 664, write metadata: 0)
Ext2::alloc_block SLOW: 652 ticks (read bitmap: 652, write metadata: 0)
Ext2::alloc_block SLOW: 772 ticks (read bitmap: 772, write metadata: 0)
Ext2::alloc_block SLOW: 471 ticks (read bitmap: 471, write metadata: 0)
Ext2::alloc_block SLOW: 460 ticks (read bitmap: 460, write metadata: 0)
Ext2::alloc_block SLOW: 677 ticks (read bitmap: 677, write metadata: 0)
Ext2::alloc_block SLOW: 610 ticks (read bitmap: 610, write metadata: 0)
Ext2::alloc_block SLOW: 889 ticks (read bitmap: 889, write metadata: 0)
Ext2::alloc_block SLOW: 747 ticks (read bitmap: 747, write metadata: 0)
Ext2::alloc_block SLOW: 809 ticks (read bitmap: 809, write metadata: 0)
Ext2::alloc_block SLOW: 689 ticks (read bitmap: 689, write metadata: 0)
Ext2::alloc_block SLOW: 639 ticks (read bitmap: 639, write metadata: 0)
Ext2::alloc_block SLOW: 750 ticks (read bitmap: 750, write metadata: 0)
Ext2::alloc_block SLOW: 755 ticks (read bitmap: 755, write metadata: 0)
Ext2::alloc_block SLOW: 419 ticks (read bitmap: 419, write metadata: 0)
Ext2::alloc_block SLOW: 516 ticks (read bitmap: 516, write metadata: 0)
Ext2::alloc_block SLOW: 469 ticks (read bitmap: 469, write metadata: 0)
Ext2::alloc_block SLOW: 601 ticks (read bitmap: 601, write metadata: 0)
Ext2::alloc_block SLOW: 1022 ticks (read bitmap: 1022, write metadata: 0)
Ext2::alloc_block SLOW: 467 ticks (read bitmap: 467, write metadata: 0)
Ext2::alloc_block SLOW: 781 ticks (read bitmap: 781, write metadata: 0)
Ext2::alloc_block SLOW: 825 ticks (read bitmap: 825, write metadata: 0)
Ext2::alloc_block SLOW: 427 ticks (read bitmap: 427, write metadata: 0)
Ext2::alloc_block SLOW: 806 ticks (read bitmap: 806, write metadata: 0)
Ext2::alloc_block SLOW: 119 ticks (read bitmap: 119, write metadata: 0)
Ext2::alloc_block SLOW: 314 ticks (read bitmap: 314, write metadata: 0)
Ext2::alloc_block SLOW: 753 ticks (read bitmap: 753, write metadata: 0)
Ext2::alloc_block SLOW: 658 ticks (read bitmap: 658, write metadata: 0)
Ext2::alloc_block SLOW: 286 ticks (read bitmap: 286, write metadata: 0)
Ext2::alloc_block SLOW: 567 ticks (read bitmap: 567, write metadata: 0)
Ext2::alloc_block SLOW: 634 ticks (read bitmap: 634, write metadata: 0)
Ext2::alloc_block SLOW: 286 ticks (read bitmap: 286, write metadata: 0)
Ext2::alloc_block SLOW: 525 ticks (read bitmap: 525, write metadata: 0)
Ext2::alloc_block SLOW: 557 ticks (read bitmap: 557, write metadata: 0)
Ext2::alloc_block SLOW: 469 ticks (read bitmap: 469, write metadata: 0)
Ext2::alloc_block SLOW: 252 ticks (read bitmap: 252, write metadata: 0)
Ext2::alloc_block SLOW: 477 ticks (read bitmap: 477, write metadata: 0)
Ext2::alloc_block SLOW: 543 ticks (read bitmap: 543, write metadata: 0)
Ext2::alloc_block SLOW: 557 ticks (read bitmap: 557, write metadata: 0)
Ext2::alloc_block SLOW: 458 ticks (read bitmap: 458, write metadata: 0)
Ext2::alloc_block SLOW: 462 ticks (read bitmap: 462, write metadata: 0)
Ext2::alloc_block SLOW: 244 ticks (read bitmap: 244, write metadata: 0)
Ext2::alloc_block SLOW: 542 ticks (read bitmap: 542, write metadata: 0)
Ext2::alloc_block SLOW: 514 ticks (read bitmap: 514, write metadata: 0)
Ext2::alloc_block SLOW: 475 ticks (read bitmap: 475, write metadata: 0)
Ext2::alloc_block SLOW: 429 ticks (read bitmap: 429, write metadata: 0)
Ext2::alloc_block SLOW: 514 ticks (read bitmap: 514, write metadata: 0)
Ext2::alloc_block SLOW: 592 ticks (read bitmap: 592, write metadata: 0)
Ext2::alloc_block SLOW: 660 ticks (read bitmap: 660, write metadata: 0)
Ext2::alloc_block SLOW: 641 ticks (read bitmap: 641, write metadata: 0)
Ext2::alloc_block SLOW: 315 ticks (read bitmap: 315, write metadata: 0)
Ext2::alloc_block SLOW: 364 ticks (read bitmap: 364, write metadata: 0)
Ext2::alloc_block SLOW: 441 ticks (read bitmap: 441, write metadata: 0)
Ext2::alloc_block SLOW: 525 ticks (read bitmap: 525, write metadata: 0)
Ext2::alloc_block SLOW: 532 ticks (read bitmap: 532, write metadata: 0)
Ext2::alloc_block SLOW: 493 ticks (read bitmap: 493, write metadata: 0)
Ext2::alloc_block SLOW: 479 ticks (read bitmap: 479, write metadata: 0)
Ext2::alloc_block SLOW: 400 ticks (read bitmap: 400, write metadata: 0)
Ext2::alloc_block SLOW: 474 ticks (read bitmap: 474, write metadata: 0)
Ext2::alloc_block SLOW: 460 ticks (read bitmap: 460, write metadata: 0)
Ext2::alloc_block SLOW: 189 ticks (read bitmap: 189, write metadata: 0)
Ext2::alloc_block SLOW: 580 ticks (read bitmap: 580, write metadata: 0)
Ext2::alloc_block SLOW: 403 ticks (read bitmap: 403, write metadata: 0)
Ext2::alloc_block SLOW: 704 ticks (read bitmap: 704, write metadata: 0)
Ext2::alloc_block SLOW: 553 ticks (read bitmap: 553, write metadata: 0)
Ext2::alloc_block SLOW: 501 ticks (read bitmap: 501, write metadata: 0)
Ext2::alloc_block SLOW: 439 ticks (read bitmap: 439, write metadata: 0)
Ext2::alloc_block SLOW: 402 ticks (read bitmap: 402, write metadata: 0)
Ext2::alloc_block SLOW: 536 ticks (read bitmap: 536, write metadata: 0)
Ext2::alloc_block SLOW: 502 ticks (read bitmap: 502, write metadata: 0)
Ext2::alloc_block SLOW: 205 ticks (read bitmap: 205, write metadata: 0)
Ext2::alloc_block SLOW: 469 ticks (read bitmap: 469, write metadata: 0)
Ext2::alloc_block SLOW: 400 ticks (read bitmap: 400, write metadata: 0)
Ext2::alloc_block SLOW: 377 ticks (read bitmap: 377, write metadata: 0)
Ext2::alloc_block SLOW: 547 ticks (read bitmap: 547, write metadata: 0)
Ext2::alloc_block SLOW: 513 ticks (read bitmap: 513, write metadata: 0)
Ext2::alloc_block SLOW: 323 ticks (read bitmap: 323, write metadata: 0)
Ext2::alloc_block SLOW: 966 ticks (read bitmap: 966, write metadata: 0)
Ext2::alloc_block SLOW: 297 ticks (read bitmap: 297, write metadata: 0)
Ext2::alloc_block SLOW: 706 ticks (read bitmap: 706, write metadata: 0)
Ext2::alloc_block SLOW: 758 ticks (read bitmap: 758, write metadata: 0)
Ext2::alloc_block SLOW: 745 ticks (read bitmap: 745, write metadata: 0)
Ext2::alloc_block SLOW: 644 ticks (read bitmap: 644, write metadata: 0)
Ext2::alloc_block SLOW: 631 ticks (read bitmap: 631, write metadata: 0)
Ext2::alloc_block SLOW: 526 ticks (read bitmap: 526, write metadata: 0)
Ext2::alloc_block SLOW: 543 ticks (read bitmap: 543, write metadata: 0)
Ext2::alloc_block SLOW: 644 ticks (read bitmap: 644, write metadata: 0)
Ext2::alloc_block SLOW: 587 ticks (read bitmap: 587, write metadata: 0)
Ext2::alloc_block SLOW: 738 ticks (read bitmap: 738, write metadata: 0)
Ext2::alloc_block SLOW: 718 ticks (read bitmap: 718, write metadata: 0)
Ext2::alloc_block SLOW: 698 ticks (read bitmap: 698, write metadata: 0)
Ext2::alloc_block SLOW: 703 ticks (read bitmap: 703, write metadata: 0)
Ext2::alloc_block SLOW: 775 ticks (read bitmap: 775, write metadata: 0)
Ext2::alloc_block SLOW: 775 ticks (read bitmap: 775, write metadata: 0)
Ext2::alloc_block SLOW: 583 ticks (read bitmap: 583, write metadata: 0)
Ext2::alloc_block SLOW: 496 ticks (read bitmap: 496, write metadata: 0)
Ext2::alloc_block SLOW: 518 ticks (read bitmap: 518, write metadata: 0)
Ext2::alloc_block SLOW: 688 ticks (read bitmap: 688, write metadata: 0)
Ext2::alloc_block SLOW: 699 ticks (read bitmap: 699, write metadata: 0)
Ext2::alloc_block SLOW: 763 ticks (read bitmap: 763, write metadata: 0)
Ext2::alloc_block SLOW: 706 ticks (read bitmap: 706, write metadata: 0)
Ext2::alloc_block SLOW: 153 ticks (read bitmap: 153, write metadata: 0)
Ext2::alloc_block SLOW: 641 ticks (read bitmap: 641, write metadata: 0)
Ext2::alloc_block SLOW: 307 ticks (read bitmap: 307, write metadata: 0)
Ext2::alloc_block SLOW: 238 ticks (read bitmap: 238, write metadata: 0)
Ext2::alloc_block SLOW: 507 ticks (read bitmap: 507, write metadata: 0)
Ext2::alloc_block SLOW: 562 ticks (read bitmap: 562, write metadata: 0)
Ext2::alloc_block SLOW: 279 ticks (read bitmap: 279, write metadata: 0)
Ext2::alloc_block SLOW: 794 ticks (read bitmap: 794, write metadata: 0)
Ext2::alloc_block SLOW: 411 ticks (read bitmap: 411, write metadata: 0)
Ext2::alloc_block SLOW: 656 ticks (read bitmap: 656, write metadata: 0)
Ext2::alloc_block SLOW: 188 ticks (read bitmap: 188, write metadata: 0)
Ext2::alloc_block SLOW: 457 ticks (read bitmap: 457, write metadata: 0)
Ext2::alloc_block SLOW: 644 ticks (read bitmap: 644, write metadata: 0)
Ext2::alloc_block SLOW: 330 ticks (read bitmap: 330, write metadata: 0)
Ext2::alloc_block SLOW: 326 ticks (read bitmap: 326, write metadata: 0)
Ext2::alloc_block SLOW: 226 ticks (read bitmap: 226, write metadata: 0)
Ext2::alloc_block SLOW: 305 ticks (read bitmap: 305, write metadata: 0)
Ext2::alloc_block SLOW: 90 ticks (read bitmap: 90, write metadata: 0)
Ext2::alloc_block SLOW: 87 ticks (read bitmap: 87, write metadata: 0)
Ext2::alloc_block SLOW: 71 ticks (read bitmap: 71, write metadata: 0)
Ext2::alloc_block SLOW: 47 ticks (read bitmap: 47, write metadata: 0)
Ext2::alloc_block SLOW: 48 ticks (read bitmap: 48, write metadata: 0)
Ext2::alloc_block SLOW: 271 ticks (read bitmap: 271, write metadata: 0)
Ext2::alloc_block SLOW: 114 ticks (read bitmap: 114, write metadata: 0)
Ext2::alloc_block SLOW: 50 ticks (read bitmap: 50, write metadata: 0)
Ext2::alloc_block SLOW: 88 ticks (read bitmap: 88, write metadata: 0)
Ext2::alloc_block SLOW: 333 ticks (read bitmap: 333, write metadata: 0)
Ext2::alloc_block SLOW: 330 ticks (read bitmap: 330, write metadata: 0)
Ext2::alloc_block SLOW: 261 ticks (read bitmap: 261, write metadata: 0)
Ext2::alloc_block SLOW: 247 ticks (read bitmap: 247, write metadata: 0)
Ext2::alloc_block SLOW: 229 ticks (read bitmap: 229, write metadata: 0)
Ext2::alloc_block SLOW: 378 ticks (read bitmap: 378, write metadata: 0)
Ext2::alloc_block SLOW: 248 ticks (read bitmap: 248, write metadata: 0)
Ext2::alloc_block SLOW: 319 ticks (read bitmap: 319, write metadata: 0)
Ext2::alloc_block SLOW: 243 ticks (read bitmap: 243, write metadata: 0)
Ext2::alloc_block SLOW: 113 ticks (read bitmap: 113, write metadata: 0)
Ext2::alloc_block SLOW: 237 ticks (read bitmap: 237, write metadata: 0)
Ext2::alloc_block SLOW: 241 ticks (read bitmap: 241, write metadata: 0)
Ext2::alloc_block SLOW: 341 ticks (read bitmap: 341, write metadata: 0)
Ext2::alloc_block SLOW: 266 ticks (read bitmap: 266, write metadata: 0)
Ext2::alloc_block SLOW: 279 ticks (read bitmap: 279, write metadata: 0)
Ext2::alloc_block SLOW: 289 ticks (read bitmap: 289, write metadata: 0)
Ext2::alloc_block SLOW: 379 ticks (read bitmap: 379, write metadata: 0)
Ext2::alloc_block SLOW: 404 ticks (read bitmap: 404, write metadata: 0)
Ext2::alloc_block SLOW: 335 ticks (read bitmap: 335, write metadata: 0)
Ext2::alloc_block SLOW: 353 ticks (read bitmap: 353, write metadata: 0)
Ext2::alloc_block SLOW: 75 ticks (read bitmap: 75, write metadata: 0)
Ext2::alloc_block SLOW: 83 ticks (read bitmap: 83, write metadata: 0)
Ext2::alloc_block SLOW: 71 ticks (read bitmap: 71, write metadata: 0)
Ext2::alloc_block SLOW: 77 ticks (read bitmap: 77, write metadata: 0)
Ext2::alloc_block SLOW: 64 ticks (read bitmap: 64, write metadata: 0)
Ext2::alloc_block SLOW: 63 ticks (read bitmap: 63, write metadata: 0)
Ext2::alloc_block SLOW: 75 ticks (read bitmap: 75, write metadata: 0)
Ext2::alloc_block SLOW: 67 ticks (read bitmap: 67, write metadata: 0)
Ext2::alloc_block SLOW: 60 ticks (read bitmap: 60, write metadata: 0)
Ext2::alloc_block SLOW: 63 ticks (read bitmap: 63, write metadata: 0)
Ext2::alloc_block SLOW: 77 ticks (read bitmap: 77, write metadata: 0)
Ext2::alloc_block SLOW: 62 ticks (read bitmap: 62, write metadata: 0)
Ext2::alloc_block SLOW: 62 ticks (read bitmap: 62, write metadata: 0)
Ext2::alloc_block SLOW: 62 ticks (read bitmap: 62, write metadata: 0)
Ext2::alloc_block SLOW: 82 ticks (read bitmap: 82, write metadata: 0)
Ext2::alloc_block SLOW: 64 ticks (read bitmap: 64, write metadata: 0)
Ext2::alloc_block SLOW: 67 ticks (read bitmap: 67, write metadata: 0)
Ext2::alloc_block SLOW: 72 ticks (read bitmap: 72, write metadata: 0)
Ext2::alloc_block SLOW: 71 ticks (read bitmap: 71, write metadata: 0)
Ext2::alloc_block SLOW: 74 ticks (read bitmap: 74, write metadata: 0)
Ext2::alloc_block SLOW: 77 ticks (read bitmap: 77, write metadata: 0)
Ext2::alloc_block SLOW: 80 ticks (read bitmap: 80, write metadata: 0)
Ext2::alloc_block SLOW: 63 ticks (read bitmap: 63, write metadata: 0)
Ext2::alloc_block SLOW: 63 ticks (read bitmap: 63, write metadata: 0)
Ext2::alloc_block SLOW: 60 ticks (read bitmap: 60, write metadata: 0)
Ext2::alloc_block SLOW: 66 ticks (read bitmap: 66, write metadata: 0)
Ext2::alloc_block SLOW: 64 ticks (read bitmap: 64, write metadata: 0)
Ext2::alloc_block SLOW: 65 ticks (read bitmap: 65, write metadata: 0)
Ext2::alloc_block SLOW: 62 ticks (read bitmap: 62, write metadata: 0)
Ext2::alloc_block SLOW: 756 ticks (read bitmap: 756, write metadata: 0)
Ext2::alloc_block SLOW: 304 ticks (read bitmap: 304, write metadata: 0)
Ext2::alloc_block SLOW: 354 ticks (read bitmap: 354, write metadata: 0)
Ext2::alloc_block SLOW: 544 ticks (read bitmap: 544, write metadata: 0)
Ext2::alloc_block SLOW: 247 ticks (read bitmap: 247, write metadata: 0)
Ext2::alloc_block SLOW: 234 ticks (read bitmap: 234, write metadata: 0)
Ext2::alloc_block SLOW: 45 ticks (read bitmap: 45, write metadata: 0)
Ext2::alloc_block SLOW: 236 ticks (read bitmap: 236, write metadata: 0)
Ext2::alloc_block SLOW: 277 ticks (read bitmap: 277, write metadata: 0)
Ext2::alloc_block SLOW: 210 ticks (read bitmap: 210, write metadata: 0)
Ext2::alloc_block SLOW: 255 ticks (read bitmap: 255, write metadata: 0)
Ext2::alloc_block SLOW: 222 ticks (read bitmap: 222, write metadata: 0)
Ext2::alloc_block SLOW: 201 ticks (read bitmap: 201, write metadata: 0)
Ext2::alloc_block SLOW: 188 ticks (read bitmap: 188, write metadata: 0)
Ext2::alloc_block SLOW: 222 ticks (read bitmap: 222, write metadata: 0)
Ext2::alloc_block SLOW: 201 ticks (read bitmap: 201, write metadata: 0)
Ext2::alloc_block SLOW: 235 ticks (read bitmap: 235, write metadata: 0)
Ext2::alloc_block SLOW: 217 ticks (read bitmap: 217, write metadata: 0)
Ext2::alloc_block SLOW: 230 ticks (read bitmap: 230, write metadata: 0)
Ext2::alloc_block SLOW: 284 ticks (read bitmap: 284, write metadata: 0)
Ext2::alloc_block SLOW: 347 ticks (read bitmap: 347, write metadata: 0)
Ext2::alloc_block SLOW: 239 ticks (read bitmap: 239, write metadata: 0)
Ext2::alloc_block SLOW: 104 ticks (read bitmap: 104, write metadata: 0)
Ext2::alloc_block SLOW: 256 ticks (read bitmap: 256, write metadata: 0)
Ext2::alloc_block SLOW: 251 ticks (read bitmap: 251, write metadata: 0)
Ext2::alloc_block SLOW: 231 ticks (read bitmap: 231, write metadata: 0)
Ext2::alloc_block SLOW: 227 ticks (read bitmap: 227, write metadata: 0)
Ext2::alloc_block SLOW: 235 ticks (read bitmap: 235, write metadata: 0)
Ext2::alloc_block SLOW: 232 ticks (read bitmap: 232, write metadata: 0)
Ext2::alloc_block SLOW: 232 ticks (read bitmap: 232, write metadata: 0)
Ext2::alloc_block SLOW: 231 ticks (read bitmap: 231, write metadata: 0)
Ext2::alloc_block SLOW: 275 ticks (read bitmap: 275, write metadata: 0)
Ext2::alloc_block SLOW: 232 ticks (read bitmap: 232, write metadata: 0)
Ext2::alloc_block SLOW: 203 ticks (read bitmap: 203, write metadata: 0)
Ext2::alloc_block SLOW: 246 ticks (read bitmap: 246, write metadata: 0)
Ext2::alloc_block SLOW: 284 ticks (read bitmap: 284, write metadata: 0)
Ext2::alloc_block SLOW: 236 ticks (read bitmap: 236, write metadata: 0)
Ext2::alloc_block SLOW: 262 ticks (read bitmap: 262, write metadata: 0)
Ext2::alloc_block SLOW: 332 ticks (read bitmap: 332, write metadata: 0)
Ext2::alloc_block SLOW: 244 ticks (read bitmap: 244, write metadata: 0)
Ext2::alloc_block SLOW: 341 ticks (read bitmap: 341, write metadata: 0)
Ext2::alloc_block SLOW: 398 ticks (read bitmap: 398, write metadata: 0)
Ext2::alloc_block SLOW: 98 ticks (read bitmap: 98, write metadata: 0)
Ext2::alloc_block SLOW: 106 ticks (read bitmap: 106, write metadata: 0)
Ext2::alloc_block SLOW: 88 ticks (read bitmap: 88, write metadata: 0)
Ext2::alloc_block SLOW: 315 ticks (read bitmap: 315, write metadata: 0)
Ext2::alloc_block SLOW: 316 ticks (read bitmap: 316, write metadata: 0)
Ext2::alloc_block SLOW: 271 ticks (read bitmap: 271, write metadata: 0)
Ext2::alloc_block SLOW: 267 ticks (read bitmap: 267, write metadata: 0)
Ext2::alloc_block SLOW: 275 ticks (read bitmap: 275, write metadata: 0)
Ext2::alloc_block SLOW: 442 ticks (read bitmap: 442, write metadata: 0)
Ext2::alloc_block SLOW: 256 ticks (read bitmap: 256, write metadata: 0)
Ext2::alloc_block SLOW: 305 ticks (read bitmap: 305, write metadata: 0)
Ext2::alloc_block SLOW: 287 ticks (read bitmap: 287, write metadata: 0)
Ext2::alloc_block SLOW: 320 ticks (read bitmap: 320, write metadata: 0)
Ext2::alloc_block SLOW: 279 ticks (read bitmap: 279, write metadata: 0)
Ext2::alloc_block SLOW: 353 ticks (read bitmap: 353, write metadata: 0)
Ext2::alloc_block SLOW: 301 ticks (read bitmap: 301, write metadata: 0)
Ext2::alloc_block SLOW: 639 ticks (read bitmap: 639, write metadata: 0)
Ext2::alloc_block SLOW: 375 ticks (read bitmap: 375, write metadata: 0)
Ext2::alloc_block SLOW: 86 ticks (read bitmap: 86, write metadata: 0)
Ext2::alloc_block SLOW: 331 ticks (read bitmap: 331, write metadata: 0)
Ext2::alloc_block SLOW: 284 ticks (read bitmap: 284, write metadata: 0)
Ext2::alloc_block SLOW: 286 ticks (read bitmap: 286, write metadata: 0)
Ext2::alloc_block SLOW: 102 ticks (read bitmap: 102, write metadata: 0)
Ext2::alloc_block SLOW: 264 ticks (read bitmap: 264, write metadata: 0)
Ext2::alloc_block SLOW: 107 ticks (read bitmap: 107, write metadata: 0)
Ext2::alloc_block SLOW: 415 ticks (read bitmap: 415, write metadata: 0)
Ext2::alloc_block SLOW: 114 ticks (read bitmap: 114, write metadata: 0)
Ext2::alloc_block SLOW: 240 ticks (read bitmap: 240, write metadata: 0)
Ext2::alloc_block SLOW: 251 ticks (read bitmap: 251, write metadata: 0)
Ext2::alloc_block SLOW: 234 ticks (read bitmap: 234, write metadata: 0)
Ext2::alloc_block SLOW: 235 ticks (read bitmap: 235, write metadata: 0)
Ext2::alloc_block SLOW: 233 ticks (read bitmap: 233, write metadata: 0)
Ext2::alloc_block SLOW: 261 ticks (read bitmap: 261, write metadata: 0)
Ext2::alloc_block SLOW: 49 ticks (read bitmap: 49, write metadata: 0)
Ext2::alloc_block SLOW: 389 ticks (read bitmap: 389, write metadata: 0)
Ext2::alloc_block SLOW: 88 ticks (read bitmap: 88, write metadata: 0)
Ext2::alloc_block SLOW: 129 ticks (read bitmap: 129, write metadata: 0)
Ext2::alloc_block SLOW: 263 ticks (read bitmap: 263, write metadata: 0)
Ext2::alloc_block SLOW: 266 ticks (read bitmap: 266, write metadata: 0)
Ext2::alloc_block SLOW: 256 ticks (read bitmap: 256, write metadata: 0)
Ext2::alloc_block SLOW: 365 ticks (read bitmap: 365, write metadata: 0)
Ext2::alloc_block SLOW: 570 ticks (read bitmap: 570, write metadata: 0)
Ext2::alloc_block SLOW: 268 ticks (read bitmap: 268, write metadata: 0)
Ext2::alloc_block SLOW: 315 ticks (read bitmap: 315, write metadata: 0)
Ext2::alloc_block SLOW: 277 ticks (read bitmap: 277, write metadata: 0)
Ext2::alloc_block SLOW: 522 ticks (read bitmap: 522, write metadata: 0)
Ext2::alloc_block SLOW: 742 ticks (read bitmap: 742, write metadata: 0)
Ext2::alloc_block SLOW: 741 ticks (read bitmap: 741, write metadata: 0)
Ext2::alloc_block SLOW: 310 ticks (read bitmap: 310, write metadata: 0)
Ext2::alloc_block SLOW: 351 ticks (read bitmap: 351, write metadata: 0)
Ext2::alloc_block SLOW: 287 ticks (read bitmap: 287, write metadata: 0)
Ext2::alloc_block SLOW: 451 ticks (read bitmap: 451, write metadata: 0)
Ext2::alloc_block SLOW: 370 ticks (read bitmap: 370, write metadata: 0)
Ext2::alloc_block SLOW: 835 ticks (read bitmap: 835, write metadata: 0)
Ext2::alloc_block SLOW: 472 ticks (read bitmap: 472, write metadata: 0)
Ext2::alloc_block SLOW: 105 ticks (read bitmap: 105, write metadata: 0)
Ext2::alloc_block SLOW: 531 ticks (read bitmap: 531, write metadata: 0)
Ext2::alloc_block SLOW: 830 ticks (read bitmap: 830, write metadata: 0)
Ext2::alloc_block SLOW: 739 ticks (read bitmap: 739, write metadata: 0)
Ext2::alloc_block SLOW: 687 ticks (read bitmap: 687, write metadata: 0)
Ext2::alloc_block SLOW: 762 ticks (read bitmap: 762, write metadata: 0)
Ext2::alloc_block SLOW: 547 ticks (read bitmap: 547, write metadata: 0)
Ext2::alloc_block SLOW: 577 ticks (read bitmap: 577, write metadata: 0)
Ext2::alloc_block SLOW: 225 ticks (read bitmap: 225, write metadata: 0)
Ext2::alloc_block SLOW: 508 ticks (read bitmap: 508, write metadata: 0)
Ext2::alloc_block SLOW: 608 ticks (read bitmap: 608, write metadata: 0)
Ext2::alloc_block SLOW: 372 ticks (read bitmap: 372, write metadata: 0)
Ext2::alloc_block SLOW: 381 ticks (read bitmap: 381, write metadata: 0)
Ext2::alloc_block SLOW: 871 ticks (read bitmap: 871, write metadata: 0)
Ext2::alloc_block SLOW: 740 ticks (read bitmap: 740, write metadata: 0)
Ext2::alloc_block SLOW: 732 ticks (read bitmap: 732, write metadata: 0)
Ext2::alloc_block SLOW: 822 ticks (read bitmap: 822, write metadata: 0)
Ext2::alloc_block SLOW: 590 ticks (read bitmap: 590, write metadata: 0)
Ext2::alloc_block SLOW: 596 ticks (read bitmap: 596, write metadata: 0)
Ext2::alloc_block SLOW: 442 ticks (read bitmap: 442, write metadata: 0)
Ext2::alloc_block SLOW: 639 ticks (read bitmap: 639, write metadata: 0)
Ext2::alloc_block SLOW: 737 ticks (read bitmap: 737, write metadata: 0)
Ext2::alloc_block SLOW: 3465 ticks (read bitmap: 3465, write metadata: 0)
Ext2::alloc_block SLOW: 966 ticks (read bitmap: 966, write metadata: 0)
Ext2::alloc_block SLOW: 817 ticks (read bitmap: 817, write metadata: 0)
Ext2::alloc_block SLOW: 312 ticks (read bitmap: 312, write metadata: 0)
Ext2::alloc_block SLOW: 578 ticks (read bitmap: 578, write metadata: 0)
Ext2::alloc_block SLOW: 265 ticks (read bitmap: 265, write metadata: 0)
Ext2::alloc_block SLOW: 753 ticks (read bitmap: 753, write metadata: 0)
Ext2::alloc_block SLOW: 705 ticks (read bitmap: 705, write metadata: 0)
Ext2::alloc_block SLOW: 640 ticks (read bitmap: 640, write metadata: 0)
Ext2::alloc_block SLOW: 668 ticks (read bitmap: 668, write metadata: 0)
Ext2::alloc_block SLOW: 615 ticks (read bitmap: 615, write metadata: 0)
Ext2::alloc_block SLOW: 620 ticks (read bitmap: 620, write metadata: 0)
Ext2::alloc_block SLOW: 445 ticks (read bitmap: 445, write metadata: 0)
Ext2::alloc_block SLOW: 310 ticks (read bitmap: 310, write metadata: 0)
Ext2::alloc_block SLOW: 262 ticks (read bitmap: 262, write metadata: 0)
Ext2::alloc_block SLOW: 595 ticks (read bitmap: 595, write metadata: 0)
Ext2::alloc_block SLOW: 629 ticks (read bitmap: 629, write metadata: 0)
Ext2::alloc_block SLOW: 797 ticks (read bitmap: 797, write metadata: 0)
Ext2::alloc_block SLOW: 819 ticks (read bitmap: 819, write metadata: 0)
Ext2::alloc_block SLOW: 312 ticks (read bitmap: 312, write metadata: 0)
Ext2::alloc_block SLOW: 539 ticks (read bitmap: 539, write metadata: 0)
Ext2::alloc_block SLOW: 685 ticks (read bitmap: 685, write metadata: 0)
Ext2::alloc_block SLOW: 1128 ticks (read bitmap: 1128, write metadata: 0)
Ext2::alloc_block SLOW: 332 ticks (read bitmap: 332, write metadata: 0)
Ext2::alloc_block SLOW: 795 ticks (read bitmap: 795, write metadata: 0)
Ext2::alloc_block SLOW: 888 ticks (read bitmap: 888, write metadata: 0)
Ext2::alloc_block SLOW: 699 ticks (read bitmap: 699, write metadata: 0)
Ext2::alloc_block SLOW: 95 ticks (read bitmap: 95, write metadata: 0)
Ext2::alloc_block SLOW: 99 ticks (read bitmap: 99, write metadata: 0)
Ext2::alloc_block SLOW: 57 ticks (read bitmap: 57, write metadata: 0)
Ext2::alloc_block SLOW: 56 ticks (read bitmap: 56, write metadata: 0)
Ext2::alloc_block SLOW: 67 ticks (read bitmap: 67, write metadata: 0)
Ext2::alloc_block SLOW: 53 ticks (read bitmap: 53, write metadata: 0)
Ext2::alloc_block SLOW: 61 ticks (read bitmap: 61, write metadata: 0)
Ext2::alloc_block SLOW: 53 ticks (read bitmap: 53, write metadata: 0)
Ext2::alloc_block SLOW: 61 ticks (read bitmap: 61, write metadata: 0)
Ext2::alloc_block SLOW: 65 ticks (read bitmap: 65, write metadata: 0)
Ext2::alloc_block SLOW: 489 ticks (read bitmap: 489, write metadata: 0)
Ext2::alloc_block SLOW: 75 ticks (read bitmap: 75, write metadata: 0)
Ext2::alloc_block SLOW: 50 ticks (read bitmap: 50, write metadata: 0)
Ext2::alloc_block SLOW: 416 ticks (read bitmap: 416, write metadata: 0)
Ext2::alloc_block SLOW: 307 ticks (read bitmap: 307, write metadata: 0)
Ext2::alloc_block SLOW: 445 ticks (read bitmap: 445, write metadata: 0)
Ext2::alloc_block SLOW: 468 ticks (read bitmap: 468, write metadata: 0)
Ext2::alloc_block SLOW: 437 ticks (read bitmap: 437, write metadata: 0)
Ext2::alloc_block SLOW: 643 ticks (read bitmap: 643, write metadata: 0)
Ext2::alloc_block SLOW: 437 ticks (read bitmap: 437, write metadata: 0)
Ext2::alloc_block SLOW: 675 ticks (read bitmap: 675, write metadata: 0)
Ext2::alloc_block SLOW: 494 ticks (read bitmap: 494, write metadata: 0)
Ext2::alloc_block SLOW: 639 ticks (read bitmap: 639, write metadata: 0)
Ext2::alloc_block SLOW: 253 ticks (read bitmap: 253, write metadata: 0)
Ext2::alloc_block SLOW: 52 ticks (read bitmap: 52, write metadata: 0)
Ext2::alloc_block SLOW: 79 ticks (read bitmap: 79, write metadata: 0)
Ext2::alloc_block SLOW: 54 ticks (read bitmap: 54, write metadata: 0)
Ext2::alloc_block SLOW: 51 ticks (read bitmap: 51, write metadata: 0)
Ext2::alloc_block SLOW: 47 ticks (read bitmap: 47, write metadata: 0)
Ext2::alloc_block SLOW: 371 ticks (read bitmap: 371, write metadata: 0)
Ext2::alloc_block SLOW: 291 ticks (read bitmap: 291, write metadata: 0)
Ext2::alloc_block SLOW: 342 ticks (read bitmap: 342, write metadata: 0)
Ext2::alloc_block SLOW: 266 ticks (read bitmap: 266, write metadata: 0)
Ext2::alloc_block SLOW: 237 ticks (read bitmap: 237, write metadata: 0)
Ext2::alloc_block SLOW: 304 ticks (read bitmap: 304, write metadata: 0)
Ext2::alloc_block SLOW: 226 ticks (read bitmap: 226, write metadata: 0)
Ext2::alloc_block SLOW: 385 ticks (read bitmap: 385, write metadata: 0)
Ext2::alloc_block SLOW: 369 ticks (read bitmap: 369, write metadata: 0)
Ext2::alloc_block SLOW: 367 ticks (read bitmap: 367, write metadata: 0)
Ext2::alloc_block SLOW: 80 ticks (read bitmap: 80, write metadata: 0)
Ext2::alloc_block SLOW: 687 ticks (read bitmap: 687, write metadata: 0)
Ext2::alloc_block SLOW: 775 ticks (read bitmap: 775, write metadata: 0)
Ext2::alloc_block SLOW: 262 ticks (read bitmap: 262, write metadata: 0)
Ext2::alloc_block SLOW: 107 ticks (read bitmap: 107, write metadata: 0)
Ext2::alloc_block SLOW: 468 ticks (read bitmap: 468, write metadata: 0)
Ext2::alloc_block SLOW: 655 ticks (read bitmap: 655, write metadata: 0)
Ext2::alloc_block SLOW: 258 ticks (read bitmap: 258, write metadata: 0)
Ext2::alloc_block SLOW: 662 ticks (read bitmap: 662, write metadata: 0)
Ext2::alloc_block SLOW: 658 ticks (read bitmap: 658, write metadata: 0)
Ext2::alloc_block SLOW: 524 ticks (read bitmap: 524, write metadata: 0)
Ext2::alloc_block SLOW: 552 ticks (read bitmap: 552, write metadata: 0)
Ext2::alloc_block SLOW: 368 ticks (read bitmap: 368, write metadata: 0)
Ext2::alloc_block SLOW: 295 ticks (read bitmap: 295, write metadata: 0)
Ext2::alloc_block SLOW: 900 ticks (read bitmap: 900, write metadata: 0)
Ext2::alloc_block SLOW: 359 ticks (read bitmap: 359, write metadata: 0)
Ext2::alloc_block SLOW: 667 ticks (read bitmap: 667, write metadata: 0)
Ext2::alloc_block SLOW: 835 ticks (read bitmap: 835, write metadata: 0)
Ext2::alloc_block SLOW: 850 ticks (read bitmap: 850, write metadata: 0)
Ext2::alloc_block SLOW: 558 ticks (read bitmap: 558, write metadata: 0)
Ext2::alloc_block SLOW: 124 ticks (read bitmap: 124, write metadata: 0)
Ext2::alloc_block SLOW: 93 ticks (read bitmap: 93, write metadata: 0)
Ext2::alloc_block SLOW: 63 ticks (read bitmap: 63, write metadata: 0)
Ext2::alloc_block SLOW: 96 ticks (read bitmap: 96, write metadata: 0)
Ext2::alloc_block SLOW: 988 ticks (read bitmap: 988, write metadata: 0)
Ext2::alloc_block SLOW: 790 ticks (read bitmap: 790, write metadata: 0)
Ext2::alloc_block SLOW: 750 ticks (read bitmap: 750, write metadata: 0)
Ext2::alloc_block SLOW: 606 ticks (read bitmap: 606, write metadata: 0)
Ext2::alloc_block SLOW: 802 ticks (read bitmap: 802, write metadata: 0)
Ext2::alloc_block SLOW: 877 ticks (read bitmap: 877, write metadata: 0)
Ext2::alloc_block SLOW: 353 ticks (read bitmap: 353, write metadata: 0)
Ext2::alloc_block SLOW: 608 ticks (read bitmap: 608, write metadata: 0)
Ext2::alloc_block SLOW: 457 ticks (read bitmap: 457, write metadata: 0)
Ext2::alloc_block SLOW: 694 ticks (read bitmap: 694, write metadata: 0)
Ext2::alloc_block SLOW: 777 ticks (read bitmap: 777, write metadata: 0)
Ext2::alloc_block SLOW: 741 ticks (read bitmap: 741, write metadata: 0)
Ext2::alloc_block SLOW: 835 ticks (read bitmap: 835, write metadata: 0)
Ext2::alloc_block SLOW: 681 ticks (read bitmap: 681, write metadata: 0)
Ext2::alloc_block SLOW: 1113 ticks (read bitmap: 1113, write metadata: 0)
Ext2::alloc_block SLOW: 574 ticks (read bitmap: 574, write metadata: 0)
Ext2::alloc_block SLOW: 271 ticks (read bitmap: 271, write metadata: 0)
Ext2::alloc_block SLOW: 310 ticks (read bitmap: 310, write metadata: 0)
Ext2::alloc_block SLOW: 762 ticks (read bitmap: 762, write metadata: 0)
Ext2::alloc_block SLOW: 695 ticks (read bitmap: 695, write metadata: 0)
Ext2::alloc_block SLOW: 501 ticks (read bitmap: 501, write metadata: 0)
Ext2::alloc_block SLOW: 459 ticks (read bitmap: 459, write metadata: 0)
Ext2::alloc_block SLOW: 950 ticks (read bitmap: 950, write metadata: 0)
Ext2::alloc_block SLOW: 341 ticks (read bitmap: 341, write metadata: 0)
Ext2::alloc_block SLOW: 456 ticks (read bitmap: 456, write metadata: 0)
Ext2::alloc_block SLOW: 688 ticks (read bitmap: 688, write metadata: 0)
Ext2::alloc_block SLOW: 641 ticks (read bitmap: 641, write metadata: 0)
Ext2::alloc_block SLOW: 514 ticks (read bitmap: 514, write metadata: 0)
Ext2::alloc_block SLOW: 653 ticks (read bitmap: 653, write metadata: 0)
Ext2::alloc_block SLOW: 673 ticks (read bitmap: 673, write metadata: 0)
Ext2::alloc_block SLOW: 596 ticks (read bitmap: 596, write metadata: 0)
Ext2::alloc_block SLOW: 182 ticks (read bitmap: 182, write metadata: 0)
Ext2::alloc_block SLOW: 318 ticks (read bitmap: 318, write metadata: 0)
Ext2::alloc_block SLOW: 294 ticks (read bitmap: 294, write metadata: 0)
Ext2::alloc_block SLOW: 49 ticks (read bitmap: 49, write metadata: 0)
Ext2::alloc_block SLOW: 60 ticks (read bitmap: 60, write metadata: 0)
Ext2::alloc_block SLOW: 244 ticks (read bitmap: 244, write metadata: 0)
Ext2::alloc_block SLOW: 188 ticks (read bitmap: 188, write metadata: 0)
Ext2::alloc_block SLOW: 192 ticks (read bitmap: 192, write metadata: 0)
Ext2::alloc_block SLOW: 105 ticks (read bitmap: 105, write metadata: 0)
Ext2::alloc_block SLOW: 763 ticks (read bitmap: 763, write metadata: 0)
Ext2::alloc_block SLOW: 747 ticks (read bitmap: 747, write metadata: 0)
Ext2::alloc_block SLOW: 828 ticks (read bitmap: 828, write metadata: 0)
Ext2::alloc_block SLOW: 736 ticks (read bitmap: 736, write metadata: 0)
Ext2::alloc_block SLOW: 733 ticks (read bitmap: 733, write metadata: 0)
Ext2::alloc_block SLOW: 764 ticks (read bitmap: 764, write metadata: 0)
Ext2::alloc_block SLOW: 746 ticks (read bitmap: 746, write metadata: 0)
Ext2::alloc_block SLOW: 837 ticks (read bitmap: 837, write metadata: 0)
Ext2::alloc_block SLOW: 767 ticks (read bitmap: 767, write metadata: 0)
Ext2::alloc_block SLOW: 107 ticks (read bitmap: 107, write metadata: 0)
Ext2::alloc_block SLOW: 741 ticks (read bitmap: 741, write metadata: 0)
Ext2::alloc_block SLOW: 643 ticks (read bitmap: 643, write metadata: 0)
Ext2::alloc_block SLOW: 848 ticks (read bitmap: 848, write metadata: 0)
Ext2::alloc_block SLOW: 704 ticks (read bitmap: 704, write metadata: 0)
Ext2::alloc_block SLOW: 449 ticks (read bitmap: 449, write metadata: 0)
Ext2::alloc_block SLOW: 426 ticks (read bitmap: 426, write metadata: 0)
Ext2::alloc_block SLOW: 213 ticks (read bitmap: 213, write metadata: 0)
Ext2::alloc_block SLOW: 347 ticks (read bitmap: 347, write metadata: 0)
Ext2::alloc_block SLOW: 474 ticks (read bitmap: 474, write metadata: 0)
Ext2::alloc_block SLOW: 514 ticks (read bitmap: 514, write metadata: 0)
Ext2::alloc_block SLOW: 606 ticks (read bitmap: 606, write metadata: 0)
Ext2::alloc_block SLOW: 492 ticks (read bitmap: 492, write metadata: 0)
Ext2::alloc_block SLOW: 510 ticks (read bitmap: 510, write metadata: 0)
Ext2::alloc_block SLOW: 505 ticks (read bitmap: 505, write metadata: 0)
Ext2::alloc_block SLOW: 399 ticks (read bitmap: 399, write metadata: 0)
Ext2::alloc_block SLOW: 812 ticks (read bitmap: 812, write metadata: 0)
Ext2::alloc_block SLOW: 466 ticks (read bitmap: 466, write metadata: 0)
Ext2::alloc_block SLOW: 358 ticks (read bitmap: 358, write metadata: 0)
Ext2::alloc_block SLOW: 270 ticks (read bitmap: 270, write metadata: 0)
Ext2::alloc_block SLOW: 506 ticks (read bitmap: 506, write metadata: 0)
Ext2::alloc_block SLOW: 434 ticks (read bitmap: 434, write metadata: 0)
Ext2::alloc_block SLOW: 724 ticks (read bitmap: 724, write metadata: 0)
Ext2::alloc_block SLOW: 654 ticks (read bitmap: 654, write metadata: 0)
Ext2::alloc_block SLOW: 803 ticks (read bitmap: 803, write metadata: 0)
Ext2::alloc_block SLOW: 674 ticks (read bitmap: 674, write metadata: 0)
Ext2::alloc_block SLOW: 700 ticks (read bitmap: 700, write metadata: 0)
Ext2::alloc_block SLOW: 325 ticks (read bitmap: 325, write metadata: 0)
Ext2::alloc_block SLOW: 561 ticks (read bitmap: 561, write metadata: 0)
Ext2::alloc_block SLOW: 356 ticks (read bitmap: 356, write metadata: 0)
Ext2::alloc_block SLOW: 482 ticks (read bitmap: 482, write metadata: 0)
Ext2::alloc_block SLOW: 356 ticks (read bitmap: 356, write metadata: 0)
Ext2::alloc_block SLOW: 440 ticks (read bitmap: 440, write metadata: 0)
Ext2::alloc_block SLOW: 494 ticks (read bitmap: 494, write metadata: 0)
Ext2::alloc_block SLOW: 640 ticks (read bitmap: 640, write metadata: 0)
Ext2::alloc_block SLOW: 557 ticks (read bitmap: 557, write metadata: 0)
Ext2::alloc_block SLOW: 459 ticks (read bitmap: 459, write metadata: 0)
Ext2::alloc_block SLOW: 459 ticks (read bitmap: 459, write metadata: 0)
Ext2::alloc_block SLOW: 552 ticks (read bitmap: 552, write metadata: 0)
Ext2::alloc_block SLOW: 542 ticks (read bitmap: 542, write metadata: 0)
Ext2::alloc_block SLOW: 489 ticks (read bitmap: 489, write metadata: 0)
Ext2::alloc_block SLOW: 810 ticks (read bitmap: 810, write metadata: 0)
Ext2::alloc_block SLOW: 331 ticks (read bitmap: 331, write metadata: 0)
Ext2::alloc_block SLOW: 209 ticks (read bitmap: 209, write metadata: 0)
Ext2::alloc_block SLOW: 731 ticks (read bitmap: 731, write metadata: 0)
Ext2::alloc_block SLOW: 983 ticks (read bitmap: 983, write metadata: 0)
Ext2::alloc_block SLOW: 688 ticks (read bitmap: 688, write metadata: 0)
Ext2::alloc_block SLOW: 633 ticks (read bitmap: 633, write metadata: 0)
Ext2::alloc_block SLOW: 707 ticks (read bitmap: 707, write metadata: 0)
Ext2::alloc_block SLOW: 749 ticks (read bitmap: 749, write metadata: 0)
Ext2::alloc_block SLOW: 586 ticks (read bitmap: 586, write metadata: 0)
Ext2::alloc_block SLOW: 612 ticks (read bitmap: 612, write metadata: 0)
Ext2::alloc_block SLOW: 697 ticks (read bitmap: 697, write metadata: 0)
Ext2::alloc_block SLOW: 646 ticks (read bitmap: 646, write metadata: 0)
Ext2::alloc_block SLOW: 654 ticks (read bitmap: 654, write metadata: 0)
Ext2::alloc_block SLOW: 779 ticks (read bitmap: 779, write metadata: 0)
Ext2::alloc_block SLOW: 651 ticks (read bitmap: 651, write metadata: 0)
Ext2::alloc_block SLOW: 293 ticks (read bitmap: 293, write metadata: 0)
Ext2::alloc_block SLOW: 273 ticks (read bitmap: 273, write metadata: 0)
Ext2::alloc_block SLOW: 320 ticks (read bitmap: 320, write metadata: 0)
Ext2::alloc_block SLOW: 293 ticks (read bitmap: 293, write metadata: 0)
Ext2::alloc_block SLOW: 214 ticks (read bitmap: 214, write metadata: 0)
Ext2::alloc_block SLOW: 208 ticks (read bitmap: 208, write metadata: 0)
Ext2::alloc_block SLOW: 205 ticks (read bitmap: 205, write metadata: 0)
Ext2::alloc_block SLOW: 202 ticks (read bitmap: 202, write metadata: 0)
Ext2::alloc_block SLOW: 197 ticks (read bitmap: 197, write metadata: 0)
Ext2::alloc_block SLOW: 299 ticks (read bitmap: 299, write metadata: 0)
Ext2::alloc_block SLOW: 662 ticks (read bitmap: 662, write metadata: 0)
Ext2::alloc_block SLOW: 770 ticks (read bitmap: 770, write metadata: 0)
Ext2::alloc_block SLOW: 812 ticks (read bitmap: 812, write metadata: 0)
Ext2::alloc_block SLOW: 768 ticks (read bitmap: 768, write metadata: 0)
Ext2::alloc_block SLOW: 398 ticks (read bitmap: 398, write metadata: 0)
Ext2::alloc_block SLOW: 271 ticks (read bitmap: 271, write metadata: 0)
Ext2::alloc_block SLOW: 484 ticks (read bitmap: 484, write metadata: 0)
Ext2::alloc_block SLOW: 196 ticks (read bitmap: 196, write metadata: 0)
Ext2::alloc_block SLOW: 203 ticks (read bitmap: 203, write metadata: 0)
Ext2::alloc_block SLOW: 210 ticks (read bitmap: 210, write metadata: 0)
Ext2::alloc_block SLOW: 290 ticks (read bitmap: 290, write metadata: 0)
Ext2::alloc_block SLOW: 392 ticks (read bitmap: 392, write metadata: 0)
Ext2::alloc_block SLOW: 530 ticks (read bitmap: 530, write metadata: 0)
Ext2::alloc_block SLOW: 275 ticks (read bitmap: 275, write metadata: 0)
Ext2::alloc_block SLOW: 336 ticks (read bitmap: 336, write metadata: 0)
Ext2::alloc_block SLOW: 924 ticks (read bitmap: 924, write metadata: 0)
Ext2::alloc_block SLOW: 676 ticks (read bitmap: 676, write metadata: 0)
Ext2::alloc_block SLOW: 344 ticks (read bitmap: 344, write metadata: 0)
Ext2::alloc_block SLOW: 738 ticks (read bitmap: 738, write metadata: 0)
Ext2::alloc_block SLOW: 272 ticks (read bitmap: 272, write metadata: 0)
Ext2::alloc_block SLOW: 201 ticks (read bitmap: 201, write metadata: 0)
Ext2::alloc_block SLOW: 281 ticks (read bitmap: 281, write metadata: 0)
Ext2::alloc_block SLOW: 82 ticks (read bitmap: 82, write metadata: 0)
Ext2::alloc_block SLOW: 234 ticks (read bitmap: 234, write metadata: 0)
Ext2::alloc_block SLOW: 233 ticks (read bitmap: 233, write metadata: 0)
Ext2::alloc_block SLOW: 305 ticks (read bitmap: 305, write metadata: 0)
Ext2::alloc_block SLOW: 277 ticks (read bitmap: 277, write metadata: 0)
Ext2::alloc_block SLOW: 349 ticks (read bitmap: 349, write metadata: 0)
Ext2::alloc_block SLOW: 728 ticks (read bitmap: 728, write metadata: 0)
Ext2::alloc_block SLOW: 415 ticks (read bitmap: 415, write metadata: 0)
Ext2::alloc_block SLOW: 619 ticks (read bitmap: 619, write metadata: 0)
Ext2::alloc_block SLOW: 451 ticks (read bitmap: 451, write metadata: 0)
Ext2::alloc_block SLOW: 675 ticks (read bitmap: 675, write metadata: 0)
Ext2::alloc_block SLOW: 510 ticks (read bitmap: 510, write metadata: 0)
Ext2::alloc_block SLOW: 452 ticks (read bitmap: 452, write metadata: 0)
Ext2::alloc_block SLOW: 429 ticks (read bitmap: 429, write metadata: 0)
Ext2::alloc_block SLOW: 416 ticks (read bitmap: 416, write metadata: 0)
Ext2::alloc_block SLOW: 453 ticks (read bitmap: 453, write metadata: 0)
Ext2::alloc_block SLOW: 708 ticks (read bitmap: 708, write metadata: 0)
Ext2::alloc_block SLOW: 358 ticks (read bitmap: 358, write metadata: 0)
Ext2::alloc_block SLOW: 318 ticks (read bitmap: 318, write metadata: 0)
Ext2::alloc_block SLOW: 398 ticks (read bitmap: 398, write metadata: 0)
Ext2::alloc_block SLOW: 346 ticks (read bitmap: 346, write metadata: 0)
Ext2::alloc_block SLOW: 346 ticks (read bitmap: 346, write metadata: 0)
Ext2::alloc_block SLOW: 245 ticks (read bitmap: 245, write metadata: 0)
Ext2::alloc_block SLOW: 259 ticks (read bitmap: 259, write metadata: 0)
Ext2::alloc_block SLOW: 274 ticks (read bitmap: 274, write metadata: 0)
Ext2::alloc_block SLOW: 245 ticks (read bitmap: 245, write metadata: 0)
Ext2::alloc_block SLOW: 227 ticks (read bitmap: 227, write metadata: 0)
Ext2::alloc_block SLOW: 239 ticks (read bitmap: 239, write metadata: 0)
Ext2::alloc_block SLOW: 405 ticks (read bitmap: 405, write metadata: 0)
Ext2::alloc_block SLOW: 205 ticks (read bitmap: 205, write metadata: 0)
Ext2::alloc_block SLOW: 210 ticks (read bitmap: 210, write metadata: 0)
Ext2::alloc_block SLOW: 138 ticks (read bitmap: 138, write metadata: 0)
Ext2::alloc_block SLOW: 207 ticks (read bitmap: 207, write metadata: 0)
Ext2::alloc_block SLOW: 210 ticks (read bitmap: 210, write metadata: 0)
Ext2::alloc_block SLOW: 213 ticks (read bitmap: 213, write metadata: 0)
Ext2::alloc_block SLOW: 308 ticks (read bitmap: 308, write metadata: 0)
Ext2::alloc_block SLOW: 333 ticks (read bitmap: 333, write metadata: 0)
Ext2::alloc_block SLOW: 268 ticks (read bitmap: 268, write metadata: 0)
Ext2::alloc_block SLOW: 340 ticks (read bitmap: 340, write metadata: 0)
Ext2::alloc_block SLOW: 316 ticks (read bitmap: 316, write metadata: 0)
Ext2::alloc_block SLOW: 287 ticks (read bitmap: 287, write metadata: 0)
Ext2::alloc_block SLOW: 460 ticks (read bitmap: 460, write metadata: 0)
Ext2::alloc_block SLOW: 729 ticks (read bitmap: 729, write metadata: 0)
Ext2::alloc_block SLOW: 701 ticks (read bitmap: 701, write metadata: 0)
Ext2::alloc_block SLOW: 495 ticks (read bitmap: 495, write metadata: 0)
Ext2::alloc_block SLOW: 441 ticks (read bitmap: 441, write metadata: 0)
Ext2::alloc_block SLOW: 228 ticks (read bitmap: 228, write metadata: 0)
Ext2::alloc_block SLOW: 451 ticks (read bitmap: 451, write metadata: 0)
Ext2::alloc_block SLOW: 693 ticks (read bitmap: 693, write metadata: 0)
Ext2::alloc_block SLOW: 685 ticks (read bitmap: 685, write metadata: 0)
Ext2::alloc_block SLOW: 719 ticks (read bitmap: 719, write metadata: 0)
Ext2::alloc_block SLOW: 440 ticks (read bitmap: 440, write metadata: 0)
Ext2::alloc_block SLOW: 798 ticks (read bitmap: 798, write metadata: 0)
Ext2::alloc_block SLOW: 738 ticks (read bitmap: 738, write metadata: 0)
Ext2::alloc_block SLOW: 734 ticks (read bitmap: 734, write metadata: 0)
Ext2::alloc_block SLOW: 476 ticks (read bitmap: 476, write metadata: 0)
Ext2::alloc_block SLOW: 690 ticks (read bitmap: 690, write metadata: 0)
Ext2::alloc_block SLOW: 733 ticks (read bitmap: 733, write metadata: 0)
Ext2::alloc_block SLOW: 711 ticks (read bitmap: 711, write metadata: 0)
Ext2::alloc_block SLOW: 442 ticks (read bitmap: 442, write metadata: 0)
Ext2::alloc_block SLOW: 695 ticks (read bitmap: 695, write metadata: 0)
Ext2::alloc_block SLOW: 471 ticks (read bitmap: 471, write metadata: 0)
Ext2::alloc_block SLOW: 525 ticks (read bitmap: 525, write metadata: 0)
Ext2::alloc_block SLOW: 531 ticks (read bitmap: 531, write metadata: 0)
Ext2::alloc_block SLOW: 321 ticks (read bitmap: 321, write metadata: 0)
Ext2::alloc_block SLOW: 631 ticks (read bitmap: 631, write metadata: 0)
Ext2::alloc_block SLOW: 640 ticks (read bitmap: 640, write metadata: 0)
Ext2::alloc_block SLOW: 799 ticks (read bitmap: 799, write metadata: 0)
Ext2::alloc_block SLOW: 388 ticks (read bitmap: 388, write metadata: 0)
Ext2::alloc_block SLOW: 314 ticks (read bitmap: 314, write metadata: 0)
Ext2::alloc_block SLOW: 859 ticks (read bitmap: 859, write metadata: 0)
Ext2::alloc_block SLOW: 461 ticks (read bitmap: 461, write metadata: 0)
Ext2::alloc_block SLOW: 532 ticks (read bitmap: 532, write metadata: 0)
Ext2::alloc_block SLOW: 494 ticks (read bitmap: 494, write metadata: 0)
Ext2::alloc_block SLOW: 803 ticks (read bitmap: 803, write metadata: 0)
Ext2::alloc_block SLOW: 870 ticks (read bitmap: 870, write metadata: 0)
Ext2::alloc_block SLOW: 828 ticks (read bitmap: 828, write metadata: 0)
Ext2::alloc_block SLOW: 293 ticks (read bitmap: 293, write metadata: 0)
Ext2::alloc_block SLOW: 247 ticks (read bitmap: 247, write metadata: 0)
Ext2::alloc_block SLOW: 312 ticks (read bitmap: 312, write metadata: 0)
Ext2::alloc_block SLOW: 232 ticks (read bitmap: 232, write metadata: 0)
Ext2::alloc_block SLOW: 267 ticks (read bitmap: 267, write metadata: 0)
Ext2::alloc_block SLOW: 345 ticks (read bitmap: 345, write metadata: 0)
Ext2::alloc_block SLOW: 1649 ticks (read bitmap: 1649, write metadata: 0)
Ext2::alloc_block SLOW: 195 ticks (read bitmap: 195, write metadata: 0)
Ext2::alloc_block SLOW: 379 ticks (read bitmap: 379, write metadata: 0)
Ext2::alloc_block SLOW: 234 ticks (read bitmap: 234, write metadata: 0)
Ext2::alloc_block SLOW: 388 ticks (read bitmap: 388, write metadata: 0)
Ext2::alloc_block SLOW: 317 ticks (read bitmap: 317, write metadata: 0)
Ext2::alloc_block SLOW: 310 ticks (read bitmap: 310, write metadata: 0)
Ext2::alloc_block SLOW: 364 ticks (read bitmap: 364, write metadata: 0)
Ext2::alloc_block SLOW: 250 ticks (read bitmap: 250, write metadata: 0)
Ext2::alloc_block SLOW: 220 ticks (read bitmap: 220, write metadata: 0)
Ext2::alloc_block SLOW: 329 ticks (read bitmap: 329, write metadata: 0)
Ext2::alloc_block SLOW: 351 ticks (read bitmap: 351, write metadata: 0)
Ext2::alloc_block SLOW: 260 ticks (read bitmap: 260, write metadata: 0)
Ext2::alloc_block SLOW: 225 ticks (read bitmap: 225, write metadata: 0)
Ext2::alloc_block SLOW: 303 ticks (read bitmap: 303, write metadata: 0)
Ext2::alloc_block SLOW: 475 ticks (read bitmap: 475, write metadata: 0)
Ext2::alloc_block SLOW: 799 ticks (read bitmap: 799, write metadata: 0)
Ext2::alloc_block SLOW: 523 ticks (read bitmap: 523, write metadata: 0)
Ext2::alloc_block SLOW: 376 ticks (read bitmap: 376, write metadata: 0)
Ext2::alloc_block SLOW: 410 ticks (read bitmap: 410, write metadata: 0)
Ext2::alloc_block SLOW: 705 ticks (read bitmap: 705, write metadata: 0)
Ext2::alloc_block SLOW: 541 ticks (read bitmap: 541, write metadata: 0)
Ext2::alloc_block SLOW: 599 ticks (read bitmap: 599, write metadata: 0)
Ext2::alloc_block SLOW: 587 ticks (read bitmap: 587, write metadata: 0)
Ext2::alloc_block SLOW: 565 ticks (read bitmap: 565, write metadata: 0)
Ext2::alloc_block SLOW: 604 ticks (read bitmap: 604, write metadata: 0)
Ext2::alloc_block SLOW: 572 ticks (read bitmap: 572, write metadata: 0)
Ext2::alloc_block SLOW: 675 ticks (read bitmap: 675, write metadata: 0)
Ext2::alloc_block SLOW: 499 ticks (read bitmap: 499, write metadata: 0)
Ext2::alloc_block SLOW: 630 ticks (read bitmap: 630, write metadata: 0)
Ext2::alloc_block SLOW: 766 ticks (read bitmap: 766, write metadata: 0)
Ext2::alloc_block SLOW: 792 ticks (read bitmap: 792, write metadata: 0)
Ext2::alloc_block SLOW: 821 ticks (read bitmap: 821, write metadata: 0)
Ext2::alloc_block SLOW: 726 ticks (read bitmap: 726, write metadata: 0)
Ext2::alloc_block SLOW: 450 ticks (read bitmap: 450, write metadata: 0)
Ext2::alloc_block SLOW: 455 ticks (read bitmap: 455, write metadata: 0)
Ext2::alloc_block SLOW: 543 ticks (read bitmap: 543, write metadata: 0)
Ext2::alloc_block SLOW: 645 ticks (read bitmap: 645, write metadata: 0)
Ext2::alloc_block SLOW: 638 ticks (read bitmap: 638, write metadata: 0)
Ext2::alloc_block SLOW: 627 ticks (read bitmap: 627, write metadata: 0)
Ext2::alloc_block SLOW: 550 ticks (read bitmap: 550, write metadata: 0)
Ext2::alloc_block SLOW: 637 ticks (read bitmap: 637, write metadata: 0)
Ext2::alloc_block SLOW: 388 ticks (read bitmap: 388, write metadata: 0)
Ext2::alloc_block SLOW: 379 ticks (read bitmap: 379, write metadata: 0)
Ext2::alloc_block SLOW: 558 ticks (read bitmap: 558, write metadata: 0)
Ext2::alloc_block SLOW: 170 ticks (read bitmap: 170, write metadata: 0)
Ext2::alloc_block SLOW: 354 ticks (read bitmap: 354, write metadata: 0)
Ext2::alloc_block SLOW: 806 ticks (read bitmap: 806, write metadata: 0)
Ext2::alloc_block SLOW: 1008 ticks (read bitmap: 1008, write metadata: 0)
Ext2::alloc_block SLOW: 460 ticks (read bitmap: 460, write metadata: 0)
Ext2::alloc_block SLOW: 457 ticks (read bitmap: 457, write metadata: 0)
Ext2::alloc_block SLOW: 516 ticks (read bitmap: 516, write metadata: 0)
Ext2::alloc_block SLOW: 435 ticks (read bitmap: 435, write metadata: 0)
Ext2::alloc_block SLOW: 173 ticks (read bitmap: 173, write metadata: 0)
Ext2::alloc_block SLOW: 209 ticks (read bitmap: 209, write metadata: 0)
Ext2::alloc_block SLOW: 295 ticks (read bitmap: 295, write metadata: 0)
Ext2::alloc_block SLOW: 210 ticks (read bitmap: 210, write metadata: 0)
Ext2::alloc_block SLOW: 246 ticks (read bitmap: 246, write metadata: 0)
Ext2::alloc_block SLOW: 215 ticks (read bitmap: 215, write metadata: 0)
Ext2::alloc_block SLOW: 214 ticks (read bitmap: 214, write metadata: 0)
Ext2::alloc_block SLOW: 278 ticks (read bitmap: 278, write metadata: 0)
Ext2::alloc_block SLOW: 275 ticks (read bitmap: 275, write metadata: 0)
Ext2::alloc_block SLOW: 299 ticks (read bitmap: 299, write metadata: 0)
Ext2::alloc_block SLOW: 503 ticks (read bitmap: 503, write metadata: 0)
Ext2::alloc_block SLOW: 756 ticks (read bitmap: 756, write metadata: 0)
Ext2::alloc_block SLOW: 314 ticks (read bitmap: 314, write metadata: 0)
Ext2::alloc_block SLOW: 177 ticks (read bitmap: 177, write metadata: 0)
Ext2::alloc_block SLOW: 563 ticks (read bitmap: 563, write metadata: 0)
Ext2::alloc_block SLOW: 581 ticks (read bitmap: 581, write metadata: 0)
Ext2::alloc_block SLOW: 564 ticks (read bitmap: 564, write metadata: 0)
Ext2::alloc_block SLOW: 631 ticks (read bitmap: 631, write metadata: 0)
Ext2::alloc_block SLOW: 604 ticks (read bitmap: 604, write metadata: 0)
Ext2::alloc_block SLOW: 565 ticks (read bitmap: 565, write metadata: 0)
Ext2::alloc_block SLOW: 590 ticks (read bitmap: 590, write metadata: 0)
Ext2::alloc_block SLOW: 573 ticks (read bitmap: 573, write metadata: 0)
Ext2::alloc_block SLOW: 361 ticks (read bitmap: 361, write metadata: 0)
Ext2::alloc_block SLOW: 554 ticks (read bitmap: 554, write metadata: 0)
Ext2::alloc_block SLOW: 622 ticks (read bitmap: 622, write metadata: 0)
Ext2::alloc_block SLOW: 654 ticks (read bitmap: 654, write metadata: 0)
Ext2::alloc_block SLOW: 510 ticks (read bitmap: 510, write metadata: 0)
Ext2::alloc_block SLOW: 756 ticks (read bitmap: 756, write metadata: 0)
Ext2::alloc_block SLOW: 299 ticks (read bitmap: 299, write metadata: 0)
Ext2::alloc_block SLOW: 226 ticks (read bitmap: 226, write metadata: 0)
Ext2::alloc_block SLOW: 697 ticks (read bitmap: 697, write metadata: 0)
Ext2::alloc_block SLOW: 282 ticks (read bitmap: 282, write metadata: 0)
Ext2::alloc_block SLOW: 764 ticks (read bitmap: 764, write metadata: 0)
Ext2::alloc_block SLOW: 924 ticks (read bitmap: 924, write metadata: 0)
Ext2::alloc_block SLOW: 802 ticks (read bitmap: 802, write metadata: 0)
Ext2::alloc_block SLOW: 5957 ticks (read bitmap: 5957, write metadata: 0)
Ext2::alloc_block SLOW: 229 ticks (read bitmap: 229, write metadata: 0)
Ext2::alloc_block SLOW: 89 ticks (read bitmap: 89, write metadata: 0)
Ext2::alloc_block SLOW: 128 ticks (read bitmap: 128, write metadata: 0)
Ext2::alloc_block SLOW: 259 ticks (read bitmap: 259, write metadata: 0)
Ext2::alloc_block SLOW: 65 ticks (read bitmap: 65, write metadata: 0)
Ext2::alloc_block SLOW: 267 ticks (read bitmap: 267, write metadata: 0)
Ext2::alloc_block SLOW: 644 ticks (read bitmap: 644, write metadata: 0)
Ext2::alloc_block SLOW: 612 ticks (read bitmap: 612, write metadata: 0)
Ext2::alloc_block SLOW: 1023 ticks (read bitmap: 1023, write metadata: 0)
Ext2::alloc_block SLOW: 837 ticks (read bitmap: 837, write metadata: 0)
Ext2::alloc_block SLOW: 395 ticks (read bitmap: 395, write metadata: 0)
Ext2::alloc_block SLOW: 566 ticks (read bitmap: 566, write metadata: 0)
Ext2::alloc_block SLOW: 77 ticks (read bitmap: 77, write metadata: 0)
Ext2::alloc_block SLOW: 352 ticks (read bitmap: 352, write metadata: 0)
Ext2::alloc_block SLOW: 425 ticks (read bitmap: 425, write metadata: 0)
Ext2::alloc_block SLOW: 98 ticks (read bitmap: 98, write metadata: 0)
Ext2::alloc_block SLOW: 63 ticks (read bitmap: 63, write metadata: 0)
Ext2::alloc_block SLOW: 238 ticks (read bitmap: 238, write metadata: 0)
Ext2::alloc_block SLOW: 862 ticks (read bitmap: 862, write metadata: 0)
Ext2::alloc_block SLOW: 542 ticks (read bitmap: 542, write metadata: 0)
Ext2::alloc_block SLOW: 348 ticks (read bitmap: 348, write metadata: 0)
Ext2::alloc_block SLOW: 468 ticks (read bitmap: 468, write metadata: 0)
Ext2::alloc_block SLOW: 768 ticks (read bitmap: 768, write metadata: 0)
Ext2::alloc_block SLOW: 770 ticks (read bitmap: 770, write metadata: 0)
Ext2::alloc_block SLOW: 725 ticks (read bitmap: 725, write metadata: 0)
Ext2::alloc_block SLOW: 354 ticks (read bitmap: 354, write metadata: 0)
Ext2::alloc_block SLOW: 359 ticks (read bitmap: 359, write metadata: 0)
Ext2::alloc_block SLOW: 675 ticks (read bitmap: 675, write metadata: 0)
Ext2::alloc_block SLOW: 810 ticks (read bitmap: 810, write metadata: 0)
Ext2::alloc_block SLOW: 735 ticks (read bitmap: 735, write metadata: 0)
Ext2::alloc_block SLOW: 728 ticks (read bitmap: 728, write metadata: 0)
Ext2::alloc_block SLOW: 434 ticks (read bitmap: 434, write metadata: 0)
Ext2::alloc_block SLOW: 629 ticks (read bitmap: 629, write metadata: 0)
Ext2::alloc_block SLOW: 737 ticks (read bitmap: 737, write metadata: 0)
Ext2::alloc_block SLOW: 326 ticks (read bitmap: 326, write metadata: 0)
Ext2::alloc_block SLOW: 318 ticks (read bitmap: 318, write metadata: 0)
Ext2::alloc_block SLOW: 125 ticks (read bitmap: 125, write metadata: 0)
Ext2::alloc_block SLOW: 789 ticks (read bitmap: 789, write metadata: 0)
Ext2::alloc_block SLOW: 820 ticks (read bitmap: 820, write metadata: 0)
Ext2::alloc_block SLOW: 408 ticks (read bitmap: 408, write metadata: 0)
Ext2::alloc_block SLOW: 406 ticks (read bitmap: 406, write metadata: 0)
Ext2::alloc_block SLOW: 419 ticks (read bitmap: 419, write metadata: 0)
Ext2::alloc_block SLOW: 694 ticks (read bitmap: 694, write metadata: 0)
Ext2::alloc_block SLOW: 693 ticks (read bitmap: 693, write metadata: 0)
Ext2::alloc_block SLOW: 660 ticks (read bitmap: 660, write metadata: 0)
Ext2::alloc_block SLOW: 592 ticks (read bitmap: 592, write metadata: 0)
Ext2::alloc_block SLOW: 313 ticks (read bitmap: 313, write metadata: 0)
Ext2::alloc_block SLOW: 669 ticks (read bitmap: 669, write metadata: 0)
Ext2::alloc_block SLOW: 341 ticks (read bitmap: 341, write metadata: 0)
Ext2::alloc_block SLOW: 391 ticks (read bitmap: 391, write metadata: 0)
Ext2::alloc_block SLOW: 342 ticks (read bitmap: 342, write metadata: 0)
Ext2::alloc_block SLOW: 233 ticks (read bitmap: 233, write metadata: 0)
Ext2::alloc_block SLOW: 559 ticks (read bitmap: 559, write metadata: 0)
Ext2::alloc_block SLOW: 752 ticks (read bitmap: 752, write metadata: 0)
Ext2::alloc_block SLOW: 934 ticks (read bitmap: 934, write metadata: 0)
Ext2::alloc_block SLOW: 711 ticks (read bitmap: 711, write metadata: 0)
Ext2::alloc_block SLOW: 679 ticks (read bitmap: 679, write metadata: 0)
Ext2::alloc_block SLOW: 684 ticks (read bitmap: 684, write metadata: 0)
Ext2::alloc_block SLOW: 625 ticks (read bitmap: 625, write metadata: 0)
Ext2::alloc_block SLOW: 605 ticks (read bitmap: 605, write metadata: 0)
Ext2::alloc_block SLOW: 409 ticks (read bitmap: 409, write metadata: 0)
Ext2::alloc_block SLOW: 765 ticks (read bitmap: 765, write metadata: 0)
Ext2::alloc_block SLOW: 630 ticks (read bitmap: 630, write metadata: 0)
Ext2::alloc_block SLOW: 672 ticks (read bitmap: 672, write metadata: 0)
Ext2::alloc_block SLOW: 586 ticks (read bitmap: 586, write metadata: 0)
Ext2::alloc_block SLOW: 694 ticks (read bitmap: 694, write metadata: 0)
Ext2::alloc_block SLOW: 863 ticks (read bitmap: 863, write metadata: 0)
Ext2::alloc_block SLOW: 351 ticks (read bitmap: 351, write metadata: 0)
Ext2::alloc_block SLOW: 571 ticks (read bitmap: 571, write metadata: 0)
Ext2::alloc_block SLOW: 740 ticks (read bitmap: 740, write metadata: 0)
Ext2::alloc_block SLOW: 375 ticks (read bitmap: 375, write metadata: 0)
Ext2::alloc_block SLOW: 762 ticks (read bitmap: 762, write metadata: 0)
Ext2::alloc_block SLOW: 722 ticks (read bitmap: 722, write metadata: 0)
Ext2::alloc_block SLOW: 750 ticks (read bitmap: 750, write metadata: 0)
Ext2::alloc_block SLOW: 745 ticks (read bitmap: 745, write metadata: 0)
Ext2::alloc_block SLOW: 495 ticks (read bitmap: 495, write metadata: 0)
Ext2::alloc_block SLOW: 544 ticks (read bitmap: 544, write metadata: 0)
Ext2::alloc_block SLOW: 579 ticks (read bitmap: 579, write metadata: 0)
Ext2::alloc_block SLOW: 571 ticks (read bitmap: 571, write metadata: 0)
Ext2::alloc_block SLOW: 653 ticks (read bitmap: 653, write metadata: 0)
Ext2::alloc_block SLOW: 753 ticks (read bitmap: 753, write metadata: 0)
Ext2::alloc_block SLOW: 739 ticks (read bitmap: 739, write metadata: 0)
Ext2::alloc_block SLOW: 832 ticks (read bitmap: 832, write metadata: 0)
Ext2::alloc_block SLOW: 841 ticks (read bitmap: 841, write metadata: 0)
Ext2::alloc_block SLOW: 790 ticks (read bitmap: 790, write metadata: 0)
Ext2::alloc_block SLOW: 600 ticks (read bitmap: 600, write metadata: 0)
Ext2::alloc_block SLOW: 632 ticks (read bitmap: 632, write metadata: 0)
Ext2::alloc_block SLOW: 519 ticks (read bitmap: 519, write metadata: 0)
Ext2::alloc_block SLOW: 580 ticks (read bitmap: 580, write metadata: 0)
Ext2::alloc_block SLOW: 775 ticks (read bitmap: 775, write metadata: 0)
Ext2::alloc_block SLOW: 715 ticks (read bitmap: 715, write metadata: 0)
Ext2::alloc_block SLOW: 803 ticks (read bitmap: 803, write metadata: 0)
Ext2::alloc_block SLOW: 558 ticks (read bitmap: 558, write metadata: 0)
Ext2::alloc_block SLOW: 800 ticks (read bitmap: 800, write metadata: 0)
Ext2::alloc_block SLOW: 549 ticks (read bitmap: 549, write metadata: 0)
Ext2::alloc_block SLOW: 379 ticks (read bitmap: 379, write metadata: 0)
Ext2::alloc_block SLOW: 403 ticks (read bitmap: 403, write metadata: 0)
Ext2::alloc_block SLOW: 348 ticks (read bitmap: 348, write metadata: 0)
Ext2::alloc_block SLOW: 125 ticks (read bitmap: 125, write metadata: 0)
Ext2::alloc_block SLOW: 821 ticks (read bitmap: 821, write metadata: 0)
Ext2::alloc_block SLOW: 106 ticks (read bitmap: 106, write metadata: 0)
Ext2::alloc_block SLOW: 376 ticks (read bitmap: 376, write metadata: 0)
Ext2::alloc_block SLOW: 663 ticks (read bitmap: 663, write metadata: 0)
Ext2::alloc_block SLOW: 702 ticks (read bitmap: 702, write metadata: 0)
Ext2::alloc_block SLOW: 875 ticks (read bitmap: 875, write metadata: 0)
Ext2::alloc_block SLOW: 826 ticks (read bitmap: 826, write metadata: 0)
Ext2::alloc_block SLOW: 613 ticks (read bitmap: 613, write metadata: 0)
Ext2::alloc_block SLOW: 79 ticks (read bitmap: 79, write metadata: 0)
Ext2::alloc_block SLOW: 735 ticks (read bitmap: 735, write metadata: 0)
Ext2::alloc_block SLOW: 831 ticks (read bitmap: 831, write metadata: 0)
Ext2::alloc_block SLOW: 553 ticks (read bitmap: 553, write metadata: 0)
Ext2::alloc_block SLOW: 745 ticks (read bitmap: 745, write metadata: 0)
Ext2::alloc_block SLOW: 802 ticks (read bitmap: 802, write metadata: 0)
Ext2::alloc_block SLOW: 966 ticks (read bitmap: 966, write metadata: 0)
Ext2::alloc_block SLOW: 872 ticks (read bitmap: 872, write metadata: 0)
Ext2::alloc_block SLOW: 652 ticks (read bitmap: 652, write metadata: 0)
Ext2::alloc_block SLOW: 698 ticks (read bitmap: 698, write metadata: 0)
Ext2::alloc_block SLOW: 770 ticks (read bitmap: 770, write metadata: 0)
Ext2::alloc_block SLOW: 678 ticks (read bitmap: 678, write metadata: 0)
Ext2::alloc_block SLOW: 540 ticks (read bitmap: 540, write metadata: 0)
Ext2::alloc_block SLOW: 796 ticks (read bitmap: 796, write metadata: 0)
Ext2::alloc_block SLOW: 125 ticks (read bitmap: 125, write metadata: 0)
Ext2::alloc_block SLOW: 841 ticks (read bitmap: 841, write metadata: 0)
Ext2::alloc_block SLOW: 155 ticks (read bitmap: 155, write metadata: 0)
Ext2::alloc_block SLOW: 298 ticks (read bitmap: 298, write metadata: 0)
Ext2::alloc_block SLOW: 89 ticks (read bitmap: 89, write metadata: 0)
Ext2::alloc_block SLOW: 318 ticks (read bitmap: 318, write metadata: 0)
Ext2::alloc_block SLOW: 737 ticks (read bitmap: 737, write metadata: 0)
Ext2::alloc_block SLOW: 280 ticks (read bitmap: 280, write metadata: 0)
Ext2::alloc_block SLOW: 338 ticks (read bitmap: 338, write metadata: 0)
Ext2::alloc_block SLOW: 258 ticks (read bitmap: 258, write metadata: 0)
Ext2::alloc_block SLOW: 242 ticks (read bitmap: 242, write metadata: 0)
Ext2::alloc_block SLOW: 204 ticks (read bitmap: 204, write metadata: 0)
Ext2::alloc_block SLOW: 315 ticks (read bitmap: 315, write metadata: 0)
Ext2::alloc_block SLOW: 304 ticks (read bitmap: 304, write metadata: 0)
Ext2::alloc_block SLOW: 234 ticks (read bitmap: 234, write metadata: 0)
Ext2::alloc_block SLOW: 243 ticks (read bitmap: 243, write metadata: 0)
Ext2::alloc_block SLOW: 678 ticks (read bitmap: 678, write metadata: 0)
Ext2::alloc_block SLOW: 716 ticks (read bitmap: 716, write metadata: 0)
Ext2::alloc_block SLOW: 694 ticks (read bitmap: 694, write metadata: 0)
Ext2::alloc_block SLOW: 687 ticks (read bitmap: 687, write metadata: 0)
Ext2::alloc_block SLOW: 692 ticks (read bitmap: 692, write metadata: 0)
Ext2::alloc_block SLOW: 642 ticks (read bitmap: 642, write metadata: 0)
Ext2::alloc_block SLOW: 432 ticks (read bitmap: 432, write metadata: 0)
Ext2::alloc_block SLOW: 519 ticks (read bitmap: 519, write metadata: 0)
Ext2::alloc_block SLOW: 447 ticks (read bitmap: 447, write metadata: 0)
Ext2::alloc_block SLOW: 965 ticks (read bitmap: 965, write metadata: 0)
Ext2::alloc_block SLOW: 698 ticks (read bitmap: 698, write metadata: 0)
Ext2::alloc_block SLOW: 706 ticks (read bitmap: 706, write metadata: 0)
Ext2::alloc_block SLOW: 738 ticks (read bitmap: 738, write metadata: 0)
Ext2::alloc_block SLOW: 692 ticks (read bitmap: 692, write metadata: 0)
Ext2::alloc_block SLOW: 651 ticks (read bitmap: 651, write metadata: 0)
Ext2::alloc_block SLOW: 727 ticks (read bitmap: 727, write metadata: 0)
Ext2::alloc_block SLOW: 680 ticks (read bitmap: 680, write metadata: 0)
Ext2::alloc_block SLOW: 405 ticks (read bitmap: 405, write metadata: 0)
Ext2::alloc_block SLOW: 674 ticks (read bitmap: 674, write metadata: 0)
Ext2::alloc_block SLOW: 774 ticks (read bitmap: 774, write metadata: 0)
Ext2::alloc_block SLOW: 640 ticks (read bitmap: 640, write metadata: 0)
Ext2::alloc_block SLOW: 427 ticks (read bitmap: 427, write metadata: 0)
Ext2::alloc_block SLOW: 471 ticks (read bitmap: 471, write metadata: 0)
Ext2::alloc_block SLOW: 306 ticks (read bitmap: 306, write metadata: 0)
Ext2::alloc_block SLOW: 514 ticks (read bitmap: 514, write metadata: 0)
Ext2::alloc_block SLOW: 434 ticks (read bitmap: 434, write metadata: 0)
Ext2::alloc_block SLOW: 477 ticks (read bitmap: 477, write metadata: 0)
Ext2::alloc_block SLOW: 484 ticks (read bitmap: 484, write metadata: 0)
Ext2::alloc_block SLOW: 635 ticks (read bitmap: 635, write metadata: 0)
Ext2::alloc_block SLOW: 710 ticks (read bitmap: 710, write metadata: 0)
Ext2::alloc_block SLOW: 368 ticks (read bitmap: 368, write metadata: 0)
Ext2::alloc_block SLOW: 353 ticks (read bitmap: 353, write metadata: 0)
Ext2::alloc_block SLOW: 292 ticks (read bitmap: 292, write metadata: 0)
Ext2::alloc_block SLOW: 516 ticks (read bitmap: 516, write metadata: 0)
Ext2::alloc_block SLOW: 502 ticks (read bitmap: 502, write metadata: 0)
Ext2::alloc_block SLOW: 417 ticks (read bitmap: 417, write metadata: 0)
Ext2::alloc_block SLOW: 398 ticks (read bitmap: 398, write metadata: 0)
Ext2::alloc_block SLOW: 541 ticks (read bitmap: 541, write metadata: 0)
Ext2::alloc_block SLOW: 692 ticks (read bitmap: 692, write metadata: 0)
Ext2::alloc_block SLOW: 600 ticks (read bitmap: 600, write metadata: 0)
Ext2::alloc_block SLOW: 313 ticks (read bitmap: 313, write metadata: 0)
Ext2::alloc_block SLOW: 106 ticks (read bitmap: 106, write metadata: 0)
Ext2::alloc_block SLOW: 328 ticks (read bitmap: 328, write metadata: 0)
Ext2::alloc_block SLOW: 537 ticks (read bitmap: 537, write metadata: 0)
Ext2::alloc_block SLOW: 449 ticks (read bitmap: 449, write metadata: 0)
Ext2::alloc_block SLOW: 421 ticks (read bitmap: 421, write metadata: 0)
Ext2::alloc_block SLOW: 411 ticks (read bitmap: 411, write metadata: 0)
Ext2::alloc_block SLOW: 453 ticks (read bitmap: 453, write metadata: 0)
Ext2::alloc_block SLOW: 667 ticks (read bitmap: 667, write metadata: 0)
Ext2::alloc_block SLOW: 603 ticks (read bitmap: 603, write metadata: 0)
Ext2::alloc_block SLOW: 661 ticks (read bitmap: 661, write metadata: 0)
Ext2::alloc_block SLOW: 654 ticks (read bitmap: 654, write metadata: 0)
Ext2::alloc_block SLOW: 228 ticks (read bitmap: 228, write metadata: 0)
Ext2::alloc_block SLOW: 125 ticks (read bitmap: 125, write metadata: 0)
Ext2::alloc_block SLOW: 619 ticks (read bitmap: 619, write metadata: 0)
Ext2::alloc_block SLOW: 534 ticks (read bitmap: 534, write metadata: 0)
Ext2::alloc_block SLOW: 334 ticks (read bitmap: 334, write metadata: 0)
Ext2::alloc_block SLOW: 648 ticks (read bitmap: 648, write metadata: 0)
Ext2::alloc_block SLOW: 414 ticks (read bitmap: 414, write metadata: 0)
Ext2::alloc_block SLOW: 859 ticks (read bitmap: 859, write metadata: 0)
Ext2::alloc_block SLOW: 344 ticks (read bitmap: 344, write metadata: 0)
Ext2::alloc_block SLOW: 134 ticks (read bitmap: 134, write metadata: 0)
Ext2::alloc_block SLOW: 124 ticks (read bitmap: 124, write metadata: 0)
Ext2::alloc_block SLOW: 109 ticks (read bitmap: 109, write metadata: 0)
Ext2::alloc_block SLOW: 278 ticks (read bitmap: 278, write metadata: 0)
Ext2::alloc_block SLOW: 233 ticks (read bitmap: 233, write metadata: 0)
Ext2::alloc_block SLOW: 304 ticks (read bitmap: 304, write metadata: 0)
Ext2::alloc_block SLOW: 380 ticks (read bitmap: 380, write metadata: 0)
Ext2::alloc_block SLOW: 372 ticks (read bitmap: 372, write metadata: 0)
Ext2::alloc_block SLOW: 663 ticks (read bitmap: 663, write metadata: 0)
Ext2::alloc_block SLOW: 410 ticks (read bitmap: 410, write metadata: 0)
Ext2::alloc_block SLOW: 1053 ticks (read bitmap: 1053, write metadata: 0)
Ext2::alloc_block SLOW: 325 ticks (read bitmap: 325, write metadata: 0)
Ext2::alloc_block SLOW: 789 ticks (read bitmap: 789, write metadata: 0)
Ext2::alloc_block SLOW: 1074 ticks (read bitmap: 1074, write metadata: 0)
Ext2::alloc_block SLOW: 295 ticks (read bitmap: 295, write metadata: 0)
Ext2::alloc_block SLOW: 346 ticks (read bitmap: 346, write metadata: 0)
Ext2::alloc_block SLOW: 665 ticks (read bitmap: 665, write metadata: 0)
Ext2::alloc_block SLOW: 681 ticks (read bitmap: 681, write metadata: 0)
Ext2::alloc_block SLOW: 280 ticks (read bitmap: 280, write metadata: 0)
Ext2::alloc_block SLOW: 670 ticks (read bitmap: 670, write metadata: 0)
Ext2::alloc_block SLOW: 439 ticks (read bitmap: 439, write metadata: 0)
Ext2::alloc_block SLOW: 571 ticks (read bitmap: 571, write metadata: 0)
Ext2::alloc_block SLOW: 440 ticks (read bitmap: 440, write metadata: 0)
Ext2::alloc_block SLOW: 517 ticks (read bitmap: 517, write metadata: 0)
Ext2::alloc_block SLOW: 492 ticks (read bitmap: 492, write metadata: 0)
Ext2::alloc_block SLOW: 462 ticks (read bitmap: 462, write metadata: 0)
Ext2::alloc_block SLOW: 257 ticks (read bitmap: 257, write metadata: 0)
Ext2::alloc_block SLOW: 702 ticks (read bitmap: 702, write metadata: 0)
Ext2::alloc_block SLOW: 697 ticks (read bitmap: 697, write metadata: 0)
Ext2::alloc_block SLOW: 571 ticks (read bitmap: 571, write metadata: 0)
Ext2::alloc_block SLOW: 84 ticks (read bitmap: 84, write metadata: 0)
Ext2::alloc_block SLOW: 521 ticks (read bitmap: 521, write metadata: 0)
Ext2::alloc_block SLOW: 556 ticks (read bitmap: 556, write metadata: 0)
Ext2::alloc_block SLOW: 584 ticks (read bitmap: 584, write metadata: 0)
Ext2::alloc_block SLOW: 492 ticks (read bitmap: 492, write metadata: 0)
Ext2::alloc_block SLOW: 503 ticks (read bitmap: 503, write metadata: 0)
Ext2::alloc_block SLOW: 341 ticks (read bitmap: 341, write metadata: 0)
Ext2::alloc_block SLOW: 894 ticks (read bitmap: 894, write metadata: 0)
Ext2::alloc_block SLOW: 1114 ticks (read bitmap: 1114, write metadata: 0)
Ext2::alloc_block SLOW: 574 ticks (read bitmap: 574, write metadata: 0)
Ext2::alloc_block SLOW: 578 ticks (read bitmap: 578, write metadata: 0)
Ext2::alloc_block SLOW: 539 ticks (read bitmap: 539, write metadata: 0)
Ext2::alloc_block SLOW: 515 ticks (read bitmap: 515, write metadata: 0)
Ext2::alloc_block SLOW: 759 ticks (read bitmap: 759, write metadata: 0)
Ext2::alloc_block SLOW: 683 ticks (read bitmap: 683, write metadata: 0)
Ext2::alloc_block SLOW: 337 ticks (read bitmap: 337, write metadata: 0)
Ext2::alloc_block SLOW: 760 ticks (read bitmap: 760, write metadata: 0)
Ext2::alloc_block SLOW: 675 ticks (read bitmap: 675, write metadata: 0)
Ext2::alloc_block SLOW: 709 ticks (read bitmap: 709, write metadata: 0)
Ext2::alloc_block SLOW: 741 ticks (read bitmap: 741, write metadata: 0)
Ext2::alloc_block SLOW: 588 ticks (read bitmap: 588, write metadata: 0)
Ext2::alloc_block SLOW: 326 ticks (read bitmap: 326, write metadata: 0)
Ext2::alloc_block SLOW: 651 ticks (read bitmap: 651, write metadata: 0)
Ext2::alloc_block SLOW: 436 ticks (read bitmap: 436, write metadata: 0)
Ext2::alloc_block SLOW: 329 ticks (read bitmap: 329, write metadata: 0)
Ext2::alloc_block SLOW: 717 ticks (read bitmap: 717, write metadata: 0)
Ext2::alloc_block SLOW: 739 ticks (read bitmap: 739, write metadata: 0)
Ext2::alloc_block SLOW: 627 ticks (read bitmap: 627, write metadata: 0)
Ext2::alloc_block SLOW: 810 ticks (read bitmap: 810, write metadata: 0)
Ext2::alloc_block SLOW: 447 ticks (read bitmap: 447, write metadata: 0)
Ext2::alloc_block SLOW: 509 ticks (read bitmap: 509, write metadata: 0)
Ext2::alloc_block SLOW: 462 ticks (read bitmap: 462, write metadata: 0)
Ext2::alloc_block SLOW: 951 ticks (read bitmap: 951, write metadata: 0)
Ext2::alloc_block SLOW: 476 ticks (read bitmap: 476, write metadata: 0)
Ext2::alloc_block SLOW: 702 ticks (read bitmap: 702, write metadata: 0)
Ext2::alloc_block SLOW: 752 ticks (read bitmap: 752, write metadata: 0)
Ext2::alloc_block SLOW: 676 ticks (read bitmap: 676, write metadata: 0)
Ext2::alloc_block SLOW: 652 ticks (read bitmap: 652, write metadata: 0)
Ext2::alloc_block SLOW: 704 ticks (read bitmap: 704, write metadata: 0)
Ext2::alloc_block SLOW: 624 ticks (read bitmap: 624, write metadata: 0)
Ext2::alloc_block SLOW: 423 ticks (read bitmap: 423, write metadata: 0)
Ext2::alloc_block SLOW: 637 ticks (read bitmap: 637, write metadata: 0)
Ext2::alloc_block SLOW: 459 ticks (read bitmap: 459, write metadata: 0)
Ext2::alloc_block SLOW: 575 ticks (read bitmap: 575, write metadata: 0)
Ext2::alloc_block SLOW: 687 ticks (read bitmap: 687, write metadata: 0)
Ext2::alloc_block SLOW: 765 ticks (read bitmap: 765, write metadata: 0)
Ext2::alloc_block SLOW: 713 ticks (read bitmap: 713, write metadata: 0)
Ext2::alloc_block SLOW: 797 ticks (read bitmap: 797, write metadata: 0)
Ext2::alloc_block SLOW: 828 ticks (read bitmap: 828, write metadata: 0)
Ext2::alloc_block SLOW: 699 ticks (read bitmap: 699, write metadata: 0)
Ext2::alloc_block SLOW: 749 ticks (read bitmap: 749, write metadata: 0)
Ext2::alloc_block SLOW: 508 ticks (read bitmap: 508, write metadata: 0)
Ext2::alloc_block SLOW: 624 ticks (read bitmap: 624, write metadata: 0)
Ext2::alloc_block SLOW: 710 ticks (read bitmap: 710, write metadata: 0)
Ext2::alloc_block SLOW: 588 ticks (read bitmap: 588, write metadata: 0)
Ext2::alloc_block SLOW: 599 ticks (read bitmap: 599, write metadata: 0)
Ext2::alloc_block SLOW: 422 ticks (read bitmap: 422, write metadata: 0)
Ext2::alloc_block SLOW: 901 ticks (read bitmap: 901, write metadata: 0)
Ext2::alloc_block SLOW: 709 ticks (read bitmap: 709, write metadata: 0)
Ext2::alloc_block SLOW: 520 ticks (read bitmap: 520, write metadata: 0)
Ext2::alloc_block SLOW: 274 ticks (read bitmap: 274, write metadata: 0)
Ext2::alloc_block SLOW: 102 ticks (read bitmap: 102, write metadata: 0)
Ext2::alloc_block SLOW: 408 ticks (read bitmap: 408, write metadata: 0)
Ext2::alloc_block SLOW: 536 ticks (read bitmap: 536, write metadata: 0)
Ext2::alloc_block SLOW: 556 ticks (read bitmap: 556, write metadata: 0)
Ext2::alloc_block SLOW: 513 ticks (read bitmap: 513, write metadata: 0)
Ext2::alloc_block SLOW: 803 ticks (read bitmap: 803, write metadata: 0)
Ext2::alloc_block SLOW: 147 ticks (read bitmap: 147, write metadata: 0)
Ext2::alloc_block SLOW: 309 ticks (read bitmap: 309, write metadata: 0)
Ext2::alloc_block SLOW: 268 ticks (read bitmap: 268, write metadata: 0)
Ext2::alloc_block SLOW: 329 ticks (read bitmap: 329, write metadata: 0)
Ext2::alloc_block SLOW: 59 ticks (read bitmap: 59, write metadata: 0)
Ext2::alloc_block SLOW: 302 ticks (read bitmap: 302, write metadata: 0)
Ext2::alloc_block SLOW: 781 ticks (read bitmap: 781, write metadata: 0)
Ext2::alloc_block SLOW: 730 ticks (read bitmap: 730, write metadata: 0)
Ext2::alloc_block SLOW: 748 ticks (read bitmap: 748, write metadata: 0)
Ext2::alloc_block SLOW: 312 ticks (read bitmap: 312, write metadata: 0)
Ext2::alloc_block SLOW: 366 ticks (read bitmap: 366, write metadata: 0)
Ext2::alloc_block SLOW: 824 ticks (read bitmap: 824, write metadata: 0)
Ext2::alloc_block SLOW: 407 ticks (read bitmap: 407, write metadata: 0)
Ext2::alloc_block SLOW: 324 ticks (read bitmap: 324, write metadata: 0)
Ext2::alloc_block SLOW: 287 ticks (read bitmap: 287, write metadata: 0)
Ext2::alloc_block SLOW: 860 ticks (read bitmap: 860, write metadata: 0)
Ext2::alloc_block SLOW: 657 ticks (read bitmap: 657, write metadata: 0)
Ext2::alloc_block SLOW: 293 ticks (read bitmap: 293, write metadata: 0)
Ext2::alloc_block SLOW: 499 ticks (read bitmap: 499, write metadata: 0)
Ext2::alloc_block SLOW: 838 ticks (read bitmap: 838, write metadata: 0)
Ext2::alloc_block SLOW: 793 ticks (read bitmap: 793, write metadata: 0)
Ext2::alloc_block SLOW: 798 ticks (read bitmap: 798, write metadata: 0)
Ext2::alloc_block SLOW: 516 ticks (read bitmap: 516, write metadata: 0)
Ext2::alloc_block SLOW: 268 ticks (read bitmap: 268, write metadata: 0)
Ext2::alloc_block SLOW: 858 ticks (read bitmap: 858, write metadata: 0)
Ext2::alloc_block SLOW: 586 ticks (read bitmap: 586, write metadata: 0)
Ext2::alloc_block SLOW: 693 ticks (read bitmap: 693, write metadata: 0)
Ext2::alloc_block SLOW: 577 ticks (read bitmap: 577, write metadata: 0)
Ext2::alloc_block SLOW: 615 ticks (read bitmap: 615, write metadata: 0)
Ext2::alloc_block SLOW: 498 ticks (read bitmap: 498, write metadata: 0)
Ext2::alloc_block SLOW: 448 ticks (read bitmap: 448, write metadata: 0)
Ext2::alloc_block SLOW: 546 ticks (read bitmap: 546, write metadata: 0)
Ext2::alloc_block SLOW: 410 ticks (read bitmap: 410, write metadata: 0)
Ext2::alloc_block SLOW: 248 ticks (read bitmap: 248, write metadata: 0)
Ext2::alloc_block SLOW: 830 ticks (read bitmap: 830, write metadata: 0)
Ext2::alloc_block SLOW: 525 ticks (read bitmap: 525, write metadata: 0)
Ext2::alloc_block SLOW: 557 ticks (read bitmap: 557, write metadata: 0)
Ext2::alloc_block SLOW: 537 ticks (read bitmap: 537, write metadata: 0)
Ext2::alloc_block SLOW: 523 ticks (read bitmap: 523, write metadata: 0)
Ext2::alloc_block SLOW: 370 ticks (read bitmap: 370, write metadata: 0)
Ext2::alloc_block SLOW: 370 ticks (read bitmap: 370, write metadata: 0)
Ext2::alloc_block SLOW: 397 ticks (read bitmap: 397, write metadata: 0)
Ext2::alloc_block SLOW: 474 ticks (read bitmap: 474, write metadata: 0)
Ext2::alloc_block SLOW: 647 ticks (read bitmap: 647, write metadata: 0)
Ext2::alloc_block SLOW: 679 ticks (read bitmap: 679, write metadata: 0)
Ext2::alloc_block SLOW: 686 ticks (read bitmap: 686, write metadata: 0)
Ext2::alloc_block SLOW: 762 ticks (read bitmap: 762, write metadata: 0)
Ext2::alloc_block SLOW: 702 ticks (read bitmap: 702, write metadata: 0)
Ext2::alloc_block SLOW: 771 ticks (read bitmap: 771, write metadata: 0)
Ext2::alloc_block SLOW: 666 ticks (read bitmap: 666, write metadata: 0)
Ext2::alloc_block SLOW: 604 ticks (read bitmap: 604, write metadata: 0)
Ext2::alloc_block SLOW: 701 ticks (read bitmap: 701, write metadata: 0)
Ext2::alloc_block SLOW: 914 ticks (read bitmap: 914, write metadata: 0)
Ext2::alloc_block SLOW: 744 ticks (read bitmap: 744, write metadata: 0)
Ext2::alloc_block SLOW: 707 ticks (read bitmap: 707, write metadata: 0)
Ext2::alloc_block SLOW: 939 ticks (read bitmap: 939, write metadata: 0)
Ext2::alloc_block SLOW: 690 ticks (read bitmap: 690, write metadata: 0)
Ext2::alloc_block SLOW: 687 ticks (read bitmap: 687, write metadata: 0)
Ext2::alloc_block SLOW: 268 ticks (read bitmap: 268, write metadata: 0)
Ext2::alloc_block SLOW: 551 ticks (read bitmap: 551, write metadata: 0)
Ext2::alloc_block SLOW: 618 ticks (read bitmap: 618, write metadata: 0)
Ext2::alloc_block SLOW: 289 ticks (read bitmap: 289, write metadata: 0)
Ext2::alloc_block SLOW: 548 ticks (read bitmap: 548, write metadata: 0)
Ext2::alloc_block SLOW: 477 ticks (read bitmap: 477, write metadata: 0)
Ext2::alloc_block SLOW: 556 ticks (read bitmap: 556, write metadata: 0)
Ext2::alloc_block SLOW: 512 ticks (read bitmap: 512, write metadata: 0)
Ext2::alloc_block SLOW: 515 ticks (read bitmap: 515, write metadata: 0)
Ext2::alloc_block SLOW: 514 ticks (read bitmap: 514, write metadata: 0)
Ext2::alloc_block SLOW: 547 ticks (read bitmap: 547, write metadata: 0)
Ext2::alloc_block SLOW: 508 ticks (read bitmap: 508, write metadata: 0)
Ext2::alloc_block SLOW: 507 ticks (read bitmap: 507, write metadata: 0)
Ext2::alloc_block SLOW: 349 ticks (read bitmap: 349, write metadata: 0)
Ext2::alloc_block SLOW: 553 ticks (read bitmap: 553, write metadata: 0)
Ext2::alloc_block SLOW: 450 ticks (read bitmap: 450, write metadata: 0)
Ext2::alloc_block SLOW: 898 ticks (read bitmap: 898, write metadata: 0)
Ext2::alloc_block SLOW: 961 ticks (read bitmap: 961, write metadata: 0)
Ext2::alloc_block SLOW: 768 ticks (read bitmap: 768, write metadata: 0)
Ext2::alloc_block SLOW: 785 ticks (read bitmap: 785, write metadata: 0)
Ext2::alloc_block SLOW: 615 ticks (read bitmap: 615, write metadata: 0)
Ext2::alloc_block SLOW: 448 ticks (read bitmap: 448, write metadata: 0)
Ext2::alloc_block SLOW: 747 ticks (read bitmap: 747, write metadata: 0)
Ext2::alloc_block SLOW: 578 ticks (read bitmap: 578, write metadata: 0)
Ext2::alloc_block SLOW: 485 ticks (read bitmap: 485, write metadata: 0)
Ext2::alloc_block SLOW: 883 ticks (read bitmap: 883, write metadata: 0)
Ext2::alloc_block SLOW: 898 ticks (read bitmap: 898, write metadata: 0)
Ext2::alloc_block SLOW: 556 ticks (read bitmap: 556, write metadata: 0)
Ext2::alloc_block SLOW: 405 ticks (read bitmap: 405, write metadata: 0)
Ext2::alloc_block SLOW: 342 ticks (read bitmap: 342, write metadata: 0)
Ext2::alloc_block SLOW: 267 ticks (read bitmap: 267, write metadata: 0)
Ext2::alloc_block SLOW: 398 ticks (read bitmap: 398, write metadata: 0)
Ext2::alloc_block SLOW: 349 ticks (read bitmap: 349, write metadata: 0)
Ext2::alloc_block SLOW: 377 ticks (read bitmap: 377, write metadata: 0)
Ext2::alloc_block SLOW: 453 ticks (read bitmap: 453, write metadata: 0)
Ext2::alloc_block SLOW: 397 ticks (read bitmap: 397, write metadata: 0)
Ext2::alloc_block SLOW: 338 ticks (read bitmap: 338, write metadata: 0)
Ext2::alloc_block SLOW: 278 ticks (read bitmap: 278, write metadata: 0)
Ext2::alloc_block SLOW: 358 ticks (read bitmap: 358, write metadata: 0)
Ext2::alloc_block SLOW: 280 ticks (read bitmap: 280, write metadata: 0)
Ext2::alloc_block SLOW: 340 ticks (read bitmap: 340, write metadata: 0)
Ext2::alloc_block SLOW: 271 ticks (read bitmap: 271, write metadata: 0)
Ext2::alloc_block SLOW: 339 ticks (read bitmap: 339, write metadata: 0)
Ext2::alloc_block SLOW: 309 ticks (read bitmap: 309, write metadata: 0)
Ext2::alloc_block SLOW: 404 ticks (read bitmap: 404, write metadata: 0)
Ext2::alloc_block SLOW: 410 ticks (read bitmap: 410, write metadata: 0)
Ext2::alloc_block SLOW: 340 ticks (read bitmap: 340, write metadata: 0)
Ext2::alloc_block SLOW: 749 ticks (read bitmap: 749, write metadata: 0)
Ext2::alloc_block SLOW: 280 ticks (read bitmap: 280, write metadata: 0)
Ext2::alloc_block SLOW: 618 ticks (read bitmap: 618, write metadata: 0)
Ext2::alloc_block SLOW: 298 ticks (read bitmap: 298, write metadata: 0)
Ext2::alloc_block SLOW: 300 ticks (read bitmap: 300, write metadata: 0)
Ext2::alloc_block SLOW: 227 ticks (read bitmap: 227, write metadata: 0)
Ext2::alloc_block SLOW: 557 ticks (read bitmap: 557, write metadata: 0)
Ext2::alloc_block SLOW: 555 ticks (read bitmap: 555, write metadata: 0)
Ext2::alloc_block SLOW: 578 ticks (read bitmap: 578, write metadata: 0)
Ext2::alloc_block SLOW: 647 ticks (read bitmap: 647, write metadata: 0)
Ext2::alloc_block SLOW: 685 ticks (read bitmap: 685, write metadata: 0)
Ext2::alloc_block SLOW: 450 ticks (read bitmap: 450, write metadata: 0)
Ext2::alloc_block SLOW: 465 ticks (read bitmap: 465, write metadata: 0)
Ext2::alloc_block SLOW: 486 ticks (read bitmap: 486, write metadata: 0)
Ext2::alloc_block SLOW: 451 ticks (read bitmap: 451, write metadata: 0)
Ext2::alloc_block SLOW: 775 ticks (read bitmap: 775, write metadata: 0)
Ext2::alloc_block SLOW: 849 ticks (read bitmap: 849, write metadata: 0)
Ext2::alloc_block SLOW: 641 ticks (read bitmap: 641, write metadata: 0)
Ext2::alloc_block SLOW: 904 ticks (read bitmap: 904, write metadata: 0)
Ext2::alloc_block SLOW: 677 ticks (read bitmap: 677, write metadata: 0)
Ext2::alloc_block SLOW: 749 ticks (read bitmap: 749, write metadata: 0)
Ext2::alloc_block SLOW: 531 ticks (read bitmap: 531, write metadata: 0)
Ext2::alloc_block SLOW: 486 ticks (read bitmap: 486, write metadata: 0)
Ext2::alloc_block SLOW: 591 ticks (read bitmap: 591, write metadata: 0)
Ext2::alloc_block SLOW: 706 ticks (read bitmap: 706, write metadata: 0)
Ext2::alloc_block SLOW: 797 ticks (read bitmap: 797, write metadata: 0)
Ext2::alloc_block SLOW: 731 ticks (read bitmap: 731, write metadata: 0)
Ext2::alloc_block SLOW: 756 ticks (read bitmap: 756, write metadata: 0)
Ext2::alloc_block SLOW: 684 ticks (read bitmap: 684, write metadata: 0)
Ext2::alloc_block SLOW: 639 ticks (read bitmap: 639, write metadata: 0)
Ext2::alloc_block SLOW: 666 ticks (read bitmap: 666, write metadata: 0)
Ext2::alloc_block SLOW: 555 ticks (read bitmap: 555, write metadata: 0)
Ext2::alloc_block SLOW: 419 ticks (read bitmap: 419, write metadata: 0)
Ext2::alloc_block SLOW: 298 ticks (read bitmap: 298, write metadata: 0)
Ext2::alloc_block SLOW: 716 ticks (read bitmap: 716, write metadata: 0)
Ext2::alloc_block SLOW: 749 ticks (read bitmap: 749, write metadata: 0)
Ext2::alloc_block SLOW: 765 ticks (read bitmap: 765, write metadata: 0)
Ext2::alloc_block SLOW: 449 ticks (read bitmap: 449, write metadata: 0)
Ext2::alloc_block SLOW: 797 ticks (read bitmap: 797, write metadata: 0)
Ext2::alloc_block SLOW: 920 ticks (read bitmap: 920, write metadata: 0)
Ext2::alloc_block SLOW: 709 ticks (read bitmap: 709, write metadata: 0)
Ext2::alloc_block SLOW: 449 ticks (read bitmap: 449, write metadata: 0)
Ext2::alloc_block SLOW: 264 ticks (read bitmap: 264, write metadata: 0)
Ext2::alloc_block SLOW: 743 ticks (read bitmap: 743, write metadata: 0)
Ext2::alloc_block SLOW: 662 ticks (read bitmap: 662, write metadata: 0)
Ext2::alloc_block SLOW: 776 ticks (read bitmap: 776, write metadata: 0)
Ext2::alloc_block SLOW: 584 ticks (read bitmap: 584, write metadata: 0)
Ext2::alloc_block SLOW: 438 ticks (read bitmap: 438, write metadata: 0)
Ext2::alloc_block SLOW: 478 ticks (read bitmap: 478, write metadata: 0)
Ext2::alloc_block SLOW: 720 ticks (read bitmap: 720, write metadata: 0)
Ext2::alloc_block SLOW: 520 ticks (read bitmap: 520, write metadata: 0)
Ext2::alloc_block SLOW: 233 ticks (read bitmap: 233, write metadata: 0)
Ext2::alloc_block SLOW: 549 ticks (read bitmap: 549, write metadata: 0)
Ext2::alloc_block SLOW: 594 ticks (read bitmap: 594, write metadata: 0)
Ext2::alloc_block SLOW: 615 ticks (read bitmap: 615, write metadata: 0)
Ext2::alloc_block SLOW: 393 ticks (read bitmap: 393, write metadata: 0)
Ext2::alloc_block SLOW: 650 ticks (read bitmap: 650, write metadata: 0)
Ext2::alloc_block SLOW: 562 ticks (read bitmap: 562, write metadata: 0)
Ext2::alloc_block SLOW: 466 ticks (read bitmap: 466, write metadata: 0)
Ext2::alloc_block SLOW: 545 ticks (read bitmap: 545, write metadata: 0)
Ext2::alloc_block SLOW: 411 ticks (read bitmap: 411, write metadata: 0)
Ext2::alloc_block SLOW: 368 ticks (read bitmap: 368, write metadata: 0)
Ext2::alloc_block SLOW: 610 ticks (read bitmap: 610, write metadata: 0)
Ext2::alloc_block SLOW: 559 ticks (read bitmap: 559, write metadata: 0)
Ext2::alloc_block SLOW: 639 ticks (read bitmap: 639, write metadata: 0)
Ext2::alloc_block SLOW: 857 ticks (read bitmap: 857, write metadata: 0)
Ext2::alloc_block SLOW: 880 ticks (read bitmap: 880, write metadata: 0)
Ext2::alloc_block SLOW: 658 ticks (read bitmap: 658, write metadata: 0)
Ext2::alloc_block SLOW: 572 ticks (read bitmap: 572, write metadata: 0)
Ext2::alloc_block SLOW: 651 ticks (read bitmap: 651, write metadata: 0)
Ext2::alloc_block SLOW: 556 ticks (read bitmap: 556, write metadata: 0)
Ext2::alloc_block SLOW: 655 ticks (read bitmap: 655, write metadata: 0)
Ext2::alloc_block SLOW: 591 ticks (read bitmap: 591, write metadata: 0)
Ext2::alloc_block SLOW: 551 ticks (read bitmap: 551, write metadata: 0)
Ext2::alloc_block SLOW: 462 ticks (read bitmap: 462, write metadata: 0)
Ext2::alloc_block SLOW: 529 ticks (read bitmap: 529, write metadata: 0)
Ext2::alloc_block SLOW: 393 ticks (read bitmap: 393, write metadata: 0)
Ext2::alloc_block SLOW: 432 ticks (read bitmap: 432, write metadata: 0)
Ext2::alloc_block SLOW: 408 ticks (read bitmap: 408, write metadata: 0)
Ext2::alloc_block SLOW: 639 ticks (read bitmap: 639, write metadata: 0)
Ext2::alloc_block SLOW: 245 ticks (read bitmap: 245, write metadata: 0)
Ext2::alloc_block SLOW: 356 ticks (read bitmap: 356, write metadata: 0)
Ext2::alloc_block SLOW: 268 ticks (read bitmap: 268, write metadata: 0)
Ext2::alloc_block SLOW: 101 ticks (read bitmap: 101, write metadata: 0)
Ext2::alloc_block SLOW: 602 ticks (read bitmap: 602, write metadata: 0)
Ext2::alloc_block SLOW: 143 ticks (read bitmap: 143, write metadata: 0)
Ext2::alloc_block SLOW: 97 ticks (read bitmap: 97, write metadata: 0)
Ext2::alloc_block SLOW: 130 ticks (read bitmap: 130, write metadata: 0)
Ext2::alloc_block SLOW: 83 ticks (read bitmap: 83, write metadata: 0)
Ext2::alloc_block SLOW: 79 ticks (read bitmap: 79, write metadata: 0)
Ext2::alloc_block SLOW: 59 ticks (read bitmap: 59, write metadata: 0)
Ext2::alloc_block SLOW: 71 ticks (read bitmap: 71, write metadata: 0)
Ext2::alloc_block SLOW: 53 ticks (read bitmap: 53, write metadata: 0)
Ext2::alloc_block SLOW: 63 ticks (read bitmap: 63, write metadata: 0)
Ext2::alloc_block SLOW: 76 ticks (read bitmap: 76, write metadata: 0)
Ext2::alloc_block SLOW: 391 ticks (read bitmap: 391, write metadata: 0)
Ext2::alloc_block SLOW: 604 ticks (read bitmap: 604, write metadata: 0)
Ext2::alloc_block SLOW: 395 ticks (read bitmap: 395, write metadata: 0)
Ext2::alloc_block SLOW: 357 ticks (read bitmap: 357, write metadata: 0)
Ext2::alloc_block SLOW: 347 ticks (read bitmap: 347, write metadata: 0)
Ext2::alloc_block SLOW: 327 ticks (read bitmap: 327, write metadata: 0)
Ext2::alloc_block SLOW: 366 ticks (read bitmap: 366, write metadata: 0)
Ext2::alloc_block SLOW: 388 ticks (read bitmap: 388, write metadata: 0)
Ext2::alloc_block SLOW: 299 ticks (read bitmap: 299, write metadata: 0)
Ext2::alloc_block SLOW: 99 ticks (read bitmap: 99, write metadata: 0)
Ext2::alloc_block SLOW: 538 ticks (read bitmap: 538, write metadata: 0)
Ext2::alloc_block SLOW: 860 ticks (read bitmap: 860, write metadata: 0)
Ext2::alloc_block SLOW: 275 ticks (read bitmap: 275, write metadata: 0)
Ext2::alloc_block SLOW: 709 ticks (read bitmap: 709, write metadata: 0)
Ext2::alloc_block SLOW: 736 ticks (read bitmap: 736, write metadata: 0)
Ext2::alloc_block SLOW: 741 ticks (read bitmap: 741, write metadata: 0)
Ext2::alloc_block SLOW: 703 ticks (read bitmap: 703, write metadata: 0)
Ext2::alloc_block SLOW: 311 ticks (read bitmap: 311, write metadata: 0)
Ext2::alloc_block SLOW: 306 ticks (read bitmap: 306, write metadata: 0)
Ext2::alloc_block SLOW: 636 ticks (read bitmap: 636, write metadata: 0)
Ext2::alloc_block SLOW: 996 ticks (read bitmap: 996, write metadata: 0)
Ext2::alloc_block SLOW: 734 ticks (read bitmap: 734, write metadata: 0)
Ext2::alloc_block SLOW: 817 ticks (read bitmap: 817, write metadata: 0)
Ext2::alloc_block SLOW: 529 ticks (read bitmap: 529, write metadata: 0)
Ext2::alloc_block SLOW: 406 ticks (read bitmap: 406, write metadata: 0)
Ext2::alloc_block SLOW: 301 ticks (read bitmap: 301, write metadata: 0)
Ext2::alloc_block SLOW: 575 ticks (read bitmap: 575, write metadata: 0)
Ext2::alloc_block SLOW: 658 ticks (read bitmap: 658, write metadata: 0)
Ext2::alloc_block SLOW: 800 ticks (read bitmap: 800, write metadata: 0)
Ext2::alloc_block SLOW: 700 ticks (read bitmap: 700, write metadata: 0)
Ext2::alloc_block SLOW: 913 ticks (read bitmap: 913, write metadata: 0)
Ext2::alloc_block SLOW: 747 ticks (read bitmap: 747, write metadata: 0)
Ext2::alloc_block SLOW: 737 ticks (read bitmap: 737, write metadata: 0)
Ext2::alloc_block SLOW: 532 ticks (read bitmap: 532, write metadata: 0)
Ext2::alloc_block SLOW: 533 ticks (read bitmap: 533, write metadata: 0)
Ext2::alloc_block SLOW: 450 ticks (read bitmap: 450, write metadata: 0)
Ext2::alloc_block SLOW: 706 ticks (read bitmap: 706, write metadata: 0)
Ext2::alloc_block SLOW: 784 ticks (read bitmap: 784, write metadata: 0)
Ext2::alloc_block SLOW: 628 ticks (read bitmap: 628, write metadata: 0)
Ext2::alloc_block SLOW: 364 ticks (read bitmap: 364, write metadata: 0)
Ext2::alloc_block SLOW: 1059 ticks (read bitmap: 1059, write metadata: 0)
Ext2::alloc_block SLOW: 718 ticks (read bitmap: 718, write metadata: 0)
Ext2::alloc_block SLOW: 709 ticks (read bitmap: 709, write metadata: 0)
Ext2::alloc_block SLOW: 595 ticks (read bitmap: 595, write metadata: 0)
Ext2::alloc_block SLOW: 631 ticks (read bitmap: 631, write metadata: 0)
Ext2::alloc_block SLOW: 566 ticks (read bitmap: 566, write metadata: 0)
Ext2::alloc_block SLOW: 880 ticks (read bitmap: 880, write metadata: 0)
Ext2::alloc_block SLOW: 758 ticks (read bitmap: 758, write metadata: 0)
Ext2::alloc_block SLOW: 878 ticks (read bitmap: 878, write metadata: 0)
Ext2::alloc_block SLOW: 663 ticks (read bitmap: 663, write metadata: 0)
Ext2::alloc_block SLOW: 778 ticks (read bitmap: 778, write metadata: 0)
Ext2::alloc_block SLOW: 1062 ticks (read bitmap: 1062, write metadata: 0)
Ext2::alloc_block SLOW: 908 ticks (read bitmap: 908, write metadata: 0)
Ext2::alloc_block SLOW: 477 ticks (read bitmap: 477, write metadata: 0)
Ext2::alloc_block SLOW: 794 ticks (read bitmap: 794, write metadata: 0)
Ext2::alloc_block SLOW: 994 ticks (read bitmap: 994, write metadata: 0)
Ext2::alloc_block SLOW: 285 ticks (read bitmap: 285, write metadata: 0)
Ext2::alloc_block SLOW: 703 ticks (read bitmap: 703, write metadata: 0)
Ext2::alloc_block SLOW: 794 ticks (read bitmap: 794, write metadata: 0)
Ext2::alloc_block SLOW: 793 ticks (read bitmap: 793, write metadata: 0)
Ext2::alloc_block SLOW: 699 ticks (read bitmap: 699, write metadata: 0)
Ext2::alloc_block SLOW: 649 ticks (read bitmap: 649, write metadata: 0)
Ext2::alloc_block SLOW: 539 ticks (read bitmap: 539, write metadata: 0)
Ext2::alloc_block SLOW: 680 ticks (read bitmap: 680, write metadata: 0)
Ext2::alloc_block SLOW: 892 ticks (read bitmap: 892, write metadata: 0)
Ext2::alloc_block SLOW: 800 ticks (read bitmap: 800, write metadata: 0)
Ext2::alloc_block SLOW: 698 ticks (read bitmap: 698, write metadata: 0)
Ext2::alloc_block SLOW: 814 ticks (read bitmap: 814, write metadata: 0)
Ext2::alloc_block SLOW: 776 ticks (read bitmap: 776, write metadata: 0)
Ext2::alloc_block SLOW: 350 ticks (read bitmap: 350, write metadata: 0)
Ext2::alloc_block SLOW: 514 ticks (read bitmap: 514, write metadata: 0)
Ext2::alloc_block SLOW: 513 ticks (read bitmap: 513, write metadata: 0)
Ext2::alloc_block SLOW: 249 ticks (read bitmap: 249, write metadata: 0)
Ext2::alloc_block SLOW: 588 ticks (read bitmap: 588, write metadata: 0)
Ext2::alloc_block SLOW: 463 ticks (read bitmap: 463, write metadata: 0)
Ext2::alloc_block SLOW: 749 ticks (read bitmap: 749, write metadata: 0)
Ext2::alloc_block SLOW: 431 ticks (read bitmap: 431, write metadata: 0)
Ext2::alloc_block SLOW: 735 ticks (read bitmap: 735, write metadata: 0)
Ext2::alloc_block SLOW: 730 ticks (read bitmap: 730, write metadata: 0)
Ext2::alloc_block SLOW: 818 ticks (read bitmap: 818, write metadata: 0)
Ext2::alloc_block SLOW: 351 ticks (read bitmap: 351, write metadata: 0)
Ext2::alloc_block SLOW: 486 ticks (read bitmap: 486, write metadata: 0)
Ext2::alloc_block SLOW: 771 ticks (read bitmap: 771, write metadata: 0)
Ext2::alloc_block SLOW: 686 ticks (read bitmap: 686, write metadata: 0)
Ext2::alloc_block SLOW: 736 ticks (read bitmap: 736, write metadata: 0)
Ext2::alloc_block SLOW: 701 ticks (read bitmap: 701, write metadata: 0)
Ext2::alloc_block SLOW: 496 ticks (read bitmap: 496, write metadata: 0)
Ext2::alloc_block SLOW: 459 ticks (read bitmap: 459, write metadata: 0)
Ext2::alloc_block SLOW: 104 ticks (read bitmap: 104, write metadata: 0)
Ext2::alloc_block SLOW: 111 ticks (read bitmap: 111, write metadata: 0)
Ext2::alloc_block SLOW: 77 ticks (read bitmap: 77, write metadata: 0)
Ext2::alloc_block SLOW: 53 ticks (read bitmap: 53, write metadata: 0)
Ext2::alloc_block SLOW: 61 ticks (read bitmap: 61, write metadata: 0)
Ext2::alloc_block SLOW: 69 ticks (read bitmap: 69, write metadata: 0)
Ext2::alloc_block SLOW: 67 ticks (read bitmap: 67, write metadata: 0)
Ext2::alloc_block SLOW: 62 ticks (read bitmap: 62, write metadata: 0)
Ext2::alloc_block SLOW: 89 ticks (read bitmap: 89, write metadata: 0)
Ext2::alloc_block SLOW: 531 ticks (read bitmap: 531, write metadata: 0)
Ext2::alloc_block SLOW: 321 ticks (read bitmap: 321, write metadata: 0)
Ext2::alloc_block SLOW: 75 ticks (read bitmap: 75, write metadata: 0)
Ext2::alloc_block SLOW: 273 ticks (read bitmap: 273, write metadata: 0)
Ext2::alloc_block SLOW: 89 ticks (read bitmap: 89, write metadata: 0)
Ext2::alloc_block SLOW: 260 ticks (read bitmap: 260, write metadata: 0)
Ext2::alloc_block SLOW: 867 ticks (read bitmap: 867, write metadata: 0)
Ext2::alloc_block SLOW: 343 ticks (read bitmap: 343, write metadata: 0)
Ext2::alloc_block SLOW: 725 ticks (read bitmap: 725, write metadata: 0)
Ext2::alloc_block SLOW: 324 ticks (read bitmap: 324, write metadata: 0)
Ext2::alloc_block SLOW: 675 ticks (read bitmap: 675, write metadata: 0)
Ext2::alloc_block SLOW: 661 ticks (read bitmap: 661, write metadata: 0)
Ext2::alloc_block SLOW: 590 ticks (read bitmap: 590, write metadata: 0)
Ext2::alloc_block SLOW: 701 ticks (read bitmap: 701, write metadata: 0)
Ext2::alloc_block SLOW: 471 ticks (read bitmap: 471, write metadata: 0)
Ext2::alloc_block SLOW: 285 ticks (read bitmap: 285, write metadata: 0)
Ext2::alloc_block SLOW: 289 ticks (read bitmap: 289, write metadata: 0)
Ext2::alloc_block SLOW: 627 ticks (read bitmap: 627, write metadata: 0)
Ext2::alloc_block SLOW: 739 ticks (read bitmap: 739, write metadata: 0)
Ext2::alloc_block SLOW: 727 ticks (read bitmap: 727, write metadata: 0)
Ext2::alloc_block SLOW: 829 ticks (read bitmap: 829, write metadata: 0)
Ext2::alloc_block SLOW: 596 ticks (read bitmap: 596, write metadata: 0)
Ext2::alloc_block SLOW: 555 ticks (read bitmap: 555, write metadata: 0)
Ext2::alloc_block SLOW: 489 ticks (read bitmap: 489, write metadata: 0)
Ext2::alloc_block SLOW: 215 ticks (read bitmap: 215, write metadata: 0)
Ext2::alloc_block SLOW: 643 ticks (read bitmap: 643, write metadata: 0)
Ext2::alloc_block SLOW: 814 ticks (read bitmap: 814, write metadata: 0)
Ext2::alloc_block SLOW: 687 ticks (read bitmap: 687, write metadata: 0)
Ext2::alloc_block SLOW: 795 ticks (read bitmap: 795, write metadata: 0)
Ext2::alloc_block SLOW: 646 ticks (read bitmap: 646, write metadata: 0)
Ext2::alloc_block SLOW: 586 ticks (read bitmap: 586, write metadata: 0)
Ext2::alloc_block SLOW: 667 ticks (read bitmap: 667, write metadata: 0)
Ext2::alloc_block SLOW: 626 ticks (read bitmap: 626, write metadata: 0)
Ext2::alloc_block SLOW: 516 ticks (read bitmap: 516, write metadata: 0)
Ext2::alloc_block SLOW: 853 ticks (read bitmap: 853, write metadata: 0)
Ext2::alloc_block SLOW: 774 ticks (read bitmap: 774, write metadata: 0)
Ext2::alloc_block SLOW: 918 ticks (read bitmap: 918, write metadata: 0)
Ext2::alloc_block SLOW: 858 ticks (read bitmap: 858, write metadata: 0)
Ext2::alloc_block SLOW: 843 ticks (read bitmap: 843, write metadata: 0)
Ext2::alloc_block SLOW: 775 ticks (read bitmap: 775, write metadata: 0)
Ext2::alloc_block SLOW: 435 ticks (read bitmap: 435, write metadata: 0)
Ext2::alloc_block SLOW: 670 ticks (read bitmap: 670, write metadata: 0)
Ext2::alloc_block SLOW: 526 ticks (read bitmap: 526, write metadata: 0)
Ext2::alloc_block SLOW: 657 ticks (read bitmap: 657, write metadata: 0)
Ext2::alloc_block SLOW: 628 ticks (read bitmap: 628, write metadata: 0)
Ext2::alloc_block SLOW: 742 ticks (read bitmap: 742, write metadata: 0)
Ext2::alloc_block SLOW: 313 ticks (read bitmap: 313, write metadata: 0)
Ext2::alloc_block SLOW: 454 ticks (read bitmap: 454, write metadata: 0)
Ext2::alloc_block SLOW: 985 ticks (read bitmap: 985, write metadata: 0)
Ext2::alloc_block SLOW: 806 ticks (read bitmap: 806, write metadata: 0)
Ext2::alloc_block SLOW: 799 ticks (read bitmap: 799, write metadata: 0)
Ext2::alloc_block SLOW: 528 ticks (read bitmap: 528, write metadata: 0)
Ext2::alloc_block SLOW: 477 ticks (read bitmap: 477, write metadata: 0)
Ext2::alloc_block SLOW: 817 ticks (read bitmap: 817, write metadata: 0)
Ext2::alloc_block SLOW: 604 ticks (read bitmap: 604, write metadata: 0)
Ext2::alloc_block SLOW: 504 ticks (read bitmap: 504, write metadata: 0)
Ext2::alloc_block SLOW: 426 ticks (read bitmap: 426, write metadata: 0)
Ext2::alloc_block SLOW: 422 ticks (read bitmap: 422, write metadata: 0)
Ext2::alloc_block SLOW: 271 ticks (read bitmap: 271, write metadata: 0)
Ext2::alloc_block SLOW: 661 ticks (read bitmap: 661, write metadata: 0)
Ext2::alloc_block SLOW: 335 ticks (read bitmap: 335, write metadata: 0)
Ext2::alloc_block SLOW: 540 ticks (read bitmap: 540, write metadata: 0)
Ext2::alloc_block SLOW: 455 ticks (read bitmap: 455, write metadata: 0)
Ext2::alloc_block SLOW: 558 ticks (read bitmap: 558, write metadata: 0)
Ext2::alloc_block SLOW: 224 ticks (read bitmap: 224, write metadata: 0)
Ext2::alloc_block SLOW: 301 ticks (read bitmap: 301, write metadata: 0)
Ext2::alloc_block SLOW: 800 ticks (read bitmap: 800, write metadata: 0)
Ext2::alloc_block SLOW: 580 ticks (read bitmap: 580, write metadata: 0)
Ext2::alloc_block SLOW: 640 ticks (read bitmap: 640, write metadata: 0)
Ext2::alloc_block SLOW: 351 ticks (read bitmap: 351, write metadata: 0)
Ext2::alloc_block SLOW: 425 ticks (read bitmap: 425, write metadata: 0)
Ext2::alloc_block SLOW: 437 ticks (read bitmap: 437, write metadata: 0)
Ext2::alloc_block SLOW: 793 ticks (read bitmap: 793, write metadata: 0)
Ext2::alloc_block SLOW: 696 ticks (read bitmap: 696, write metadata: 0)
Ext2::alloc_block SLOW: 652 ticks (read bitmap: 652, write metadata: 0)
Ext2::alloc_block SLOW: 963 ticks (read bitmap: 963, write metadata: 0)
Ext2::alloc_block SLOW: 747 ticks (read bitmap: 747, write metadata: 0)
Ext2::alloc_block SLOW: 682 ticks (read bitmap: 682, write metadata: 0)
Ext2::alloc_block SLOW: 845 ticks (read bitmap: 845, write metadata: 0)
Ext2::alloc_block SLOW: 477 ticks (read bitmap: 477, write metadata: 0)
Ext2::alloc_block SLOW: 257 ticks (read bitmap: 257, write metadata: 0)
Ext2::alloc_block SLOW: 341 ticks (read bitmap: 341, write metadata: 0)
Ext2::alloc_block SLOW: 447 ticks (read bitmap: 447, write metadata: 0)
Ext2::alloc_block SLOW: 602 ticks (read bitmap: 602, write metadata: 0)
Ext2::alloc_block SLOW: 866 ticks (read bitmap: 866, write metadata: 0)
Ext2::alloc_block SLOW: 911 ticks (read bitmap: 911, write metadata: 0)
Ext2::alloc_block SLOW: 745 ticks (read bitmap: 745, write metadata: 0)
Ext2::alloc_block SLOW: 535 ticks (read bitmap: 535, write metadata: 0)
Ext2::alloc_block SLOW: 88 ticks (read bitmap: 88, write metadata: 0)
Ext2::alloc_block SLOW: 49 ticks (read bitmap: 49, write metadata: 0)
Ext2::alloc_block SLOW: 63 ticks (read bitmap: 63, write metadata: 0)
Ext2::alloc_block SLOW: 51 ticks (read bitmap: 51, write metadata: 0)
Ext2::alloc_block SLOW: 53 ticks (read bitmap: 53, write metadata: 0)
Ext2::alloc_block SLOW: 69 ticks (read bitmap: 69, write metadata: 0)
Ext2::alloc_block SLOW: 62 ticks (read bitmap: 62, write metadata: 0)
Ext2::alloc_block SLOW: 50 ticks (read bitmap: 50, write metadata: 0)
Ext2::alloc_block SLOW: 51 ticks (read bitmap: 51, write metadata: 0)
Ext2::alloc_block SLOW: 48 ticks (read bitmap: 48, write metadata: 0)
Ext2::alloc_block SLOW: 319 ticks (read bitmap: 319, write metadata: 0)
Ext2::alloc_block SLOW: 316 ticks (read bitmap: 316, write metadata: 0)
Ext2::alloc_block SLOW: 339 ticks (read bitmap: 339, write metadata: 0)
Ext2::alloc_block SLOW: 253 ticks (read bitmap: 253, write metadata: 0)
Ext2::alloc_block SLOW: 69 ticks (read bitmap: 69, write metadata: 0)
Ext2::alloc_block SLOW: 99 ticks (read bitmap: 99, write metadata: 0)
Ext2::alloc_block SLOW: 316 ticks (read bitmap: 316, write metadata: 0)
Ext2::alloc_block SLOW: 245 ticks (read bitmap: 245, write metadata: 0)
Ext2::alloc_block SLOW: 260 ticks (read bitmap: 260, write metadata: 0)
Ext2::alloc_block SLOW: 333 ticks (read bitmap: 333, write metadata: 0)
Ext2::alloc_block SLOW: 257 ticks (read bitmap: 257, write metadata: 0)
Ext2::alloc_block SLOW: 246 ticks (read bitmap: 246, write metadata: 0)
Ext2::alloc_block SLOW: 269 ticks (read bitmap: 269, write metadata: 0)
Ext2::alloc_block SLOW: 241 ticks (read bitmap: 241, write metadata: 0)
Ext2::alloc_block SLOW: 288 ticks (read bitmap: 288, write metadata: 0)
Ext2::alloc_block SLOW: 58 ticks (read bitmap: 58, write metadata: 0)
Ext2::alloc_block SLOW: 259 ticks (read bitmap: 259, write metadata: 0)
Ext2::alloc_block SLOW: 298 ticks (read bitmap: 298, write metadata: 0)
Ext2::alloc_block SLOW: 256 ticks (read bitmap: 256, write metadata: 0)
Ext2::alloc_block SLOW: 339 ticks (read bitmap: 339, write metadata: 0)
Ext2::alloc_block SLOW: 318 ticks (read bitmap: 318, write metadata: 0)
Ext2::alloc_block SLOW: 326 ticks (read bitmap: 326, write metadata: 0)
Ext2::alloc_block SLOW: 287 ticks (read bitmap: 287, write metadata: 0)
Ext2::alloc_block SLOW: 247 ticks (read bitmap: 247, write metadata: 0)
Ext2::alloc_block SLOW: 253 ticks (read bitmap: 253, write metadata: 0)
Ext2::alloc_block SLOW: 295 ticks (read bitmap: 295, write metadata: 0)
Ext2::alloc_block SLOW: 60 ticks (read bitmap: 60, write metadata: 0)
Ext2::alloc_block SLOW: 281 ticks (read bitmap: 281, write metadata: 0)
Ext2::alloc_block SLOW: 265 ticks (read bitmap: 265, write metadata: 0)
Ext2::alloc_block SLOW: 242 ticks (read bitmap: 242, write metadata: 0)
Ext2::alloc_block SLOW: 265 ticks (read bitmap: 265, write metadata: 0)
Ext2::alloc_block SLOW: 239 ticks (read bitmap: 239, write metadata: 0)
Ext2::alloc_block SLOW: 239 ticks (read bitmap: 239, write metadata: 0)
Ext2::alloc_block SLOW: 239 ticks (read bitmap: 239, write metadata: 0)
Ext2::alloc_block SLOW: 181 ticks (read bitmap: 181, write metadata: 0)
Ext2::alloc_block SLOW: 335 ticks (read bitmap: 335, write metadata: 0)
Ext2::alloc_block SLOW: 346 ticks (read bitmap: 346, write metadata: 0)
Ext2::alloc_block SLOW: 54 ticks (read bitmap: 54, write metadata: 0)
Ext2::alloc_block SLOW: 327 ticks (read bitmap: 327, write metadata: 0)
Ext2::alloc_block SLOW: 270 ticks (read bitmap: 270, write metadata: 0)
Ext2::alloc_block SLOW: 247 ticks (read bitmap: 247, write metadata: 0)
Ext2::alloc_block SLOW: 243 ticks (read bitmap: 243, write metadata: 0)
Ext2::alloc_block SLOW: 252 ticks (read bitmap: 252, write metadata: 0)
Ext2::alloc_block SLOW: 99 ticks (read bitmap: 99, write metadata: 0)
Ext2::alloc_block SLOW: 302 ticks (read bitmap: 302, write metadata: 0)
Ext2::alloc_block SLOW: 298 ticks (read bitmap: 298, write metadata: 0)
Ext2::alloc_block SLOW: 449 ticks (read bitmap: 449, write metadata: 0)
Ext2::alloc_block SLOW: 190 ticks (read bitmap: 190, write metadata: 0)
Ext2::alloc_block SLOW: 100 ticks (read bitmap: 100, write metadata: 0)
Ext2::alloc_block SLOW: 196 ticks (read bitmap: 196, write metadata: 0)
Ext2::alloc_block SLOW: 243 ticks (read bitmap: 243, write metadata: 0)
Ext2::alloc_block SLOW: 215 ticks (read bitmap: 215, write metadata: 0)
Ext2::alloc_block SLOW: 201 ticks (read bitmap: 201, write metadata: 0)
Ext2::alloc_block SLOW: 242 ticks (read bitmap: 242, write metadata: 0)
Ext2::alloc_block SLOW: 237 ticks (read bitmap: 237, write metadata: 0)
Ext2::alloc_block SLOW: 322 ticks (read bitmap: 322, write metadata: 0)
Ext2::alloc_block SLOW: 300 ticks (read bitmap: 300, write metadata: 0)
Ext2::alloc_block SLOW: 396 ticks (read bitmap: 396, write metadata: 0)
Ext2::alloc_block SLOW: 289 ticks (read bitmap: 289, write metadata: 0)
Ext2::alloc_block SLOW: 129 ticks (read bitmap: 129, write metadata: 0)
Ext2::alloc_block SLOW: 247 ticks (read bitmap: 247, write metadata: 0)
Ext2::alloc_block SLOW: 246 ticks (read bitmap: 246, write metadata: 0)
Ext2::alloc_block SLOW: 231 ticks (read bitmap: 231, write metadata: 0)
Ext2::alloc_block SLOW: 273 ticks (read bitmap: 273, write metadata: 0)
Ext2::alloc_block SLOW: 341 ticks (read bitmap: 341, write metadata: 0)
Ext2::alloc_block SLOW: 296 ticks (read bitmap: 296, write metadata: 0)
Ext2::alloc_block SLOW: 247 ticks (read bitmap: 247, write metadata: 0)
Ext2::alloc_block SLOW: 262 ticks (read bitmap: 262, write metadata: 0)
Ext2::alloc_block SLOW: 303 ticks (read bitmap: 303, write metadata: 0)
Ext2::alloc_block SLOW: 260 ticks (read bitmap: 260, write metadata: 0)
Ext2::alloc_block SLOW: 119 ticks (read bitmap: 119, write metadata: 0)
Ext2::alloc_block SLOW: 306 ticks (read bitmap: 306, write metadata: 0)
Ext2::alloc_block SLOW: 220 ticks (read bitmap: 220, write metadata: 0)
Ext2::alloc_block SLOW: 388 ticks (read bitmap: 388, write metadata: 0)
Ext2::alloc_block SLOW: 237 ticks (read bitmap: 237, write metadata: 0)
Ext2::alloc_block SLOW: 358 ticks (read bitmap: 358, write metadata: 0)
Ext2::alloc_block SLOW: 444 ticks (read bitmap: 444, write metadata: 0)
Ext2::alloc_block SLOW: 464 ticks (read bitmap: 464, write metadata: 0)
Ext2::alloc_block SLOW: 101 ticks (read bitmap: 101, write metadata: 0)
Ext2::alloc_block SLOW: 306 ticks (read bitmap: 306, write metadata: 0)
Ext2::alloc_block SLOW: 286 ticks (read bitmap: 286, write metadata: 0)
Ext2::alloc_block SLOW: 257 ticks (read bitmap: 257, write metadata: 0)
Ext2::alloc_block SLOW: 286 ticks (read bitmap: 286, write metadata: 0)
Ext2::alloc_block SLOW: 266 ticks (read bitmap: 266, write metadata: 0)
Ext2::alloc_block SLOW: 270 ticks (read bitmap: 270, write metadata: 0)
Ext2::alloc_block SLOW: 258 ticks (read bitmap: 258, write metadata: 0)
Ext2::alloc_block SLOW: 112 ticks (read bitmap: 112, write metadata: 0)
Ext2::alloc_block SLOW: 248 ticks (read bitmap: 248, write metadata: 0)
Ext2::alloc_block SLOW: 243 ticks (read bitmap: 243, write metadata: 0)
Ext2::alloc_block SLOW: 274 ticks (read bitmap: 274, write metadata: 0)
Ext2::alloc_block SLOW: 238 ticks (read bitmap: 238, write metadata: 0)
Ext2::alloc_block SLOW: 318 ticks (read bitmap: 318, write metadata: 0)
Ext2::alloc_block SLOW: 81 ticks (read bitmap: 81, write metadata: 0)
Ext2::alloc_block SLOW: 197 ticks (read bitmap: 197, write metadata: 0)
Ext2::alloc_block SLOW: 370 ticks (read bitmap: 370, write metadata: 0)
Ext2::alloc_block SLOW: 131 ticks (read bitmap: 131, write metadata: 0)
Ext2::alloc_block SLOW: 548 ticks (read bitmap: 548, write metadata: 0)
Ext2::alloc_block SLOW: 387 ticks (read bitmap: 387, write metadata: 0)
Ext2::alloc_block SLOW: 91 ticks (read bitmap: 91, write metadata: 0)
Ext2::alloc_block SLOW: 268 ticks (read bitmap: 268, write metadata: 0)
Ext2::alloc_block SLOW: 401 ticks (read bitmap: 401, write metadata: 0)
Ext2::alloc_block SLOW: 399 ticks (read bitmap: 399, write metadata: 0)
Ext2::alloc_block SLOW: 84 ticks (read bitmap: 84, write metadata: 0)
Ext2::alloc_block SLOW: 52 ticks (read bitmap: 52, write metadata: 0)
Ext2::alloc_block SLOW: 62 ticks (read bitmap: 62, write metadata: 0)
Ext2::alloc_block SLOW: 58 ticks (read bitmap: 58, write metadata: 0)
Ext2::alloc_block SLOW: 57 ticks (read bitmap: 57, write metadata: 0)
Ext2::alloc_block SLOW: 320 ticks (read bitmap: 320, write metadata: 0)
Ext2::alloc_block SLOW: 141 ticks (read bitmap: 141, write metadata: 0)
Ext2::alloc_block SLOW: 414 ticks (read bitmap: 414, write metadata: 0)
Ext2::alloc_block SLOW: 310 ticks (read bitmap: 310, write metadata: 0)
Ext2::alloc_block SLOW: 92 ticks (read bitmap: 92, write metadata: 0)
Ext2::alloc_block SLOW: 78 ticks (read bitmap: 78, write metadata: 0)
Ext2::alloc_block SLOW: 95 ticks (read bitmap: 95, write metadata: 0)
Ext2::alloc_block SLOW: 69 ticks (read bitmap: 69, write metadata: 0)
Ext2::alloc_block SLOW: 94 ticks (read bitmap: 94, write metadata: 0)
Ext2::alloc_block SLOW: 101 ticks (read bitmap: 101, write metadata: 0)
Ext2::alloc_block SLOW: 74 ticks (read bitmap: 74, write metadata: 0)
Ext2::alloc_block SLOW: 70 ticks (read bitmap: 70, write metadata: 0)
Ext2::alloc_block SLOW: 107 ticks (read bitmap: 107, write metadata: 0)
Ext2::alloc_block SLOW: 76 ticks (read bitmap: 76, write metadata: 0)
Ext2::alloc_block SLOW: 386 ticks (read bitmap: 386, write metadata: 0)
Ext2::alloc_block SLOW: 269 ticks (read bitmap: 269, write metadata: 0)
Ext2::alloc_block SLOW: 255 ticks (read bitmap: 255, write metadata: 0)
Ext2::alloc_block SLOW: 57 ticks (read bitmap: 57, write metadata: 0)
Ext2::alloc_block SLOW: 60 ticks (read bitmap: 60, write metadata: 0)
Ext2::alloc_block SLOW: 232 ticks (read bitmap: 232, write metadata: 0)
Ext2::alloc_block SLOW: 233 ticks (read bitmap: 233, write metadata: 0)
Ext2::alloc_block SLOW: 241 ticks (read bitmap: 241, write metadata: 0)
Ext2::alloc_block SLOW: 253 ticks (read bitmap: 253, write metadata: 0)
Ext2::alloc_block SLOW: 302 ticks (read bitmap: 302, write metadata: 0)
Ext2::alloc_block SLOW: 91 ticks (read bitmap: 91, write metadata: 0)
Ext2::alloc_block SLOW: 96 ticks (read bitmap: 96, write metadata: 0)
Ext2::alloc_block SLOW: 82 ticks (read bitmap: 82, write metadata: 0)
Ext2::alloc_block SLOW: 67 ticks (read bitmap: 67, write metadata: 0)
Ext2::alloc_block SLOW: 132 ticks (read bitmap: 132, write metadata: 0)
Ext2::alloc_block SLOW: 94 ticks (read bitmap: 94, write metadata: 0)
Ext2::alloc_block SLOW: 75 ticks (read bitmap: 75, write metadata: 0)
Ext2::alloc_block SLOW: 314 ticks (read bitmap: 314, write metadata: 0)
Ext2::alloc_block SLOW: 439 ticks (read bitmap: 439, write metadata: 0)
Ext2::alloc_block SLOW: 473 ticks (read bitmap: 473, write metadata: 0)
Ext2::alloc_block SLOW: 443 ticks (read bitmap: 443, write metadata: 0)
Ext2::alloc_block SLOW: 314 ticks (read bitmap: 314, write metadata: 0)
Ext2::alloc_block SLOW: 371 ticks (read bitmap: 371, write metadata: 0)
Ext2::alloc_block SLOW: 340 ticks (read bitmap: 340, write metadata: 0)
Ext2::alloc_block SLOW: 207 ticks (read bitmap: 207, write metadata: 0)
Ext2::alloc_block SLOW: 246 ticks (read bitmap: 246, write metadata: 0)
Ext2::alloc_block SLOW: 241 ticks (read bitmap: 241, write metadata: 0)
Ext2::alloc_block SLOW: 232 ticks (read bitmap: 232, write metadata: 0)
Ext2::alloc_block SLOW: 292 ticks (read bitmap: 292, write metadata: 0)
Ext2::alloc_block SLOW: 282 ticks (read bitmap: 282, write metadata: 0)
Ext2::alloc_block SLOW: 120 ticks (read bitmap: 120, write metadata: 0)
Ext2::alloc_block SLOW: 119 ticks (read bitmap: 119, write metadata: 0)
Ext2::alloc_block SLOW: 76 ticks (read bitmap: 76, write metadata: 0)
Ext2::alloc_block SLOW: 122 ticks (read bitmap: 122, write metadata: 0)
Ext2::alloc_block SLOW: 88 ticks (read bitmap: 88, write metadata: 0)
Ext2::alloc_block SLOW: 111 ticks (read bitmap: 111, write metadata: 0)
Ext2::alloc_block SLOW: 298 ticks (read bitmap: 298, write metadata: 0)
Ext2::alloc_block SLOW: 257 ticks (read bitmap: 257, write metadata: 0)
Ext2::alloc_block SLOW: 107 ticks (read bitmap: 107, write metadata: 0)
Ext2::alloc_block SLOW: 398 ticks (read bitmap: 398, write metadata: 0)
Ext2::alloc_block SLOW: 324 ticks (read bitmap: 324, write metadata: 0)
Ext2::alloc_block SLOW: 365 ticks (read bitmap: 365, write metadata: 0)
Ext2::alloc_block SLOW: 318 ticks (read bitmap: 318, write metadata: 0)
Ext2::alloc_block SLOW: 235 ticks (read bitmap: 235, write metadata: 0)
Ext2::alloc_block SLOW: 234 ticks (read bitmap: 234, write metadata: 0)
Ext2::alloc_block SLOW: 277 ticks (read bitmap: 277, write metadata: 0)
Ext2::alloc_block SLOW: 333 ticks (read bitmap: 333, write metadata: 0)
Ext2::alloc_block SLOW: 134 ticks (read bitmap: 134, write metadata: 0)
Ext2::alloc_block SLOW: 229 ticks (read bitmap: 229, write metadata: 0)
Ext2::alloc_block SLOW: 102 ticks (read bitmap: 102, write metadata: 0)
Ext2::alloc_block SLOW: 119 ticks (read bitmap: 119, write metadata: 0)
Ext2::alloc_block SLOW: 533 ticks (read bitmap: 533, write metadata: 0)
Ext2::alloc_block SLOW: 300 ticks (read bitmap: 300, write metadata: 0)
Ext2::alloc_block SLOW: 164 ticks (read bitmap: 164, write metadata: 0)
Ext2::alloc_block SLOW: 317 ticks (read bitmap: 317, write metadata: 0)
Ext2::alloc_block SLOW: 291 ticks (read bitmap: 291, write metadata: 0)
Ext2::alloc_block SLOW: 63 ticks (read bitmap: 63, write metadata: 0)
Ext2::alloc_block SLOW: 291 ticks (read bitmap: 291, write metadata: 0)
Ext2::alloc_block SLOW: 296 ticks (read bitmap: 296, write metadata: 0)
Ext2::alloc_block SLOW: 317 ticks (read bitmap: 317, write metadata: 0)
Ext2::alloc_block SLOW: 79 ticks (read bitmap: 79, write metadata: 0)
Ext2::alloc_block SLOW: 194 ticks (read bitmap: 194, write metadata: 0)
Ext2::alloc_block SLOW: 253 ticks (read bitmap: 253, write metadata: 0)
Ext2::alloc_block SLOW: 214 ticks (read bitmap: 214, write metadata: 0)
Ext2::alloc_block SLOW: 351 ticks (read bitmap: 351, write metadata: 0)
Ext2::alloc_block SLOW: 224 ticks (read bitmap: 224, write metadata: 0)
Ext2::alloc_block SLOW: 274 ticks (read bitmap: 274, write metadata: 0)
Ext2::alloc_block SLOW: 221 ticks (read bitmap: 221, write metadata: 0)
Ext2::alloc_block SLOW: 220 ticks (read bitmap: 220, write metadata: 0)
Ext2::alloc_block SLOW: 331 ticks (read bitmap: 331, write metadata: 0)
Ext2::alloc_block SLOW: 105 ticks (read bitmap: 105, write metadata: 0)
Ext2::alloc_block SLOW: 103 ticks (read bitmap: 103, write metadata: 0)
Ext2::alloc_block SLOW: 241 ticks (read bitmap: 241, write metadata: 0)
Ext2::alloc_block SLOW: 349 ticks (read bitmap: 349, write metadata: 0)
Ext2::alloc_block SLOW: 253 ticks (read bitmap: 253, write metadata: 0)
Ext2::alloc_block SLOW: 279 ticks (read bitmap: 279, write metadata: 0)
Ext2::alloc_block SLOW: 233 ticks (read bitmap: 233, write metadata: 0)
Ext2::alloc_block SLOW: 244 ticks (read bitmap: 244, write metadata: 0)
Ext2::alloc_block SLOW: 262 ticks (read bitmap: 262, write metadata: 0)
Ext2::alloc_block SLOW: 239 ticks (read bitmap: 239, write metadata: 0)
Ext2::alloc_block SLOW: 237 ticks (read bitmap: 237, write metadata: 0)
Ext2::alloc_block SLOW: 149 ticks (read bitmap: 149, write metadata: 0)
Ext2::alloc_block SLOW: 244 ticks (read bitmap: 244, write metadata: 0)
Ext2::alloc_block SLOW: 655 ticks (read bitmap: 655, write metadata: 0)
Ext2::alloc_block SLOW: 195 ticks (read bitmap: 195, write metadata: 0)
Ext2::alloc_block SLOW: 242 ticks (read bitmap: 242, write metadata: 0)
Ext2::alloc_block SLOW: 678 ticks (read bitmap: 678, write metadata: 0)
Ext2::alloc_block SLOW: 815 ticks (read bitmap: 815, write metadata: 0)
Ext2::alloc_block SLOW: 740 ticks (read bitmap: 740, write metadata: 0)
Ext2::alloc_block SLOW: 935 ticks (read bitmap: 935, write metadata: 0)
Ext2::alloc_block SLOW: 409 ticks (read bitmap: 409, write metadata: 0)
Ext2::alloc_block SLOW: 341 ticks (read bitmap: 341, write metadata: 0)
Ext2::alloc_block SLOW: 381 ticks (read bitmap: 381, write metadata: 0)
Ext2::alloc_block SLOW: 76 ticks (read bitmap: 76, write metadata: 0)
Ext2::alloc_block SLOW: 749 ticks (read bitmap: 749, write metadata: 0)
Ext2::alloc_block SLOW: 543 ticks (read bitmap: 543, write metadata: 0)
Ext2::alloc_block SLOW: 478 ticks (read bitmap: 478, write metadata: 0)
Ext2::alloc_block SLOW: 514 ticks (read bitmap: 514, write metadata: 0)
Ext2::alloc_block SLOW: 613 ticks (read bitmap: 613, write metadata: 0)
Ext2::alloc_block SLOW: 575 ticks (read bitmap: 575, write metadata: 0)
Ext2::alloc_block SLOW: 676 ticks (read bitmap: 676, write metadata: 0)
Ext2::alloc_block SLOW: 452 ticks (read bitmap: 452, write metadata: 0)
Ext2::alloc_block SLOW: 458 ticks (read bitmap: 458, write metadata: 0)
Ext2::alloc_block SLOW: 501 ticks (read bitmap: 501, write metadata: 0)
Ext2::alloc_block SLOW: 409 ticks (read bitmap: 409, write metadata: 0)
Ext2::alloc_block SLOW: 672 ticks (read bitmap: 672, write metadata: 0)
Ext2::alloc_block SLOW: 693 ticks (read bitmap: 693, write metadata: 0)
Ext2::alloc_block SLOW: 635 ticks (read bitmap: 635, write metadata: 0)
Ext2::alloc_block SLOW: 288 ticks (read bitmap: 288, write metadata: 0)
Ext2::alloc_block SLOW: 517 ticks (read bitmap: 517, write metadata: 0)
Ext2::alloc_block SLOW: 542 ticks (read bitmap: 542, write metadata: 0)
Ext2::alloc_block SLOW: 386 ticks (read bitmap: 386, write metadata: 0)
Ext2::alloc_block SLOW: 393 ticks (read bitmap: 393, write metadata: 0)
Ext2::alloc_block SLOW: 376 ticks (read bitmap: 376, write metadata: 0)
Ext2::alloc_block SLOW: 619 ticks (read bitmap: 619, write metadata: 0)
Ext2::alloc_block SLOW: 931 ticks (read bitmap: 931, write metadata: 0)
Ext2::alloc_block SLOW: 586 ticks (read bitmap: 586, write metadata: 0)
Ext2::alloc_block SLOW: 563 ticks (read bitmap: 563, write metadata: 0)
Ext2::alloc_block SLOW: 520 ticks (read bitmap: 520, write metadata: 0)
Ext2::alloc_block SLOW: 646 ticks (read bitmap: 646, write metadata: 0)
Ext2::alloc_block SLOW: 338 ticks (read bitmap: 338, write metadata: 0)
Ext2::alloc_block SLOW: 517 ticks (read bitmap: 517, write metadata: 0)
Ext2::alloc_block SLOW: 512 ticks (read bitmap: 512, write metadata: 0)
Ext2::alloc_block SLOW: 589 ticks (read bitmap: 589, write metadata: 0)
Ext2::alloc_block SLOW: 494 ticks (read bitmap: 494, write metadata: 0)
Ext2::alloc_block SLOW: 587 ticks (read bitmap: 587, write metadata: 0)
Ext2::alloc_block SLOW: 592 ticks (read bitmap: 592, write metadata: 0)
Ext2::alloc_block SLOW: 575 ticks (read bitmap: 575, write metadata: 0)
Ext2::alloc_block SLOW: 452 ticks (read bitmap: 452, write metadata: 0)
Ext2::alloc_block SLOW: 553 ticks (read bitmap: 553, write metadata: 0)
Ext2::alloc_block SLOW: 281 ticks (read bitmap: 281, write metadata: 0)
Ext2::alloc_block SLOW: 529 ticks (read bitmap: 529, write metadata: 0)
Ext2::alloc_block SLOW: 747 ticks (read bitmap: 747, write metadata: 0)
Ext2::alloc_block SLOW: 532 ticks (read bitmap: 532, write metadata: 0)
Ext2::alloc_block SLOW: 680 ticks (read bitmap: 680, write metadata: 0)
Ext2::alloc_block SLOW: 558 ticks (read bitmap: 558, write metadata: 0)
Ext2::alloc_block SLOW: 782 ticks (read bitmap: 782, write metadata: 0)
Ext2::alloc_block SLOW: 852 ticks (read bitmap: 852, write metadata: 0)
Ext2::alloc_block SLOW: 509 ticks (read bitmap: 509, write metadata: 0)
Ext2::alloc_block SLOW: 331 ticks (read bitmap: 331, write metadata: 0)
Ext2::alloc_block SLOW: 669 ticks (read bitmap: 669, write metadata: 0)
Ext2::alloc_block SLOW: 379 ticks (read bitmap: 379, write metadata: 0)
Ext2::alloc_block SLOW: 814 ticks (read bitmap: 814, write metadata: 0)
Ext2::alloc_block SLOW: 730 ticks (read bitmap: 730, write metadata: 0)
Ext2::alloc_block SLOW: 657 ticks (read bitmap: 657, write metadata: 0)
Ext2::alloc_block SLOW: 674 ticks (read bitmap: 674, write metadata: 0)
Ext2::alloc_block SLOW: 506 ticks (read bitmap: 506, write metadata: 0)
Ext2::alloc_block SLOW: 384 ticks (read bitmap: 384, write metadata: 0)
Ext2::alloc_block SLOW: 738 ticks (read bitmap: 738, write metadata: 0)
Ext2::alloc_block SLOW: 633 ticks (read bitmap: 633, write metadata: 0)
Ext2::alloc_block SLOW: 627 ticks (read bitmap: 627, write metadata: 0)
Ext2::alloc_block SLOW: 860 ticks (read bitmap: 860, write metadata: 0)
Ext2::alloc_block SLOW: 795 ticks (read bitmap: 795, write metadata: 0)
Ext2::alloc_block SLOW: 761 ticks (read bitmap: 761, write metadata: 0)
Ext2::alloc_block SLOW: 743 ticks (read bitmap: 743, write metadata: 0)
Ext2::alloc_block SLOW: 732 ticks (read bitmap: 732, write metadata: 0)
Ext2::alloc_block SLOW: 657 ticks (read bitmap: 657, write metadata: 0)
Ext2::alloc_block SLOW: 468 ticks (read bitmap: 468, write metadata: 0)
Ext2::alloc_block SLOW: 685 ticks (read bitmap: 685, write metadata: 0)
Ext2::alloc_block SLOW: 623 ticks (read bitmap: 623, write metadata: 0)
Ext2::alloc_block SLOW: 772 ticks (read bitmap: 772, write metadata: 0)
Ext2::alloc_block SLOW: 835 ticks (read bitmap: 835, write metadata: 0)
Ext2::alloc_block SLOW: 718 ticks (read bitmap: 718, write metadata: 0)
Ext2::alloc_block SLOW: 659 ticks (read bitmap: 659, write metadata: 0)
Ext2::alloc_block SLOW: 507 ticks (read bitmap: 507, write metadata: 0)
Ext2::alloc_block SLOW: 741 ticks (read bitmap: 741, write metadata: 0)
Ext2::alloc_block SLOW: 467 ticks (read bitmap: 467, write metadata: 0)
Ext2::alloc_block SLOW: 451 ticks (read bitmap: 451, write metadata: 0)
Ext2::alloc_block SLOW: 810 ticks (read bitmap: 810, write metadata: 0)
Ext2::alloc_block SLOW: 646 ticks (read bitmap: 646, write metadata: 0)
Ext2::alloc_block SLOW: 692 ticks (read bitmap: 692, write metadata: 0)
Ext2::alloc_block SLOW: 594 ticks (read bitmap: 594, write metadata: 0)
Ext2::alloc_block SLOW: 460 ticks (read bitmap: 460, write metadata: 0)
Ext2::alloc_block SLOW: 407 ticks (read bitmap: 407, write metadata: 0)
Ext2::alloc_block SLOW: 412 ticks (read bitmap: 412, write metadata: 0)
Ext2::alloc_block SLOW: 488 ticks (read bitmap: 488, write metadata: 0)
Ext2::alloc_block SLOW: 298 ticks (read bitmap: 298, write metadata: 0)
Ext2::alloc_block SLOW: 727 ticks (read bitmap: 727, write metadata: 0)
Ext2::alloc_block SLOW: 407 ticks (read bitmap: 407, write metadata: 0)
Ext2::alloc_block SLOW: 355 ticks (read bitmap: 355, write metadata: 0)
Ext2::alloc_block SLOW: 799 ticks (read bitmap: 799, write metadata: 0)
Ext2::alloc_block SLOW: 86 ticks (read bitmap: 86, write metadata: 0)
Ext2::alloc_block SLOW: 76 ticks (read bitmap: 76, write metadata: 0)
Ext2::alloc_block SLOW: 71 ticks (read bitmap: 71, write metadata: 0)
Ext2::alloc_block SLOW: 330 ticks (read bitmap: 330, write metadata: 0)
Ext2::alloc_block SLOW: 251 ticks (read bitmap: 251, write metadata: 0)
Ext2::alloc_block SLOW: 262 ticks (read bitmap: 262, write metadata: 0)
Ext2::alloc_block SLOW: 59 ticks (read bitmap: 59, write metadata: 0)
Ext2::alloc_block SLOW: 78 ticks (read bitmap: 78, write metadata: 0)
Ext2::alloc_block SLOW: 369 ticks (read bitmap: 369, write metadata: 0)
Ext2::alloc_block SLOW: 86 ticks (read bitmap: 86, write metadata: 0)
Ext2::alloc_block SLOW: 78 ticks (read bitmap: 78, write metadata: 0)
Ext2::alloc_block SLOW: 397 ticks (read bitmap: 397, write metadata: 0)
Ext2::alloc_block SLOW: 213 ticks (read bitmap: 213, write metadata: 0)
Ext2::alloc_block SLOW: 293 ticks (read bitmap: 293, write metadata: 0)
Ext2::alloc_block SLOW: 409 ticks (read bitmap: 409, write metadata: 0)
Ext2::alloc_block SLOW: 321 ticks (read bitmap: 321, write metadata: 0)
Ext2::alloc_block SLOW: 241 ticks (read bitmap: 241, write metadata: 0)
Ext2::alloc_block SLOW: 118 ticks (read bitmap: 118, write metadata: 0)
Ext2::alloc_block SLOW: 349 ticks (read bitmap: 349, write metadata: 0)
Ext2::alloc_block SLOW: 383 ticks (read bitmap: 383, write metadata: 0)
Ext2::alloc_block SLOW: 266 ticks (read bitmap: 266, write metadata: 0)
Ext2::alloc_block SLOW: 425 ticks (read bitmap: 425, write metadata: 0)
Ext2::alloc_block SLOW: 334 ticks (read bitmap: 334, write metadata: 0)
Ext2::alloc_block SLOW: 108 ticks (read bitmap: 108, write metadata: 0)
Ext2::alloc_block SLOW: 90 ticks (read bitmap: 90, write metadata: 0)
Ext2::alloc_block SLOW: 310 ticks (read bitmap: 310, write metadata: 0)
Ext2::alloc_block SLOW: 330 ticks (read bitmap: 330, write metadata: 0)
Ext2::alloc_block SLOW: 362 ticks (read bitmap: 362, write metadata: 0)
Ext2::alloc_block SLOW: 559 ticks (read bitmap: 559, write metadata: 0)
Ext2::alloc_block SLOW: 642 ticks (read bitmap: 642, write metadata: 0)
Ext2::alloc_block SLOW: 409 ticks (read bitmap: 409, write metadata: 0)
Ext2::alloc_block SLOW: 441 ticks (read bitmap: 441, write metadata: 0)
Ext2::alloc_block SLOW: 93 ticks (read bitmap: 93, write metadata: 0)
Ext2::alloc_block SLOW: 97 ticks (read bitmap: 97, write metadata: 0)
Ext2::alloc_block SLOW: 250 ticks (read bitmap: 250, write metadata: 0)
Ext2::alloc_block SLOW: 252 ticks (read bitmap: 252, write metadata: 0)
Ext2::alloc_block SLOW: 390 ticks (read bitmap: 390, write metadata: 0)
Ext2::alloc_block SLOW: 113 ticks (read bitmap: 113, write metadata: 0)
Ext2::alloc_block SLOW: 79 ticks (read bitmap: 79, write metadata: 0)
Ext2::alloc_block SLOW: 301 ticks (read bitmap: 301, write metadata: 0)
Ext2::alloc_block SLOW: 517 ticks (read bitmap: 517, write metadata: 0)
Ext2::alloc_block SLOW: 480 ticks (read bitmap: 480, write metadata: 0)
Ext2::alloc_block SLOW: 273 ticks (read bitmap: 273, write metadata: 0)
Ext2::alloc_block SLOW: 76 ticks (read bitmap: 76, write metadata: 0)
Ext2::alloc_block SLOW: 295 ticks (read bitmap: 295, write metadata: 0)
Ext2::alloc_block SLOW: 313 ticks (read bitmap: 313, write metadata: 0)
Ext2::alloc_block SLOW: 306 ticks (read bitmap: 306, write metadata: 0)
Ext2::alloc_block SLOW: 314 ticks (read bitmap: 314, write metadata: 0)
Ext2::alloc_block SLOW: 311 ticks (read bitmap: 311, write metadata: 0)
Ext2::alloc_block SLOW: 683 ticks (read bitmap: 683, write metadata: 0)
Ext2::alloc_block SLOW: 403 ticks (read bitmap: 403, write metadata: 0)
Ext2::alloc_block SLOW: 350 ticks (read bitmap: 350, write metadata: 0)
Ext2::alloc_block SLOW: 266 ticks (read bitmap: 266, write metadata: 0)
Ext2::alloc_block SLOW: 444 ticks (read bitmap: 444, write metadata: 0)
Ext2::alloc_block SLOW: 332 ticks (read bitmap: 332, write metadata: 0)
Ext2::alloc_block SLOW: 355 ticks (read bitmap: 355, write metadata: 0)
Ext2::alloc_block SLOW: 339 ticks (read bitmap: 339, write metadata: 0)
Ext2::alloc_block SLOW: 207 ticks (read bitmap: 207, write metadata: 0)
Ext2::alloc_block SLOW: 239 ticks (read bitmap: 239, write metadata: 0)
Ext2::alloc_block SLOW: 89 ticks (read bitmap: 89, write metadata: 0)
Ext2::alloc_block SLOW: 243 ticks (read bitmap: 243, write metadata: 0)
Ext2::alloc_block SLOW: 292 ticks (read bitmap: 292, write metadata: 0)
Ext2::alloc_block SLOW: 291 ticks (read bitmap: 291, write metadata: 0)
Ext2::alloc_block SLOW: 295 ticks (read bitmap: 295, write metadata: 0)
Ext2::alloc_block SLOW: 247 ticks (read bitmap: 247, write metadata: 0)
Ext2::alloc_block SLOW: 305 ticks (read bitmap: 305, write metadata: 0)
Ext2::alloc_block SLOW: 362 ticks (read bitmap: 362, write metadata: 0)
Ext2::alloc_block SLOW: 285 ticks (read bitmap: 285, write metadata: 0)
Ext2::alloc_block SLOW: 219 ticks (read bitmap: 219, write metadata: 0)
Ext2::alloc_block SLOW: 368 ticks (read bitmap: 368, write metadata: 0)
Ext2::alloc_block SLOW: 105 ticks (read bitmap: 105, write metadata: 0)
Ext2::alloc_block SLOW: 262 ticks (read bitmap: 262, write metadata: 0)
Ext2::alloc_block SLOW: 231 ticks (read bitmap: 231, write metadata: 0)
Ext2::alloc_block SLOW: 327 ticks (read bitmap: 327, write metadata: 0)
Ext2::alloc_block SLOW: 280 ticks (read bitmap: 280, write metadata: 0)
Ext2::alloc_block SLOW: 237 ticks (read bitmap: 237, write metadata: 0)
Ext2::alloc_block SLOW: 246 ticks (read bitmap: 246, write metadata: 0)
Ext2::alloc_block SLOW: 316 ticks (read bitmap: 316, write metadata: 0)
Ext2::alloc_block SLOW: 239 ticks (read bitmap: 239, write metadata: 0)
Ext2::alloc_block SLOW: 233 ticks (read bitmap: 233, write metadata: 0)
Ext2::alloc_block SLOW: 232 ticks (read bitmap: 232, write metadata: 0)
Ext2::alloc_block SLOW: 103 ticks (read bitmap: 103, write metadata: 0)
Ext2::alloc_block SLOW: 283 ticks (read bitmap: 283, write metadata: 0)
Ext2::alloc_block SLOW: 241 ticks (read bitmap: 241, write metadata: 0)
Ext2::alloc_block SLOW: 268 ticks (read bitmap: 268, write metadata: 0)
Ext2::alloc_block SLOW: 283 ticks (read bitmap: 283, write metadata: 0)
Ext2::alloc_block SLOW: 259 ticks (read bitmap: 259, write metadata: 0)
Ext2::alloc_block SLOW: 250 ticks (read bitmap: 250, write metadata: 0)
Ext2::alloc_block SLOW: 249 ticks (read bitmap: 249, write metadata: 0)
Ext2::alloc_block SLOW: 292 ticks (read bitmap: 292, write metadata: 0)
Ext2::alloc_block SLOW: 245 ticks (read bitmap: 245, write metadata: 0)
Ext2::alloc_block SLOW: 283 ticks (read bitmap: 283, write metadata: 0)
Ext2::alloc_block SLOW: 117 ticks (read bitmap: 117, write metadata: 0)
Ext2::alloc_block SLOW: 126 ticks (read bitmap: 126, write metadata: 0)
Ext2::alloc_block SLOW: 236 ticks (read bitmap: 236, write metadata: 0)
Ext2::alloc_block SLOW: 233 ticks (read bitmap: 233, write metadata: 0)
Ext2::alloc_block SLOW: 255 ticks (read bitmap: 255, write metadata: 0)
Ext2::alloc_block SLOW: 248 ticks (read bitmap: 248, write metadata: 0)
Ext2::alloc_block SLOW: 248 ticks (read bitmap: 248, write metadata: 0)
Ext2::alloc_block SLOW: 234 ticks (read bitmap: 234, write metadata: 0)
Ext2::alloc_block SLOW: 249 ticks (read bitmap: 249, write metadata: 0)
Ext2::alloc_block SLOW: 228 ticks (read bitmap: 228, write metadata: 0)
Ext2::alloc_block SLOW: 360 ticks (read bitmap: 360, write metadata: 0)
Ext2::alloc_block SLOW: 141 ticks (read bitmap: 141, write metadata: 0)
Ext2::alloc_block SLOW: 407 ticks (read bitmap: 407, write metadata: 0)
Ext2::alloc_block SLOW: 291 ticks (read bitmap: 291, write metadata: 0)
Ext2::alloc_block SLOW: 66 ticks (read bitmap: 66, write metadata: 0)
Ext2::alloc_block SLOW: 360 ticks (read bitmap: 360, write metadata: 0)
Ext2::alloc_block SLOW: 271 ticks (read bitmap: 271, write metadata: 0)
Ext2::alloc_block SLOW: 269 ticks (read bitmap: 269, write metadata: 0)
Ext2::alloc_block SLOW: 223 ticks (read bitmap: 223, write metadata: 0)
Ext2::alloc_block SLOW: 368 ticks (read bitmap: 368, write metadata: 0)
Ext2::alloc_block SLOW: 258 ticks (read bitmap: 258, write metadata: 0)
Ext2::alloc_block SLOW: 320 ticks (read bitmap: 320, write metadata: 0)
Ext2::alloc_block SLOW: 524 ticks (read bitmap: 524, write metadata: 0)
Ext2::alloc_block SLOW: 322 ticks (read bitmap: 322, write metadata: 0)
Ext2::alloc_block SLOW: 843 ticks (read bitmap: 843, write metadata: 0)
Ext2::alloc_block SLOW: 737 ticks (read bitmap: 737, write metadata: 0)
Ext2::alloc_block SLOW: 507 ticks (read bitmap: 507, write metadata: 0)
Ext2::alloc_block SLOW: 337 ticks (read bitmap: 337, write metadata: 0)
Ext2::alloc_block SLOW: 612 ticks (read bitmap: 612, write metadata: 0)
Ext2::alloc_block SLOW: 789 ticks (read bitmap: 789, write metadata: 0)
Ext2::alloc_block SLOW: 307 ticks (read bitmap: 307, write metadata: 0)
Ext2::alloc_block SLOW: 229 ticks (read bitmap: 229, write metadata: 0)
Ext2::alloc_block SLOW: 356 ticks (read bitmap: 356, write metadata: 0)
Ext2::alloc_block SLOW: 283 ticks (read bitmap: 283, write metadata: 0)
Ext2::alloc_block SLOW: 394 ticks (read bitmap: 394, write metadata: 0)
Ext2::alloc_block SLOW: 351 ticks (read bitmap: 351, write metadata: 0)
Ext2::alloc_block SLOW: 172 ticks (read bitmap: 172, write metadata: 0)
Ext2::alloc_block SLOW: 1035 ticks (read bitmap: 1035, write metadata: 0)
Ext2::alloc_block SLOW: 543 ticks (read bitmap: 543, write metadata: 0)
Ext2::alloc_block SLOW: 610 ticks (read bitmap: 610, write metadata: 0)
Ext2::alloc_block SLOW: 275 ticks (read bitmap: 275, write metadata: 0)
Ext2::alloc_block SLOW: 530 ticks (read bitmap: 530, write metadata: 0)
Ext2::alloc_block SLOW: 236 ticks (read bitmap: 236, write metadata: 0)
Ext2::alloc_block SLOW: 786 ticks (read bitmap: 786, write metadata: 0)
Ext2::alloc_block SLOW: 427 ticks (read bitmap: 427, write metadata: 0)
Ext2::alloc_block SLOW: 268 ticks (read bitmap: 268, write metadata: 0)
Ext2::alloc_block SLOW: 279 ticks (read bitmap: 279, write metadata: 0)
Ext2::alloc_block SLOW: 360 ticks (read bitmap: 360, write metadata: 0)
Ext2::alloc_block SLOW: 289 ticks (read bitmap: 289, write metadata: 0)
Ext2::alloc_block SLOW: 346 ticks (read bitmap: 346, write metadata: 0)
Ext2::alloc_block SLOW: 709 ticks (read bitmap: 709, write metadata: 0)
Ext2::alloc_block SLOW: 921 ticks (read bitmap: 921, write metadata: 0)
Ext2::alloc_block SLOW: 645 ticks (read bitmap: 645, write metadata: 0)
Ext2::alloc_block SLOW: 493 ticks (read bitmap: 493, write metadata: 0)
Ext2::alloc_block SLOW: 587 ticks (read bitmap: 587, write metadata: 0)
Ext2::alloc_block SLOW: 630 ticks (read bitmap: 630, write metadata: 0)
Ext2::alloc_block SLOW: 540 ticks (read bitmap: 540, write metadata: 0)
Ext2::alloc_block SLOW: 450 ticks (read bitmap: 450, write metadata: 0)
Ext2::alloc_block SLOW: 494 ticks (read bitmap: 494, write metadata: 0)
Ext2::alloc_block SLOW: 350 ticks (read bitmap: 350, write metadata: 0)
Ext2::alloc_block SLOW: 261 ticks (read bitmap: 261, write metadata: 0)
Ext2::alloc_block SLOW: 579 ticks (read bitmap: 579, write metadata: 0)
Ext2::alloc_block SLOW: 311 ticks (read bitmap: 311, write metadata: 0)
Ext2::alloc_block SLOW: 88 ticks (read bitmap: 88, write metadata: 0)
Ext2::alloc_block SLOW: 293 ticks (read bitmap: 293, write metadata: 0)
Ext2::alloc_block SLOW: 297 ticks (read bitmap: 297, write metadata: 0)
Ext2::alloc_block SLOW: 321 ticks (read bitmap: 321, write metadata: 0)
Ext2::alloc_block SLOW: 239 ticks (read bitmap: 239, write metadata: 0)
Ext2::alloc_block SLOW: 225 ticks (read bitmap: 225, write metadata: 0)
Ext2::alloc_block SLOW: 442 ticks (read bitmap: 442, write metadata: 0)
Ext2::alloc_block SLOW: 497 ticks (read bitmap: 497, write metadata: 0)
Ext2::alloc_block SLOW: 235 ticks (read bitmap: 235, write metadata: 0)
Ext2::alloc_block SLOW: 457 ticks (read bitmap: 457, write metadata: 0)
Ext2::alloc_block SLOW: 505 ticks (read bitmap: 505, write metadata: 0)
Ext2::alloc_block SLOW: 659 ticks (read bitmap: 659, write metadata: 0)
Ext2::alloc_block SLOW: 679 ticks (read bitmap: 679, write metadata: 0)
Ext2::alloc_block SLOW: 856 ticks (read bitmap: 856, write metadata: 0)
Ext2::alloc_block SLOW: 799 ticks (read bitmap: 799, write metadata: 0)
Ext2::alloc_block SLOW: 708 ticks (read bitmap: 708, write metadata: 0)
Ext2::alloc_block SLOW: 541 ticks (read bitmap: 541, write metadata: 0)
Ext2::alloc_block SLOW: 622 ticks (read bitmap: 622, write metadata: 0)
Ext2::alloc_block SLOW: 712 ticks (read bitmap: 712, write metadata: 0)
Ext2::alloc_block SLOW: 676 ticks (read bitmap: 676, write metadata: 0)
Ext2::alloc_block SLOW: 812 ticks (read bitmap: 812, write metadata: 0)
Ext2::alloc_block SLOW: 492 ticks (read bitmap: 492, write metadata: 0)
Ext2::alloc_block SLOW: 501 ticks (read bitmap: 501, write metadata: 0)
Ext2::alloc_block SLOW: 533 ticks (read bitmap: 533, write metadata: 0)
Ext2::alloc_block SLOW: 522 ticks (read bitmap: 522, write metadata: 0)
Ext2::alloc_block SLOW: 499 ticks (read bitmap: 499, write metadata: 0)
Ext2::alloc_block SLOW: 495 ticks (read bitmap: 495, write metadata: 0)
Ext2::alloc_block SLOW: 638 ticks (read bitmap: 638, write metadata: 0)
Ext2::alloc_block SLOW: 669 ticks (read bitmap: 669, write metadata: 0)
Ext2::alloc_block SLOW: 644 ticks (read bitmap: 644, write metadata: 0)
Ext2::alloc_block SLOW: 715 ticks (read bitmap: 715, write metadata: 0)
Ext2::alloc_block SLOW: 726 ticks (read bitmap: 726, write metadata: 0)
Ext2::alloc_block SLOW: 794 ticks (read bitmap: 794, write metadata: 0)
Ext2::alloc_block SLOW: 719 ticks (read bitmap: 719, write metadata: 0)
Ext2::alloc_block SLOW: 432 ticks (read bitmap: 432, write metadata: 0)
Ext2::alloc_block SLOW: 445 ticks (read bitmap: 445, write metadata: 0)
Ext2::alloc_block SLOW: 646 ticks (read bitmap: 646, write metadata: 0)
Ext2::alloc_block SLOW: 733 ticks (read bitmap: 733, write metadata: 0)
Ext2::alloc_block SLOW: 346 ticks (read bitmap: 346, write metadata: 0)
Ext2::alloc_block SLOW: 444 ticks (read bitmap: 444, write metadata: 0)
Ext2::alloc_block SLOW: 614 ticks (read bitmap: 614, write metadata: 0)
Ext2::alloc_block SLOW: 639 ticks (read bitmap: 639, write metadata: 0)
Ext2::alloc_block SLOW: 658 ticks (read bitmap: 658, write metadata: 0)
Ext2::alloc_block SLOW: 763 ticks (read bitmap: 763, write metadata: 0)
Ext2::alloc_block SLOW: 302 ticks (read bitmap: 302, write metadata: 0)
Ext2::alloc_block SLOW: 186 ticks (read bitmap: 186, write metadata: 0)
Ext2::alloc_block SLOW: 825 ticks (read bitmap: 825, write metadata: 0)
Ext2::alloc_block SLOW: 399 ticks (read bitmap: 399, write metadata: 0)
Ext2::alloc_block SLOW: 926 ticks (read bitmap: 926, write metadata: 0)
Ext2::alloc_block SLOW: 992 ticks (read bitmap: 992, write metadata: 0)
Ext2::alloc_block SLOW: 972 ticks (read bitmap: 972, write metadata: 0)
Ext2::alloc_block SLOW: 458 ticks (read bitmap: 458, write metadata: 0)
Ext2::alloc_block SLOW: 437 ticks (read bitmap: 437, write metadata: 0)
Ext2::alloc_block SLOW: 437 ticks (read bitmap: 437, write metadata: 0)
Ext2::alloc_block SLOW: 301 ticks (read bitmap: 301, write metadata: 0)
Ext2::alloc_block SLOW: 290 ticks (read bitmap: 290, write metadata: 0)
Ext2::alloc_block SLOW: 306 ticks (read bitmap: 306, write metadata: 0)
Ext2::alloc_block SLOW: 289 ticks (read bitmap: 289, write metadata: 0)
Ext2::alloc_block SLOW: 326 ticks (read bitmap: 326, write metadata: 0)
Ext2::alloc_block SLOW: 570 ticks (read bitmap: 570, write metadata: 0)
Ext2::alloc_block SLOW: 353 ticks (read bitmap: 353, write metadata: 0)
Ext2::alloc_block SLOW: 299 ticks (read bitmap: 299, write metadata: 0)
Ext2::alloc_block SLOW: 106 ticks (read bitmap: 106, write metadata: 0)
Ext2::alloc_block SLOW: 56 ticks (read bitmap: 56, write metadata: 0)
Ext2::alloc_block SLOW: 75 ticks (read bitmap: 75, write metadata: 0)
Ext2::alloc_block SLOW: 420 ticks (read bitmap: 420, write metadata: 0)
Ext2::alloc_block SLOW: 308 ticks (read bitmap: 308, write metadata: 0)
Ext2::alloc_block SLOW: 257 ticks (read bitmap: 257, write metadata: 0)
Ext2::alloc_block SLOW: 1086 ticks (read bitmap: 1086, write metadata: 0)
Ext2::alloc_block SLOW: 759 ticks (read bitmap: 759, write metadata: 0)
Ext2::alloc_block SLOW: 298 ticks (read bitmap: 298, write metadata: 0)
Ext2::alloc_block SLOW: 859 ticks (read bitmap: 859, write metadata: 0)
Ext2::alloc_block SLOW: 950 ticks (read bitmap: 950, write metadata: 0)
Ext2::alloc_block SLOW: 904 ticks (read bitmap: 904, write metadata: 0)
Ext2::alloc_block SLOW: 341 ticks (read bitmap: 341, write metadata: 0)
Ext2::alloc_block SLOW: 659 ticks (read bitmap: 659, write metadata: 0)
Ext2::alloc_block SLOW: 773 ticks (read bitmap: 773, write metadata: 0)
Ext2::alloc_block SLOW: 286 ticks (read bitmap: 286, write metadata: 0)
Ext2::alloc_block SLOW: 283 ticks (read bitmap: 283, write metadata: 0)
Ext2::alloc_block SLOW: 761 ticks (read bitmap: 761, write metadata: 0)
Ext2::alloc_block SLOW: 776 ticks (read bitmap: 776, write metadata: 0)
Ext2::alloc_block SLOW: 552 ticks (read bitmap: 552, write metadata: 0)
Ext2::alloc_block SLOW: 504 ticks (read bitmap: 504, write metadata: 0)
Ext2::alloc_block SLOW: 414 ticks (read bitmap: 414, write metadata: 0)
Ext2::alloc_block SLOW: 321 ticks (read bitmap: 321, write metadata: 0)
Ext2::alloc_block SLOW: 661 ticks (read bitmap: 661, write metadata: 0)
Ext2::alloc_block SLOW: 732 ticks (read bitmap: 732, write metadata: 0)
Ext2::alloc_block SLOW: 521 ticks (read bitmap: 521, write metadata: 0)
Ext2::alloc_block SLOW: 514 ticks (read bitmap: 514, write metadata: 0)
Ext2::alloc_block SLOW: 550 ticks (read bitmap: 550, write metadata: 0)
Ext2::alloc_block SLOW: 505 ticks (read bitmap: 505, write metadata: 0)
Ext2::alloc_block SLOW: 471 ticks (read bitmap: 471, write metadata: 0)
Ext2::alloc_block SLOW: 505 ticks (read bitmap: 505, write metadata: 0)
Ext2::alloc_block SLOW: 470 ticks (read bitmap: 470, write metadata: 0)
Ext2::alloc_block SLOW: 411 ticks (read bitmap: 411, write metadata: 0)
Ext2::alloc_block SLOW: 651 ticks (read bitmap: 651, write metadata: 0)
Ext2::alloc_block SLOW: 662 ticks (read bitmap: 662, write metadata: 0)
Ext2::alloc_block SLOW: 813 ticks (read bitmap: 813, write metadata: 0)
Ext2::alloc_block SLOW: 732 ticks (read bitmap: 732, write metadata: 0)
Ext2::alloc_block SLOW: 683 ticks (read bitmap: 683, write metadata: 0)
Ext2::alloc_block SLOW: 724 ticks (read bitmap: 724, write metadata: 0)
Ext2::alloc_block SLOW: 773 ticks (read bitmap: 773, write metadata: 0)
Ext2::alloc_block SLOW: 481 ticks (read bitmap: 481, write metadata: 0)
Ext2::alloc_block SLOW: 635 ticks (read bitmap: 635, write metadata: 0)
Ext2::alloc_block SLOW: 651 ticks (read bitmap: 651, write metadata: 0)
Ext2::alloc_block SLOW: 710 ticks (read bitmap: 710, write metadata: 0)
Ext2::alloc_block SLOW: 582 ticks (read bitmap: 582, write metadata: 0)
Ext2::alloc_block SLOW: 674 ticks (read bitmap: 674, write metadata: 0)
Ext2::alloc_block SLOW: 649 ticks (read bitmap: 649, write metadata: 0)
Ext2::alloc_block SLOW: 657 ticks (read bitmap: 657, write metadata: 0)
Ext2::alloc_block SLOW: 754 ticks (read bitmap: 754, write metadata: 0)
Ext2::alloc_block SLOW: 390 ticks (read bitmap: 390, write metadata: 0)
Ext2::alloc_block SLOW: 228 ticks (read bitmap: 228, write metadata: 0)
Ext2::alloc_block SLOW: 680 ticks (read bitmap: 680, write metadata: 0)
Ext2::alloc_block SLOW: 687 ticks (read bitmap: 687, write metadata: 0)
Ext2::alloc_block SLOW: 716 ticks (read bitmap: 716, write metadata: 0)
Ext2::alloc_block SLOW: 744 ticks (read bitmap: 744, write metadata: 0)
Ext2::alloc_block SLOW: 678 ticks (read bitmap: 678, write metadata: 0)
Ext2::alloc_block SLOW: 425 ticks (read bitmap: 425, write metadata: 0)
Ext2::alloc_block SLOW: 428 ticks (read bitmap: 428, write metadata: 0)
Ext2::alloc_block SLOW: 428 ticks (read bitmap: 428, write metadata: 0)
Ext2::alloc_block SLOW: 448 ticks (read bitmap: 448, write metadata: 0)
Ext2::alloc_block SLOW: 678 ticks (read bitmap: 678, write metadata: 0)
Ext2::alloc_block SLOW: 702 ticks (read bitmap: 702, write metadata: 0)
Ext2::alloc_block SLOW: 779 ticks (read bitmap: 779, write metadata: 0)
Ext2::alloc_block SLOW: 807 ticks (read bitmap: 807, write metadata: 0)
Ext2::alloc_block SLOW: 767 ticks (read bitmap: 767, write metadata: 0)
Ext2::alloc_block SLOW: 668 ticks (read bitmap: 668, write metadata: 0)
Ext2::alloc_block SLOW: 321 ticks (read bitmap: 321, write metadata: 0)
Ext2::alloc_block SLOW: 275 ticks (read bitmap: 275, write metadata: 0)
Ext2::alloc_block SLOW: 304 ticks (read bitmap: 304, write metadata: 0)
Ext2::alloc_block SLOW: 234 ticks (read bitmap: 234, write metadata: 0)
Ext2::alloc_block SLOW: 609 ticks (read bitmap: 609, write metadata: 0)
Ext2::alloc_block SLOW: 704 ticks (read bitmap: 704, write metadata: 0)
Ext2::alloc_block SLOW: 591 ticks (read bitmap: 591, write metadata: 0)
Ext2::alloc_block SLOW: 739 ticks (read bitmap: 739, write metadata: 0)
Ext2::alloc_block SLOW: 624 ticks (read bitmap: 624, write metadata: 0)
Ext2::alloc_block SLOW: 642 ticks (read bitmap: 642, write metadata: 0)
Ext2::alloc_block SLOW: 639 ticks (read bitmap: 639, write metadata: 0)
Ext2::alloc_block SLOW: 417 ticks (read bitmap: 417, write metadata: 0)
Ext2::alloc_block SLOW: 648 ticks (read bitmap: 648, write metadata: 0)
Ext2::alloc_block SLOW: 746 ticks (read bitmap: 746, write metadata: 0)
Ext2::alloc_block SLOW: 651 ticks (read bitmap: 651, write metadata: 0)
Ext2::alloc_block SLOW: 672 ticks (read bitmap: 672, write metadata: 0)
Ext2::alloc_block SLOW: 607 ticks (read bitmap: 607, write metadata: 0)
Ext2::alloc_block SLOW: 855 ticks (read bitmap: 855, write metadata: 0)
Ext2::alloc_block SLOW: 667 ticks (read bitmap: 667, write metadata: 0)
Ext2::alloc_block SLOW: 695 ticks (read bitmap: 695, write metadata: 0)
Ext2::alloc_block SLOW: 327 ticks (read bitmap: 327, write metadata: 0)
Ext2::alloc_block SLOW: 494 ticks (read bitmap: 494, write metadata: 0)
Ext2::alloc_block SLOW: 864 ticks (read bitmap: 864, write metadata: 0)
Ext2::alloc_block SLOW: 745 ticks (read bitmap: 745, write metadata: 0)
Ext2::alloc_block SLOW: 847 ticks (read bitmap: 847, write metadata: 0)
Ext2::alloc_block SLOW: 819 ticks (read bitmap: 819, write metadata: 0)
Ext2::alloc_block SLOW: 647 ticks (read bitmap: 647, write metadata: 0)
Ext2::alloc_block SLOW: 100 ticks (read bitmap: 100, write metadata: 0)
Ext2::alloc_block SLOW: 72 ticks (read bitmap: 72, write metadata: 0)
Ext2::alloc_block SLOW: 52 ticks (read bitmap: 52, write metadata: 0)
Ext2::alloc_block SLOW: 70 ticks (read bitmap: 70, write metadata: 0)
Ext2::alloc_block SLOW: 60 ticks (read bitmap: 60, write metadata: 0)
Ext2::alloc_block SLOW: 267 ticks (read bitmap: 267, write metadata: 0)
Ext2::alloc_block SLOW: 328 ticks (read bitmap: 328, write metadata: 0)
Ext2::alloc_block SLOW: 353 ticks (read bitmap: 353, write metadata: 0)
Ext2::alloc_block SLOW: 719 ticks (read bitmap: 719, write metadata: 0)
Ext2::alloc_block SLOW: 604 ticks (read bitmap: 604, write metadata: 0)
Ext2::alloc_block SLOW: 93 ticks (read bitmap: 93, write metadata: 0)
Ext2::alloc_block SLOW: 62 ticks (read bitmap: 62, write metadata: 0)
Ext2::alloc_block SLOW: 66 ticks (read bitmap: 66, write metadata: 0)
Ext2::alloc_block SLOW: 65 ticks (read bitmap: 65, write metadata: 0)
Ext2::alloc_block SLOW: 69 ticks (read bitmap: 69, write metadata: 0)
Ext2::alloc_block SLOW: 69 ticks (read bitmap: 69, write metadata: 0)
Ext2::alloc_block SLOW: 59 ticks (read bitmap: 59, write metadata: 0)
Ext2::alloc_block SLOW: 54 ticks (read bitmap: 54, write metadata: 0)
Ext2::alloc_block SLOW: 64 ticks (read bitmap: 64, write metadata: 0)
Ext2::alloc_block SLOW: 56 ticks (read bitmap: 56, write metadata: 0)
Ext2::alloc_block SLOW: 76 ticks (read bitmap: 76, write metadata: 0)
Ext2::alloc_block SLOW: 57 ticks (read bitmap: 57, write metadata: 0)
Ext2::alloc_block SLOW: 64 ticks (read bitmap: 64, write metadata: 0)
Ext2::alloc_block SLOW: 70 ticks (read bitmap: 70, write metadata: 0)
Ext2::alloc_block SLOW: 76 ticks (read bitmap: 76, write metadata: 0)
Ext2::alloc_block SLOW: 78 ticks (read bitmap: 78, write metadata: 0)
Ext2::alloc_block SLOW: 68 ticks (read bitmap: 68, write metadata: 0)
Ext2::alloc_block SLOW: 59 ticks (read bitmap: 59, write metadata: 0)
Ext2::alloc_block SLOW: 74 ticks (read bitmap: 74, write metadata: 0)
Ext2::alloc_block SLOW: 66 ticks (read bitmap: 66, write metadata: 0)
Ext2::alloc_block SLOW: 65 ticks (read bitmap: 65, write metadata: 0)
Ext2::alloc_block SLOW: 70 ticks (read bitmap: 70, write metadata: 0)
Ext2::alloc_block SLOW: 70 ticks (read bitmap: 70, write metadata: 0)
Ext2::alloc_block SLOW: 69 ticks (read bitmap: 69, write metadata: 0)
Ext2::alloc_block SLOW: 62 ticks (read bitmap: 62, write metadata: 0)
Ext2::alloc_block SLOW: 66 ticks (read bitmap: 66, write metadata: 0)
Ext2::alloc_block SLOW: 75 ticks (read bitmap: 75, write metadata: 0)
Ext2::alloc_block SLOW: 75 ticks (read bitmap: 75, write metadata: 0)
Ext2::alloc_block SLOW: 64 ticks (read bitmap: 64, write metadata: 0)
Ext2::alloc_block SLOW: 72 ticks (read bitmap: 72, write metadata: 0)
Ext2::alloc_block SLOW: 65 ticks (read bitmap: 65, write metadata: 0)
Ext2::alloc_block SLOW: 83 ticks (read bitmap: 83, write metadata: 0)
Ext2::alloc_block SLOW: 94 ticks (read bitmap: 94, write metadata: 0)
Ext2::alloc_block SLOW: 69 ticks (read bitmap: 69, write metadata: 0)
Ext2::alloc_block SLOW: 97 ticks (read bitmap: 97, write metadata: 0)
Ext2::alloc_block SLOW: 99 ticks (read bitmap: 99, write metadata: 0)
Ext2::alloc_block SLOW: 104 ticks (read bitmap: 104, write metadata: 0)
Ext2::alloc_block SLOW: 98 ticks (read bitmap: 98, write metadata: 0)
Ext2::alloc_block SLOW: 99 ticks (read bitmap: 99, write metadata: 0)
Ext2::alloc_block SLOW: 100 ticks (read bitmap: 100, write metadata: 0)
Ext2::alloc_block SLOW: 93 ticks (read bitmap: 93, write metadata: 0)
Ext2::alloc_block SLOW: 84 ticks (read bitmap: 84, write metadata: 0)
Ext2::alloc_block SLOW: 99 ticks (read bitmap: 99, write metadata: 0)
Ext2::alloc_block SLOW: 93 ticks (read bitmap: 93, write metadata: 0)
Ext2::alloc_block SLOW: 91 ticks (read bitmap: 91, write metadata: 0)
Ext2::alloc_block SLOW: 81 ticks (read bitmap: 81, write metadata: 0)
Ext2::alloc_block SLOW: 74 ticks (read bitmap: 74, write metadata: 0)
Ext2::alloc_block SLOW: 71 ticks (read bitmap: 71, write metadata: 0)
Ext2::alloc_block SLOW: 103 ticks (read bitmap: 103, write metadata: 0)
Ext2::alloc_block SLOW: 73 ticks (read bitmap: 73, write metadata: 0)
Ext2::alloc_block SLOW: 72 ticks (read bitmap: 72, write metadata: 0)
Ext2::alloc_block SLOW: 63 ticks (read bitmap: 63, write metadata: 0)
Ext2::alloc_block SLOW: 76 ticks (read bitmap: 76, write metadata: 0)
Ext2::alloc_block SLOW: 71 ticks (read bitmap: 71, write metadata: 0)
Ext2::alloc_block SLOW: 94 ticks (read bitmap: 94, write metadata: 0)
Ext2::alloc_block SLOW: 64 ticks (read bitmap: 64, write metadata: 0)
Ext2::alloc_block SLOW: 70 ticks (read bitmap: 70, write metadata: 0)
Ext2::alloc_block SLOW: 58 ticks (read bitmap: 58, write metadata: 0)
Ext2::alloc_block SLOW: 66 ticks (read bitmap: 66, write metadata: 0)
Ext2::alloc_block SLOW: 63 ticks (read bitmap: 63, write metadata: 0)
Ext2::alloc_block SLOW: 73 ticks (read bitmap: 73, write metadata: 0)
Ext2::alloc_block SLOW: 53 ticks (read bitmap: 53, write metadata: 0)
Ext2::alloc_block SLOW: 97 ticks (read bitmap: 97, write metadata: 0)
Ext2::alloc_block SLOW: 93 ticks (read bitmap: 93, write metadata: 0)
Ext2::alloc_block SLOW: 84 ticks (read bitmap: 84, write metadata: 0)
Ext2::alloc_block SLOW: 85 ticks (read bitmap: 85, write metadata: 0)
Ext2::alloc_block SLOW: 87 ticks (read bitmap: 87, write metadata: 0)
Ext2::alloc_block SLOW: 73 ticks (read bitmap: 73, write metadata: 0)
Ext2::alloc_block SLOW: 70 ticks (read bitmap: 70, write metadata: 0)
Ext2::alloc_block SLOW: 61 ticks (read bitmap: 61, write metadata: 0)
Ext2::alloc_block SLOW: 82 ticks (read bitmap: 82, write metadata: 0)
Ext2::alloc_block SLOW: 129 ticks (read bitmap: 129, write metadata: 0)
Ext2::alloc_block SLOW: 85 ticks (read bitmap: 85, write metadata: 0)
Ext2::alloc_block SLOW: 60 ticks (read bitmap: 60, write metadata: 0)
Ext2::alloc_block SLOW: 64 ticks (read bitmap: 64, write metadata: 0)
Ext2::alloc_block SLOW: 66 ticks (read bitmap: 66, write metadata: 0)
Ext2::alloc_block SLOW: 60 ticks (read bitmap: 60, write metadata: 0)
Ext2::alloc_block SLOW: 77 ticks (read bitmap: 77, write metadata: 0)
Ext2::alloc_block SLOW: 76 ticks (read bitmap: 76, write metadata: 0)
Ext2::alloc_block SLOW: 63 ticks (read bitmap: 63, write metadata: 0)
Ext2::alloc_block SLOW: 67 ticks (read bitmap: 67, write metadata: 0)
Ext2::alloc_block SLOW: 59 ticks (read bitmap: 59, write metadata: 0)
Ext2::alloc_block SLOW: 53 ticks (read bitmap: 53, write metadata: 0)
Ext2::alloc_block SLOW: 77 ticks (read bitmap: 77, write metadata: 0)
Ext2::alloc_block SLOW: 63 ticks (read bitmap: 63, write metadata: 0)
Ext2::alloc_block SLOW: 87 ticks (read bitmap: 87, write metadata: 0)
Ext2::alloc_block SLOW: 79 ticks (read bitmap: 79, write metadata: 0)
Ext2::alloc_block SLOW: 62 ticks (read bitmap: 62, write metadata: 0)
Ext2::alloc_block SLOW: 57 ticks (read bitmap: 57, write metadata: 0)
Ext2::alloc_block SLOW: 68 ticks (read bitmap: 68, write metadata: 0)
Ext2::alloc_block SLOW: 75 ticks (read bitmap: 75, write metadata: 0)
Ext2::alloc_block SLOW: 66 ticks (read bitmap: 66, write metadata: 0)
Ext2::alloc_block SLOW: 72 ticks (read bitmap: 72, write metadata: 0)
Ext2::alloc_block SLOW: 58 ticks (read bitmap: 58, write metadata: 0)
Ext2::alloc_block SLOW: 68 ticks (read bitmap: 68, write metadata: 0)
Ext2::alloc_block SLOW: 85 ticks (read bitmap: 85, write metadata: 0)
Ext2::alloc_block SLOW: 59 ticks (read bitmap: 59, write metadata: 0)
Ext2::alloc_block SLOW: 72 ticks (read bitmap: 72, write metadata: 0)
Ext2::alloc_block SLOW: 67 ticks (read bitmap: 67, write metadata: 0)
Ext2::alloc_block SLOW: 77 ticks (read bitmap: 77, write metadata: 0)
Ext2::alloc_block SLOW: 76 ticks (read bitmap: 76, write metadata: 0)
Ext2::alloc_block SLOW: 58 ticks (read bitmap: 58, write metadata: 0)
Ext2::alloc_block SLOW: 50 ticks (read bitmap: 50, write metadata: 0)
Ext2::alloc_block SLOW: 64 ticks (read bitmap: 64, write metadata: 0)
Ext2::alloc_block SLOW: 61 ticks (read bitmap: 61, write metadata: 0)
Ext2::alloc_block SLOW: 78 ticks (read bitmap: 78, write metadata: 0)
Ext2::alloc_block SLOW: 77 ticks (read bitmap: 77, write metadata: 0)
Ext2::alloc_block SLOW: 54 ticks (read bitmap: 54, write metadata: 0)
Ext2::alloc_block SLOW: 70 ticks (read bitmap: 70, write metadata: 0)
Ext2::alloc_block SLOW: 59 ticks (read bitmap: 59, write metadata: 0)
Ext2::alloc_block SLOW: 76 ticks (read bitmap: 76, write metadata: 0)
Ext2::alloc_block SLOW: 67 ticks (read bitmap: 67, write metadata: 0)
Ext2::alloc_block SLOW: 57 ticks (read bitmap: 57, write metadata: 0)
Ext2::alloc_block SLOW: 77 ticks (read bitmap: 77, write metadata: 0)
Ext2::alloc_block SLOW: 61 ticks (read bitmap: 61, write metadata: 0)
Ext2::alloc_block SLOW: 62 ticks (read bitmap: 62, write metadata: 0)
Ext2::alloc_block SLOW: 60 ticks (read bitmap: 60, write metadata: 0)
Ext2::alloc_block SLOW: 50 ticks (read bitmap: 50, write metadata: 0)
Ext2::alloc_block SLOW: 61 ticks (read bitmap: 61, write metadata: 0)
Ext2::alloc_block SLOW: 60 ticks (read bitmap: 60, write metadata: 0)
Ext2::alloc_block SLOW: 78 ticks (read bitmap: 78, write metadata: 0)
Ext2::alloc_block SLOW: 65 ticks (read bitmap: 65, write metadata: 0)
Ext2::alloc_block SLOW: 76 ticks (read bitmap: 76, write metadata: 0)
Ext2::alloc_block SLOW: 57 ticks (read bitmap: 57, write metadata: 0)
Ext2::alloc_block SLOW: 54 ticks (read bitmap: 54, write metadata: 0)
Ext2::alloc_block SLOW: 72 ticks (read bitmap: 72, write metadata: 0)
Ext2::alloc_block SLOW: 49 ticks (read bitmap: 49, write metadata: 0)
Ext2::alloc_block SLOW: 77 ticks (read bitmap: 77, write metadata: 0)
Ext2::alloc_block SLOW: 57 ticks (read bitmap: 57, write metadata: 0)
Ext2::alloc_block SLOW: 75 ticks (read bitmap: 75, write metadata: 0)
Ext2::alloc_block SLOW: 75 ticks (read bitmap: 75, write metadata: 0)
Ext2::alloc_block SLOW: 66 ticks (read bitmap: 66, write metadata: 0)
Ext2::alloc_block SLOW: 63 ticks (read bitmap: 63, write metadata: 0)
Ext2::alloc_block SLOW: 50 ticks (read bitmap: 50, write metadata: 0)
Ext2::alloc_block SLOW: 59 ticks (read bitmap: 59, write metadata: 0)
Ext2::alloc_block SLOW: 71 ticks (read bitmap: 71, write metadata: 0)
Ext2::alloc_block SLOW: 60 ticks (read bitmap: 60, write metadata: 0)
Ext2::alloc_block SLOW: 66 ticks (read bitmap: 66, write metadata: 0)
Ext2::alloc_block SLOW: 50 ticks (read bitmap: 50, write metadata: 0)
Ext2::alloc_block SLOW: 79 ticks (read bitmap: 79, write metadata: 0)
Ext2::alloc_block SLOW: 66 ticks (read bitmap: 66, write metadata: 0)
Ext2::alloc_block SLOW: 67 ticks (read bitmap: 67, write metadata: 0)
Ext2::alloc_block SLOW: 50 ticks (read bitmap: 50, write metadata: 0)
Ext2::alloc_block SLOW: 74 ticks (read bitmap: 74, write metadata: 0)
Ext2::alloc_block SLOW: 54 ticks (read bitmap: 54, write metadata: 0)
Ext2::alloc_block SLOW: 75 ticks (read bitmap: 75, write metadata: 0)
Ext2::alloc_block SLOW: 58 ticks (read bitmap: 58, write metadata: 0)
Ext2::alloc_block SLOW: 60 ticks (read bitmap: 60, write metadata: 0)
Ext2::alloc_block SLOW: 63 ticks (read bitmap: 63, write metadata: 0)
Ext2::alloc_block SLOW: 60 ticks (read bitmap: 60, write metadata: 0)
Ext2::alloc_block SLOW: 78 ticks (read bitmap: 78, write metadata: 0)
Ext2::alloc_block SLOW: 60 ticks (read bitmap: 60, write metadata: 0)
Ext2::alloc_block SLOW: 66 ticks (read bitmap: 66, write metadata: 0)
Ext2::alloc_block SLOW: 69 ticks (read bitmap: 69, write metadata: 0)
Ext2::alloc_block SLOW: 79 ticks (read bitmap: 79, write metadata: 0)
Ext2::alloc_block SLOW: 68 ticks (read bitmap: 68, write metadata: 0)
Ext2::alloc_block SLOW: 67 ticks (read bitmap: 67, write metadata: 0)
Ext2::alloc_block SLOW: 59 ticks (read bitmap: 59, write metadata: 0)
Ext2::alloc_block SLOW: 67 ticks (read bitmap: 67, write metadata: 0)
Ext2::alloc_block SLOW: 68 ticks (read bitmap: 68, write metadata: 0)
Ext2::alloc_block SLOW: 71 ticks (read bitmap: 71, write metadata: 0)
Ext2::alloc_block SLOW: 51 ticks (read bitmap: 51, write metadata: 0)
Ext2::alloc_block SLOW: 66 ticks (read bitmap: 66, write metadata: 0)
Ext2::alloc_block SLOW: 68 ticks (read bitmap: 68, write metadata: 0)
Ext2::alloc_block SLOW: 65 ticks (read bitmap: 65, write metadata: 0)
Ext2::alloc_block SLOW: 82 ticks (read bitmap: 82, write metadata: 0)
Ext2::alloc_block SLOW: 73 ticks (read bitmap: 73, write metadata: 0)
Ext2::alloc_block SLOW: 57 ticks (read bitmap: 57, write metadata: 0)
Ext2::alloc_block SLOW: 68 ticks (read bitmap: 68, write metadata: 0)
Ext2::alloc_block SLOW: 70 ticks (read bitmap: 70, write metadata: 0)
Ext2::alloc_block SLOW: 67 ticks (read bitmap: 67, write metadata: 0)
Ext2::alloc_block SLOW: 73 ticks (read bitmap: 73, write metadata: 0)
Ext2::alloc_block SLOW: 76 ticks (read bitmap: 76, write metadata: 0)
Ext2::alloc_block SLOW: 69 ticks (read bitmap: 69, write metadata: 0)
Ext2::alloc_block SLOW: 63 ticks (read bitmap: 63, write metadata: 0)
Ext2::alloc_block SLOW: 64 ticks (read bitmap: 64, write metadata: 0)
Ext2::alloc_block SLOW: 67 ticks (read bitmap: 67, write metadata: 0)
Ext2::alloc_block SLOW: 65 ticks (read bitmap: 65, write metadata: 0)
Ext2::alloc_block SLOW: 66 ticks (read bitmap: 66, write metadata: 0)
Ext2::alloc_block SLOW: 69 ticks (read bitmap: 69, write metadata: 0)
Ext2::alloc_block SLOW: 78 ticks (read bitmap: 78, write metadata: 0)
Ext2::alloc_block SLOW: 64 ticks (read bitmap: 64, write metadata: 0)
Ext2::alloc_block SLOW: 65 ticks (read bitmap: 65, write metadata: 0)
Ext2::alloc_block SLOW: 57 ticks (read bitmap: 57, write metadata: 0)
Ext2::alloc_block SLOW: 50 ticks (read bitmap: 50, write metadata: 0)
Ext2::alloc_block SLOW: 52 ticks (read bitmap: 52, write metadata: 0)
Ext2::alloc_block SLOW: 65 ticks (read bitmap: 65, write metadata: 0)
Ext2::alloc_block SLOW: 109 ticks (read bitmap: 109, write metadata: 0)
Ext2::alloc_block SLOW: 115 ticks (read bitmap: 115, write metadata: 0)
Ext2::alloc_block SLOW: 84 ticks (read bitmap: 84, write metadata: 0)
Ext2::alloc_block SLOW: 66 ticks (read bitmap: 66, write metadata: 0)
Ext2::alloc_block SLOW: 87 ticks (read bitmap: 87, write metadata: 0)
Ext2::alloc_block SLOW: 80 ticks (read bitmap: 80, write metadata: 0)
Ext2::alloc_block SLOW: 76 ticks (read bitmap: 76, write metadata: 0)
Ext2::alloc_block SLOW: 80 ticks (read bitmap: 80, write metadata: 0)
Ext2::alloc_block SLOW: 117 ticks (read bitmap: 117, write metadata: 0)
Ext2::alloc_block SLOW: 347 ticks (read bitmap: 347, write metadata: 0)
Ext2::alloc_block SLOW: 312 ticks (read bitmap: 312, write metadata: 0)
Ext2::alloc_block SLOW: 339 ticks (read bitmap: 339, write metadata: 0)
Ext2::alloc_block SLOW: 423 ticks (read bitmap: 423, write metadata: 0)
Ext2::alloc_block SLOW: 247 ticks (read bitmap: 247, write metadata: 0)
Ext2::alloc_block SLOW: 293 ticks (read bitmap: 293, write metadata: 0)
Ext2::alloc_block SLOW: 363 ticks (read bitmap: 363, write metadata: 0)
Ext2::alloc_block SLOW: 393 ticks (read bitmap: 393, write metadata: 0)
Ext2::alloc_block SLOW: 278 ticks (read bitmap: 278, write metadata: 0)
Ext2::alloc_block SLOW: 478 ticks (read bitmap: 478, write metadata: 0)
Ext2::alloc_block SLOW: 256 ticks (read bitmap: 256, write metadata: 0)
Ext2::alloc_block SLOW: 707 ticks (read bitmap: 707, write metadata: 0)
Ext2::alloc_block SLOW: 670 ticks (read bitmap: 670, write metadata: 0)
Ext2::alloc_block SLOW: 828 ticks (read bitmap: 828, write metadata: 0)
Ext2::alloc_block SLOW: 403 ticks (read bitmap: 403, write metadata: 0)
Ext2::alloc_block SLOW: 471 ticks (read bitmap: 471, write metadata: 0)
Ext2::alloc_block SLOW: 517 ticks (read bitmap: 517, write metadata: 0)
Ext2::alloc_block SLOW: 254 ticks (read bitmap: 254, write metadata: 0)
Ext2::alloc_block SLOW: 591 ticks (read bitmap: 591, write metadata: 0)
Ext2::alloc_block SLOW: 225 ticks (read bitmap: 225, write metadata: 0)
Ext2::alloc_block SLOW: 623 ticks (read bitmap: 623, write metadata: 0)
Ext2::alloc_block SLOW: 682 ticks (read bitmap: 682, write metadata: 0)
Ext2::alloc_block SLOW: 609 ticks (read bitmap: 609, write metadata: 0)
Ext2::alloc_block SLOW: 751 ticks (read bitmap: 751, write metadata: 0)
Ext2::alloc_block SLOW: 817 ticks (read bitmap: 817, write metadata: 0)
Ext2::alloc_block SLOW: 765 ticks (read bitmap: 765, write metadata: 0)
Ext2::alloc_block SLOW: 569 ticks (read bitmap: 569, write metadata: 0)
Ext2::alloc_block SLOW: 827 ticks (read bitmap: 827, write metadata: 0)
Ext2::alloc_block SLOW: 594 ticks (read bitmap: 594, write metadata: 0)
Ext2::alloc_block SLOW: 596 ticks (read bitmap: 596, write metadata: 0)
Ext2::alloc_block SLOW: 626 ticks (read bitmap: 626, write metadata: 0)
Ext2::alloc_block SLOW: 608 ticks (read bitmap: 608, write metadata: 0)
Ext2::alloc_block SLOW: 472 ticks (read bitmap: 472, write metadata: 0)
Ext2::alloc_block SLOW: 629 ticks (read bitmap: 629, write metadata: 0)
Ext2::alloc_block SLOW: 484 ticks (read bitmap: 484, write metadata: 0)
Ext2::alloc_block SLOW: 468 ticks (read bitmap: 468, write metadata: 0)
Ext2::alloc_block SLOW: 481 ticks (read bitmap: 481, write metadata: 0)
Ext2::alloc_block SLOW: 423 ticks (read bitmap: 423, write metadata: 0)
Ext2::alloc_block SLOW: 509 ticks (read bitmap: 509, write metadata: 0)
Ext2::alloc_block SLOW: 734 ticks (read bitmap: 734, write metadata: 0)
Ext2::alloc_block SLOW: 729 ticks (read bitmap: 729, write metadata: 0)
Ext2::alloc_block SLOW: 453 ticks (read bitmap: 453, write metadata: 0)
Ext2::alloc_block SLOW: 297 ticks (read bitmap: 297, write metadata: 0)
Ext2::alloc_block SLOW: 358 ticks (read bitmap: 358, write metadata: 0)
Ext2::alloc_block SLOW: 300 ticks (read bitmap: 300, write metadata: 0)
Ext2::alloc_block SLOW: 309 ticks (read bitmap: 309, write metadata: 0)
Ext2::alloc_block SLOW: 340 ticks (read bitmap: 340, write metadata: 0)
Ext2::alloc_block SLOW: 344 ticks (read bitmap: 344, write metadata: 0)
Ext2::alloc_block SLOW: 360 ticks (read bitmap: 360, write metadata: 0)
Ext2::alloc_block SLOW: 324 ticks (read bitmap: 324, write metadata: 0)
Ext2::alloc_block SLOW: 273 ticks (read bitmap: 273, write metadata: 0)
Ext2::alloc_block SLOW: 243 ticks (read bitmap: 243, write metadata: 0)
Ext2::alloc_block SLOW: 254 ticks (read bitmap: 254, write metadata: 0)
Ext2::alloc_block SLOW: 90 ticks (read bitmap: 90, write metadata: 0)
Ext2::alloc_block SLOW: 64 ticks (read bitmap: 64, write metadata: 0)
Ext2::alloc_block SLOW: 301 ticks (read bitmap: 301, write metadata: 0)
Ext2::alloc_block SLOW: 366 ticks (read bitmap: 366, write metadata: 0)
Ext2::alloc_block SLOW: 271 ticks (read bitmap: 271, write metadata: 0)
Ext2::alloc_block SLOW: 98 ticks (read bitmap: 98, write metadata: 0)
Ext2::alloc_block SLOW: 56 ticks (read bitmap: 56, write metadata: 0)
Ext2::alloc_block SLOW: 61 ticks (read bitmap: 61, write metadata: 0)
Ext2::alloc_block SLOW: 71 ticks (read bitmap: 71, write metadata: 0)
Ext2::alloc_block SLOW: 63 ticks (read bitmap: 63, write metadata: 0)
Ext2::alloc_block SLOW: 69 ticks (read bitmap: 69, write metadata: 0)
Ext2::alloc_block SLOW: 87 ticks (read bitmap: 87, write metadata: 0)
Ext2::alloc_block SLOW: 81 ticks (read bitmap: 81, write metadata: 0)
Ext2::alloc_block SLOW: 79 ticks (read bitmap: 79, write metadata: 0)
Ext2::alloc_block SLOW: 55 ticks (read bitmap: 55, write metadata: 0)
Ext2::alloc_block SLOW: 64 ticks (read bitmap: 64, write metadata: 0)
Ext2::alloc_block SLOW: 84 ticks (read bitmap: 84, write metadata: 0)
Ext2::alloc_block SLOW: 62 ticks (read bitmap: 62, write metadata: 0)
Ext2::alloc_block SLOW: 76 ticks (read bitmap: 76, write metadata: 0)
Ext2::alloc_block SLOW: 63 ticks (read bitmap: 63, write metadata: 0)
Ext2::alloc_block SLOW: 69 ticks (read bitmap: 69, write metadata: 0)
Ext2::alloc_block SLOW: 51 ticks (read bitmap: 51, write metadata: 0)
Ext2::alloc_block SLOW: 66 ticks (read bitmap: 66, write metadata: 0)
Ext2::alloc_block SLOW: 66 ticks (read bitmap: 66, write metadata: 0)
Ext2::alloc_block SLOW: 66 ticks (read bitmap: 66, write metadata: 0)
Ext2::alloc_block SLOW: 62 ticks (read bitmap: 62, write metadata: 0)
Ext2::alloc_block SLOW: 53 ticks (read bitmap: 53, write metadata: 0)
Ext2::alloc_block SLOW: 69 ticks (read bitmap: 69, write metadata: 0)
Ext2::alloc_block SLOW: 63 ticks (read bitmap: 63, write metadata: 0)
Ext2::alloc_block SLOW: 60 ticks (read bitmap: 60, write metadata: 0)
Ext2::alloc_block SLOW: 74 ticks (read bitmap: 74, write metadata: 0)
Ext2::alloc_block SLOW: 54 ticks (read bitmap: 54, write metadata: 0)
Ext2::alloc_block SLOW: 64 ticks (read bitmap: 64, write metadata: 0)
Ext2::alloc_block SLOW: 75 ticks (read bitmap: 75, write metadata: 0)
Ext2::alloc_block SLOW: 67 ticks (read bitmap: 67, write metadata: 0)
Ext2::alloc_block SLOW: 57 ticks (read bitmap: 57, write metadata: 0)
Ext2::alloc_block SLOW: 51 ticks (read bitmap: 51, write metadata: 0)
Ext2::alloc_block SLOW: 76 ticks (read bitmap: 76, write metadata: 0)
Ext2::alloc_block SLOW: 73 ticks (read bitmap: 73, write metadata: 0)
Ext2::alloc_block SLOW: 73 ticks (read bitmap: 73, write metadata: 0)
Ext2::alloc_block SLOW: 58 ticks (read bitmap: 58, write metadata: 0)
Ext2::alloc_block SLOW: 69 ticks (read bitmap: 69, write metadata: 0)
Ext2::alloc_block SLOW: 55 ticks (read bitmap: 55, write metadata: 0)
Ext2::alloc_block SLOW: 63 ticks (read bitmap: 63, write metadata: 0)
Ext2::alloc_block SLOW: 64 ticks (read bitmap: 64, write metadata: 0)
Ext2::alloc_block SLOW: 387 ticks (read bitmap: 387, write metadata: 0)
Ext2::alloc_block SLOW: 288 ticks (read bitmap: 288, write metadata: 0)
Ext2::alloc_block SLOW: 284 ticks (read bitmap: 284, write metadata: 0)
Ext2::alloc_block SLOW: 355 ticks (read bitmap: 355, write metadata: 0)
Ext2::alloc_block SLOW: 327 ticks (read bitmap: 327, write metadata: 0)
Ext2::alloc_block SLOW: 122 ticks (read bitmap: 122, write metadata: 0)
Ext2::alloc_block SLOW: 871 ticks (read bitmap: 871, write metadata: 0)
Ext2::alloc_block SLOW: 412 ticks (read bitmap: 412, write metadata: 0)
Ext2::alloc_block SLOW: 304 ticks (read bitmap: 304, write metadata: 0)
Ext2::alloc_block SLOW: 264 ticks (read bitmap: 264, write metadata: 0)
Ext2::alloc_block SLOW: 114 ticks (read bitmap: 114, write metadata: 0)
Ext2::alloc_block SLOW: 295 ticks (read bitmap: 295, write metadata: 0)
Ext2::alloc_block SLOW: 355 ticks (read bitmap: 355, write metadata: 0)
Ext2::alloc_block SLOW: 329 ticks (read bitmap: 329, write metadata: 0)
Ext2::alloc_block SLOW: 620 ticks (read bitmap: 620, write metadata: 0)
Ext2::alloc_block SLOW: 820 ticks (read bitmap: 820, write metadata: 0)
Ext2::alloc_block SLOW: 793 ticks (read bitmap: 793, write metadata: 0)
Ext2::alloc_block SLOW: 363 ticks (read bitmap: 363, write metadata: 0)
Ext2::alloc_block SLOW: 562 ticks (read bitmap: 562, write metadata: 0)
Ext2::alloc_block SLOW: 642 ticks (read bitmap: 642, write metadata: 0)
Ext2::alloc_block SLOW: 812 ticks (read bitmap: 812, write metadata: 0)
Ext2::alloc_block SLOW: 877 ticks (read bitmap: 877, write metadata: 0)
Ext2::alloc_block SLOW: 710 ticks (read bitmap: 710, write metadata: 0)
Ext2::alloc_block SLOW: 801 ticks (read bitmap: 801, write metadata: 0)
Ext2::alloc_block SLOW: 700 ticks (read bitmap: 700, write metadata: 0)
Ext2::alloc_block SLOW: 555 ticks (read bitmap: 555, write metadata: 0)
Ext2::alloc_block SLOW: 928 ticks (read bitmap: 928, write metadata: 0)
Ext2::alloc_block SLOW: 678 ticks (read bitmap: 678, write metadata: 0)
Ext2::alloc_block SLOW: 368 ticks (read bitmap: 368, write metadata: 0)
Ext2::alloc_block SLOW: 772 ticks (read bitmap: 772, write metadata: 0)
Ext2::alloc_block SLOW: 766 ticks (read bitmap: 766, write metadata: 0)
Ext2::alloc_block SLOW: 697 ticks (read bitmap: 697, write metadata: 0)
Ext2::alloc_block SLOW: 730 ticks (read bitmap: 730, write metadata: 0)
Ext2::alloc_block SLOW: 738 ticks (read bitmap: 738, write metadata: 0)
Ext2::alloc_block SLOW: 472 ticks (read bitmap: 472, write metadata: 0)
Ext2::alloc_block SLOW: 389 ticks (read bitmap: 389, write metadata: 0)
Ext2::alloc_block SLOW: 365 ticks (read bitmap: 365, write metadata: 0)
Ext2::alloc_block SLOW: 413 ticks (read bitmap: 413, write metadata: 0)
Ext2::alloc_block SLOW: 514 ticks (read bitmap: 514, write metadata: 0)
Ext2::alloc_block SLOW: 595 ticks (read bitmap: 595, write metadata: 0)
Ext2::alloc_block SLOW: 739 ticks (read bitmap: 739, write metadata: 0)
Ext2::alloc_block SLOW: 331 ticks (read bitmap: 331, write metadata: 0)
Ext2::alloc_block SLOW: 433 ticks (read bitmap: 433, write metadata: 0)
Ext2::alloc_block SLOW: 412 ticks (read bitmap: 412, write metadata: 0)
Ext2::alloc_block SLOW: 415 ticks (read bitmap: 415, write metadata: 0)
Ext2::alloc_block SLOW: 371 ticks (read bitmap: 371, write metadata: 0)
Ext2::alloc_block SLOW: 449 ticks (read bitmap: 449, write metadata: 0)
Ext2::alloc_block SLOW: 599 ticks (read bitmap: 599, write metadata: 0)
Ext2::alloc_block SLOW: 713 ticks (read bitmap: 713, write metadata: 0)
Ext2::alloc_block SLOW: 693 ticks (read bitmap: 693, write metadata: 0)
Ext2::alloc_block SLOW: 752 ticks (read bitmap: 752, write metadata: 0)
Ext2::alloc_block SLOW: 729 ticks (read bitmap: 729, write metadata: 0)
Ext2::alloc_block SLOW: 607 ticks (read bitmap: 607, write metadata: 0)
Ext2::alloc_block SLOW: 710 ticks (read bitmap: 710, write metadata: 0)
Ext2::alloc_block SLOW: 620 ticks (read bitmap: 620, write metadata: 0)
Ext2::alloc_block SLOW: 703 ticks (read bitmap: 703, write metadata: 0)
Ext2::alloc_block SLOW: 551 ticks (read bitmap: 551, write metadata: 0)
Ext2::alloc_block SLOW: 566 ticks (read bitmap: 566, write metadata: 0)
Ext2::alloc_block SLOW: 591 ticks (read bitmap: 591, write metadata: 0)
Ext2::alloc_block SLOW: 692 ticks (read bitmap: 692, write metadata: 0)
Ext2::alloc_block SLOW: 686 ticks (read bitmap: 686, write metadata: 0)
Ext2::alloc_block SLOW: 712 ticks (read bitmap: 712, write metadata: 0)
Ext2::alloc_block SLOW: 644 ticks (read bitmap: 644, write metadata: 0)
Ext2::alloc_block SLOW: 570 ticks (read bitmap: 570, write metadata: 0)
Ext2::alloc_block SLOW: 629 ticks (read bitmap: 629, write metadata: 0)
Ext2::alloc_block SLOW: 221 ticks (read bitmap: 221, write metadata: 0)
Ext2::alloc_block SLOW: 245 ticks (read bitmap: 245, write metadata: 0)
Ext2::alloc_block SLOW: 890 ticks (read bitmap: 890, write metadata: 0)
Ext2::alloc_block SLOW: 684 ticks (read bitmap: 684, write metadata: 0)
Ext2::alloc_block SLOW: 610 ticks (read bitmap: 610, write metadata: 0)
Ext2::alloc_block SLOW: 635 ticks (read bitmap: 635, write metadata: 0)
Ext2::alloc_block SLOW: 683 ticks (read bitmap: 683, write metadata: 0)
Ext2::alloc_block SLOW: 468 ticks (read bitmap: 468, write metadata: 0)
Ext2::alloc_block SLOW: 512 ticks (read bitmap: 512, write metadata: 0)
Ext2::alloc_block SLOW: 467 ticks (read bitmap: 467, write metadata: 0)
Ext2::alloc_block SLOW: 481 ticks (read bitmap: 481, write metadata: 0)
Ext2::alloc_block SLOW: 617 ticks (read bitmap: 617, write metadata: 0)
Ext2::alloc_block SLOW: 606 ticks (read bitmap: 606, write metadata: 0)
Ext2::alloc_block SLOW: 824 ticks (read bitmap: 824, write metadata: 0)
Ext2::alloc_block SLOW: 401 ticks (read bitmap: 401, write metadata: 0)
Ext2::alloc_block SLOW: 967 ticks (read bitmap: 967, write metadata: 0)
Ext2::alloc_block SLOW: 708 ticks (read bitmap: 708, write metadata: 0)
Ext2::alloc_block SLOW: 751 ticks (read bitmap: 751, write metadata: 0)
Ext2::alloc_block SLOW: 522 ticks (read bitmap: 522, write metadata: 0)
Ext2::alloc_block SLOW: 252 ticks (read bitmap: 252, write metadata: 0)
Ext2::alloc_block SLOW: 307 ticks (read bitmap: 307, write metadata: 0)
Ext2::alloc_block SLOW: 496 ticks (read bitmap: 496, write metadata: 0)
Ext2::alloc_block SLOW: 586 ticks (read bitmap: 586, write metadata: 0)
Ext2::alloc_block SLOW: 613 ticks (read bitmap: 613, write metadata: 0)
Ext2::alloc_block SLOW: 620 ticks (read bitmap: 620, write metadata: 0)
Ext2::alloc_block SLOW: 669 ticks (read bitmap: 669, write metadata: 0)
Ext2::alloc_block SLOW: 642 ticks (read bitmap: 642, write metadata: 0)
Ext2::alloc_block SLOW: 618 ticks (read bitmap: 618, write metadata: 0)
Ext2::alloc_block SLOW: 437 ticks (read bitmap: 437, write metadata: 0)
Ext2::alloc_block SLOW: 286 ticks (read bitmap: 286, write metadata: 0)
Ext2::alloc_block SLOW: 123 ticks (read bitmap: 123, write metadata: 0)
Ext2::alloc_block SLOW: 632 ticks (read bitmap: 632, write metadata: 0)
Ext2::alloc_block SLOW: 960 ticks (read bitmap: 960, write metadata: 0)
Ext2::alloc_block SLOW: 719 ticks (read bitmap: 719, write metadata: 0)
Ext2::alloc_block SLOW: 1004 ticks (read bitmap: 1004, write metadata: 0)
Ext2::alloc_block SLOW: 883 ticks (read bitmap: 883, write metadata: 0)
Ext2::alloc_block SLOW: 636 ticks (read bitmap: 636, write metadata: 0)
Ext2::alloc_block SLOW: 728 ticks (read bitmap: 728, write metadata: 0)
Ext2::alloc_block SLOW: 781 ticks (read bitmap: 781, write metadata: 0)
Ext2::alloc_block SLOW: 573 ticks (read bitmap: 573, write metadata: 0)
Ext2::alloc_block SLOW: 140 ticks (read bitmap: 140, write metadata: 0)
Ext2::alloc_block SLOW: 324 ticks (read bitmap: 324, write metadata: 0)
Ext2::alloc_block SLOW: 86 ticks (read bitmap: 86, write metadata: 0)
Ext2::alloc_block SLOW: 404 ticks (read bitmap: 404, write metadata: 0)
Ext2::alloc_block SLOW: 215 ticks (read bitmap: 215, write metadata: 0)
Ext2::alloc_block SLOW: 328 ticks (read bitmap: 328, write metadata: 0)
Ext2::alloc_block SLOW: 338 ticks (read bitmap: 338, write metadata: 0)
Ext2::alloc_block SLOW: 367 ticks (read bitmap: 367, write metadata: 0)
Ext2::alloc_block SLOW: 573 ticks (read bitmap: 573, write metadata: 0)
Ext2::alloc_block SLOW: 310 ticks (read bitmap: 310, write metadata: 0)
Ext2::alloc_block SLOW: 863 ticks (read bitmap: 863, write metadata: 0)
Ext2::alloc_block SLOW: 555 ticks (read bitmap: 555, write metadata: 0)
Ext2::alloc_block SLOW: 730 ticks (read bitmap: 730, write metadata: 0)
Ext2::alloc_block SLOW: 472 ticks (read bitmap: 472, write metadata: 0)
Ext2::alloc_block SLOW: 576 ticks (read bitmap: 576, write metadata: 0)
Ext2::alloc_block SLOW: 365 ticks (read bitmap: 365, write metadata: 0)
Ext2::alloc_block SLOW: 303 ticks (read bitmap: 303, write metadata: 0)
Ext2::alloc_block SLOW: 232 ticks (read bitmap: 232, write metadata: 0)
Ext2::alloc_block SLOW: 262 ticks (read bitmap: 262, write metadata: 0)
Ext2::alloc_block SLOW: 172 ticks (read bitmap: 172, write metadata: 0)
Ext2::alloc_block SLOW: 224 ticks (read bitmap: 224, write metadata: 0)
Ext2::alloc_block SLOW: 322 ticks (read bitmap: 322, write metadata: 0)
Ext2::alloc_block SLOW: 351 ticks (read bitmap: 351, write metadata: 0)
Ext2::alloc_block SLOW: 347 ticks (read bitmap: 347, write metadata: 0)
Ext2::alloc_block SLOW: 263 ticks (read bitmap: 263, write metadata: 0)
Ext2::alloc_block SLOW: 390 ticks (read bitmap: 390, write metadata: 0)
Ext2::alloc_block SLOW: 257 ticks (read bitmap: 257, write metadata: 0)
Ext2::alloc_block SLOW: 322 ticks (read bitmap: 322, write metadata: 0)
Ext2::alloc_block SLOW: 295 ticks (read bitmap: 295, write metadata: 0)
Ext2::alloc_block SLOW: 495 ticks (read bitmap: 495, write metadata: 0)
Ext2::alloc_block SLOW: 621 ticks (read bitmap: 621, write metadata: 0)
Ext2::alloc_block SLOW: 652 ticks (read bitmap: 652, write metadata: 0)
Ext2::alloc_block SLOW: 595 ticks (read bitmap: 595, write metadata: 0)
Ext2::alloc_block SLOW: 840 ticks (read bitmap: 840, write metadata: 0)
Ext2::alloc_block SLOW: 817 ticks (read bitmap: 817, write metadata: 0)
Ext2::alloc_block SLOW: 295 ticks (read bitmap: 295, write metadata: 0)
Ext2::alloc_block SLOW: 296 ticks (read bitmap: 296, write metadata: 0)
Ext2::alloc_block SLOW: 269 ticks (read bitmap: 269, write metadata: 0)
Ext2::alloc_block SLOW: 269 ticks (read bitmap: 269, write metadata: 0)
Ext2::alloc_block SLOW: 627 ticks (read bitmap: 627, write metadata: 0)
Ext2::alloc_block SLOW: 799 ticks (read bitmap: 799, write metadata: 0)
Ext2::alloc_block SLOW: 761 ticks (read bitmap: 761, write metadata: 0)
Ext2::alloc_block SLOW: 762 ticks (read bitmap: 762, write metadata: 0)
Ext2::alloc_block SLOW: 687 ticks (read bitmap: 687, write metadata: 0)
Ext2::alloc_block SLOW: 447 ticks (read bitmap: 447, write metadata: 0)
Ext2::alloc_block SLOW: 522 ticks (read bitmap: 522, write metadata: 0)
Ext2::alloc_block SLOW: 471 ticks (read bitmap: 471, write metadata: 0)
Ext2::alloc_block SLOW: 419 ticks (read bitmap: 419, write metadata: 0)
Ext2::alloc_block SLOW: 460 ticks (read bitmap: 460, write metadata: 0)
Ext2::alloc_block SLOW: 612 ticks (read bitmap: 612, write metadata: 0)
Ext2::alloc_block SLOW: 595 ticks (read bitmap: 595, write metadata: 0)
Ext2::alloc_block SLOW: 479 ticks (read bitmap: 479, write metadata: 0)
Ext2::alloc_block SLOW: 481 ticks (read bitmap: 481, write metadata: 0)
Ext2::alloc_block SLOW: 474 ticks (read bitmap: 474, write metadata: 0)
Ext2::alloc_block SLOW: 429 ticks (read bitmap: 429, write metadata: 0)
Ext2::alloc_block SLOW: 819 ticks (read bitmap: 819, write metadata: 0)
Ext2::alloc_block SLOW: 370 ticks (read bitmap: 370, write metadata: 0)
Ext2::alloc_block SLOW: 466 ticks (read bitmap: 466, write metadata: 0)
Ext2::alloc_block SLOW: 445 ticks (read bitmap: 445, write metadata: 0)
Ext2::alloc_block SLOW: 672 ticks (read bitmap: 672, write metadata: 0)
Ext2::alloc_block SLOW: 238 ticks (read bitmap: 238, write metadata: 0)
Ext2::alloc_block SLOW: 234 ticks (read bitmap: 234, write metadata: 0)
Ext2::alloc_block SLOW: 221 ticks (read bitmap: 221, write metadata: 0)
Ext2::alloc_block SLOW: 227 ticks (read bitmap: 227, write metadata: 0)
Ext2::alloc_block SLOW: 230 ticks (read bitmap: 230, write metadata: 0)
Ext2::alloc_block SLOW: 64 ticks (read bitmap: 64, write metadata: 0)
Ext2::alloc_block SLOW: 206 ticks (read bitmap: 206, write metadata: 0)
Ext2::alloc_block SLOW: 216 ticks (read bitmap: 216, write metadata: 0)
Ext2::alloc_block SLOW: 223 ticks (read bitmap: 223, write metadata: 0)
Ext2::alloc_block SLOW: 229 ticks (read bitmap: 229, write metadata: 0)
Ext2::alloc_block SLOW: 224 ticks (read bitmap: 224, write metadata: 0)
Ext2::alloc_block SLOW: 250 ticks (read bitmap: 250, write metadata: 0)
Ext2::alloc_block SLOW: 241 ticks (read bitmap: 241, write metadata: 0)
Ext2::alloc_block SLOW: 597 ticks (read bitmap: 597, write metadata: 0)
Ext2::alloc_block SLOW: 721 ticks (read bitmap: 721, write metadata: 0)
Ext2::alloc_block SLOW: 789 ticks (read bitmap: 789, write metadata: 0)
Ext2::alloc_block SLOW: 479 ticks (read bitmap: 479, write metadata: 0)
Ext2::alloc_block SLOW: 444 ticks (read bitmap: 444, write metadata: 0)
Ext2::alloc_block SLOW: 457 ticks (read bitmap: 457, write metadata: 0)
Ext2::alloc_block SLOW: 441 ticks (read bitmap: 441, write metadata: 0)
Ext2::alloc_block SLOW: 657 ticks (read bitmap: 657, write metadata: 0)
Ext2::alloc_block SLOW: 586 ticks (read bitmap: 586, write metadata: 0)
Ext2::alloc_block SLOW: 604 ticks (read bitmap: 604, write metadata: 0)
Ext2::alloc_block SLOW: 758 ticks (read bitmap: 758, write metadata: 0)
Ext2::alloc_block SLOW: 449 ticks (read bitmap: 449, write metadata: 0)
Ext2::alloc_block SLOW: 449 ticks (read bitmap: 449, write metadata: 0)
Ext2::alloc_block SLOW: 408 ticks (read bitmap: 408, write metadata: 0)
Ext2::alloc_block SLOW: 700 ticks (read bitmap: 700, write metadata: 0)
Ext2::alloc_block SLOW: 552 ticks (read bitmap: 552, write metadata: 0)
Ext2::alloc_block SLOW: 444 ticks (read bitmap: 444, write metadata: 0)
Ext2::alloc_block SLOW: 850 ticks (read bitmap: 850, write metadata: 0)
Ext2::alloc_block SLOW: 863 ticks (read bitmap: 863, write metadata: 0)
Ext2::alloc_block SLOW: 624 ticks (read bitmap: 624, write metadata: 0)
Ext2::alloc_block SLOW: 621 ticks (read bitmap: 621, write metadata: 0)
Ext2::alloc_block SLOW: 429 ticks (read bitmap: 429, write metadata: 0)
Ext2::alloc_block SLOW: 238 ticks (read bitmap: 238, write metadata: 0)
Ext2::alloc_block SLOW: 237 ticks (read bitmap: 237, write metadata: 0)
Ext2::alloc_block SLOW: 292 ticks (read bitmap: 292, write metadata: 0)
Ext2::alloc_block SLOW: 255 ticks (read bitmap: 255, write metadata: 0)
Ext2::alloc_block SLOW: 104 ticks (read bitmap: 104, write metadata: 0)
Ext2::alloc_block SLOW: 419 ticks (read bitmap: 419, write metadata: 0)
Ext2::alloc_block SLOW: 283 ticks (read bitmap: 283, write metadata: 0)
Ext2::alloc_block SLOW: 73 ticks (read bitmap: 73, write metadata: 0)
Ext2::alloc_block SLOW: 232 ticks (read bitmap: 232, write metadata: 0)
Ext2::alloc_block SLOW: 114 ticks (read bitmap: 114, write metadata: 0)
Ext2::alloc_block SLOW: 88 ticks (read bitmap: 88, write metadata: 0)
Ext2::alloc_block SLOW: 92 ticks (read bitmap: 92, write metadata: 0)
Ext2::alloc_block SLOW: 362 ticks (read bitmap: 362, write metadata: 0)
Ext2::alloc_block SLOW: 367 ticks (read bitmap: 367, write metadata: 0)
Ext2::alloc_block SLOW: 195 ticks (read bitmap: 195, write metadata: 0)
Ext2::alloc_block SLOW: 221 ticks (read bitmap: 221, write metadata: 0)
Ext2::alloc_block SLOW: 91 ticks (read bitmap: 91, write metadata: 0)
Ext2::alloc_block SLOW: 251 ticks (read bitmap: 251, write metadata: 0)
Ext2::alloc_block SLOW: 271 ticks (read bitmap: 271, write metadata: 0)
Ext2::alloc_block SLOW: 257 ticks (read bitmap: 257, write metadata: 0)
Ext2::alloc_block SLOW: 244 ticks (read bitmap: 244, write metadata: 0)
Ext2::alloc_block SLOW: 323 ticks (read bitmap: 323, write metadata: 0)
Ext2::alloc_block SLOW: 347 ticks (read bitmap: 347, write metadata: 0)
Ext2::alloc_block SLOW: 564 ticks (read bitmap: 564, write metadata: 0)
Ext2::alloc_block SLOW: 699 ticks (read bitmap: 699, write metadata: 0)
Ext2::alloc_block SLOW: 296 ticks (read bitmap: 296, write metadata: 0)
Ext2::alloc_block SLOW: 849 ticks (read bitmap: 849, write metadata: 0)
Ext2::alloc_block SLOW: 795 ticks (read bitmap: 795, write metadata: 0)
Ext2::alloc_block SLOW: 668 ticks (read bitmap: 668, write metadata: 0)
Ext2::alloc_block SLOW: 820 ticks (read bitmap: 820, write metadata: 0)
Ext2::alloc_block SLOW: 748 ticks (read bitmap: 748, write metadata: 0)
Ext2::alloc_block SLOW: 490 ticks (read bitmap: 490, write metadata: 0)
Ext2::alloc_block SLOW: 347 ticks (read bitmap: 347, write metadata: 0)
Ext2::alloc_block SLOW: 926 ticks (read bitmap: 926, write metadata: 0)
Ext2::alloc_block SLOW: 276 ticks (read bitmap: 276, write metadata: 0)
Ext2::alloc_block SLOW: 795 ticks (read bitmap: 795, write metadata: 0)
Ext2::alloc_block SLOW: 545 ticks (read bitmap: 545, write metadata: 0)
Ext2::alloc_block SLOW: 698 ticks (read bitmap: 698, write metadata: 0)
Ext2::alloc_block SLOW: 810 ticks (read bitmap: 810, write metadata: 0)
Ext2::alloc_block SLOW: 708 ticks (read bitmap: 708, write metadata: 0)
Ext2::alloc_block SLOW: 488 ticks (read bitmap: 488, write metadata: 0)
Ext2::alloc_block SLOW: 405 ticks (read bitmap: 405, write metadata: 0)
Ext2::alloc_block SLOW: 363 ticks (read bitmap: 363, write metadata: 0)
Ext2::alloc_block SLOW: 617 ticks (read bitmap: 617, write metadata: 0)
Ext2::alloc_block SLOW: 384 ticks (read bitmap: 384, write metadata: 0)
Ext2::alloc_block SLOW: 287 ticks (read bitmap: 287, write metadata: 0)
Ext2::alloc_block SLOW: 591 ticks (read bitmap: 591, write metadata: 0)
Ext2::alloc_block SLOW: 605 ticks (read bitmap: 605, write metadata: 0)
Ext2::alloc_block SLOW: 758 ticks (read bitmap: 758, write metadata: 0)
Ext2::alloc_block SLOW: 428 ticks (read bitmap: 428, write metadata: 0)
Ext2::alloc_block SLOW: 336 ticks (read bitmap: 336, write metadata: 0)
Ext2::alloc_block SLOW: 288 ticks (read bitmap: 288, write metadata: 0)
Ext2::alloc_block SLOW: 250 ticks (read bitmap: 250, write metadata: 0)
Ext2::alloc_block SLOW: 302 ticks (read bitmap: 302, write metadata: 0)
Ext2::alloc_block SLOW: 260 ticks (read bitmap: 260, write metadata: 0)
Ext2::alloc_block SLOW: 415 ticks (read bitmap: 415, write metadata: 0)
Ext2::alloc_block SLOW: 279 ticks (read bitmap: 279, write metadata: 0)
Ext2::alloc_block SLOW: 103 ticks (read bitmap: 103, write metadata: 0)
Ext2::alloc_block SLOW: 318 ticks (read bitmap: 318, write metadata: 0)
Ext2::alloc_block SLOW: 276 ticks (read bitmap: 276, write metadata: 0)
Ext2::alloc_block SLOW: 226 ticks (read bitmap: 226, write metadata: 0)
Ext2::alloc_block SLOW: 79 ticks (read bitmap: 79, write metadata: 0)
Ext2::alloc_block SLOW: 277 ticks (read bitmap: 277, write metadata: 0)
Ext2::alloc_block SLOW: 266 ticks (read bitmap: 266, write metadata: 0)
Ext2::alloc_block SLOW: 382 ticks (read bitmap: 382, write metadata: 0)
Ext2::alloc_block SLOW: 227 ticks (read bitmap: 227, write metadata: 0)
Ext2::alloc_block SLOW: 212 ticks (read bitmap: 212, write metadata: 0)
Ext2::alloc_block SLOW: 193 ticks (read bitmap: 193, write metadata: 0)
Ext2::alloc_block SLOW: 331 ticks (read bitmap: 331, write metadata: 0)
Ext2::alloc_block SLOW: 362 ticks (read bitmap: 362, write metadata: 0)
Ext2::alloc_block SLOW: 387 ticks (read bitmap: 387, write metadata: 0)
Ext2::alloc_block SLOW: 420 ticks (read bitmap: 420, write metadata: 0)
Ext2::alloc_block SLOW: 651 ticks (read bitmap: 651, write metadata: 0)
Ext2::alloc_block SLOW: 680 ticks (read bitmap: 680, write metadata: 0)
Ext2::alloc_block SLOW: 434 ticks (read bitmap: 434, write metadata: 0)
Ext2::alloc_block SLOW: 239 ticks (read bitmap: 239, write metadata: 0)
Ext2::alloc_block SLOW: 602 ticks (read bitmap: 602, write metadata: 0)
Ext2::alloc_block SLOW: 602 ticks (read bitmap: 602, write metadata: 0)
Ext2::alloc_block SLOW: 787 ticks (read bitmap: 787, write metadata: 0)
Ext2::alloc_block SLOW: 422 ticks (read bitmap: 422, write metadata: 0)
Ext2::alloc_block SLOW: 375 ticks (read bitmap: 375, write metadata: 0)
Ext2::alloc_block SLOW: 742 ticks (read bitmap: 742, write metadata: 0)
Ext2::alloc_block SLOW: 665 ticks (read bitmap: 665, write metadata: 0)
Ext2::alloc_block SLOW: 448 ticks (read bitmap: 448, write metadata: 0)
Ext2::alloc_block SLOW: 453 ticks (read bitmap: 453, write metadata: 0)
Ext2::alloc_block SLOW: 651 ticks (read bitmap: 651, write metadata: 0)
Ext2::alloc_block SLOW: 659 ticks (read bitmap: 659, write metadata: 0)
Ext2::alloc_block SLOW: 673 ticks (read bitmap: 673, write metadata: 0)
Ext2::alloc_block SLOW: 685 ticks (read bitmap: 685, write metadata: 0)
Ext2::alloc_block SLOW: 336 ticks (read bitmap: 336, write metadata: 0)
Ext2::alloc_block SLOW: 314 ticks (read bitmap: 314, write metadata: 0)
Ext2::alloc_block SLOW: 747 ticks (read bitmap: 747, write metadata: 0)
Ext2::alloc_block SLOW: 638 ticks (read bitmap: 638, write metadata: 0)
Ext2::alloc_block SLOW: 303 ticks (read bitmap: 303, write metadata: 0)
Ext2::alloc_block SLOW: 281 ticks (read bitmap: 281, write metadata: 0)
Ext2::alloc_block SLOW: 416 ticks (read bitmap: 416, write metadata: 0)
Ext2::alloc_block SLOW: 791 ticks (read bitmap: 791, write metadata: 0)
Ext2::alloc_block SLOW: 655 ticks (read bitmap: 655, write metadata: 0)
Ext2::alloc_block SLOW: 695 ticks (read bitmap: 695, write metadata: 0)
Ext2::alloc_block SLOW: 273 ticks (read bitmap: 273, write metadata: 0)
Ext2::alloc_block SLOW: 654 ticks (read bitmap: 654, write metadata: 0)
Ext2::alloc_block SLOW: 998 ticks (read bitmap: 998, write metadata: 0)
Ext2::alloc_block SLOW: 475 ticks (read bitmap: 475, write metadata: 0)
Ext2::alloc_block SLOW: 490 ticks (read bitmap: 490, write metadata: 0)
Ext2::alloc_block SLOW: 844 ticks (read bitmap: 844, write metadata: 0)
Ext2::alloc_block SLOW: 767 ticks (read bitmap: 767, write metadata: 0)
Ext2::alloc_block SLOW: 761 ticks (read bitmap: 761, write metadata: 0)
Ext2::alloc_block SLOW: 350 ticks (read bitmap: 350, write metadata: 0)
Ext2::alloc_block SLOW: 357 ticks (read bitmap: 357, write metadata: 0)
Ext2::alloc_block SLOW: 281 ticks (read bitmap: 281, write metadata: 0)
Ext2::alloc_block SLOW: 362 ticks (read bitmap: 362, write metadata: 0)
Ext2::alloc_block SLOW: 817 ticks (read bitmap: 817, write metadata: 0)
Ext2::alloc_block SLOW: 541 ticks (read bitmap: 541, write metadata: 0)
Ext2::alloc_block SLOW: 607 ticks (read bitmap: 607, write metadata: 0)
Ext2::alloc_block SLOW: 813 ticks (read bitmap: 813, write metadata: 0)
Ext2::alloc_block SLOW: 531 ticks (read bitmap: 531, write metadata: 0)
Ext2::alloc_block SLOW: 848 ticks (read bitmap: 848, write metadata: 0)
Ext2::alloc_block SLOW: 696 ticks (read bitmap: 696, write metadata: 0)
Ext2::alloc_block SLOW: 711 ticks (read bitmap: 711, write metadata: 0)
Ext2::alloc_block SLOW: 518 ticks (read bitmap: 518, write metadata: 0)
Ext2::alloc_block SLOW: 587 ticks (read bitmap: 587, write metadata: 0)
Ext2::alloc_block SLOW: 551 ticks (read bitmap: 551, write metadata: 0)
Ext2::alloc_block SLOW: 1043 ticks (read bitmap: 1043, write metadata: 0)
Ext2::alloc_block SLOW: 648 ticks (read bitmap: 648, write metadata: 0)
Ext2::alloc_block SLOW: 666 ticks (read bitmap: 666, write metadata: 0)
Ext2::alloc_block SLOW: 961 ticks (read bitmap: 961, write metadata: 0)
Ext2::alloc_block SLOW: 635 ticks (read bitmap: 635, write metadata: 0)
Ext2::alloc_block SLOW: 555 ticks (read bitmap: 555, write metadata: 0)
Ext2::alloc_block SLOW: 441 ticks (read bitmap: 441, write metadata: 0)
Ext2::alloc_block SLOW: 346 ticks (read bitmap: 346, write metadata: 0)
Ext2::alloc_block SLOW: 396 ticks (read bitmap: 396, write metadata: 0)
Ext2::alloc_block SLOW: 585 ticks (read bitmap: 585, write metadata: 0)
Ext2::alloc_block SLOW: 623 ticks (read bitmap: 623, write metadata: 0)
Ext2::alloc_block SLOW: 608 ticks (read bitmap: 608, write metadata: 0)
Ext2::alloc_block SLOW: 709 ticks (read bitmap: 709, write metadata: 0)
Ext2::alloc_block SLOW: 856 ticks (read bitmap: 856, write metadata: 0)
Ext2::alloc_block SLOW: 673 ticks (read bitmap: 673, write metadata: 0)
Ext2::alloc_block SLOW: 561 ticks (read bitmap: 561, write metadata: 0)
Ext2::alloc_block SLOW: 651 ticks (read bitmap: 651, write metadata: 0)
Ext2::alloc_block SLOW: 792 ticks (read bitmap: 792, write metadata: 0)
Ext2::alloc_block SLOW: 968 ticks (read bitmap: 968, write metadata: 0)
Ext2::alloc_block SLOW: 937 ticks (read bitmap: 937, write metadata: 0)
Ext2::alloc_block SLOW: 924 ticks (read bitmap: 924, write metadata: 0)
Ext2::alloc_block SLOW: 716 ticks (read bitmap: 716, write metadata: 0)
Ext2::alloc_block SLOW: 715 ticks (read bitmap: 715, write metadata: 0)
Ext2::alloc_block SLOW: 864 ticks (read bitmap: 864, write metadata: 0)
Ext2::alloc_block SLOW: 561 ticks (read bitmap: 561, write metadata: 0)
Ext2::alloc_block SLOW: 641 ticks (read bitmap: 641, write metadata: 0)
Ext2::alloc_block SLOW: 621 ticks (read bitmap: 621, write metadata: 0)
Ext2::alloc_block SLOW: 1007 ticks (read bitmap: 1007, write metadata: 0)
Ext2::alloc_block SLOW: 991 ticks (read bitmap: 991, write metadata: 0)
Ext2::alloc_block SLOW: 854 ticks (read bitmap: 854, write metadata: 0)
Ext2::alloc_block SLOW: 708 ticks (read bitmap: 708, write metadata: 0)
Ext2::alloc_block SLOW: 672 ticks (read bitmap: 672, write metadata: 0)
Ext2::alloc_block SLOW: 735 ticks (read bitmap: 735, write metadata: 0)
Ext2::alloc_block SLOW: 507 ticks (read bitmap: 507, write metadata: 0)
Ext2::alloc_block SLOW: 269 ticks (read bitmap: 269, write metadata: 0)
Ext2::alloc_block SLOW: 296 ticks (read bitmap: 296, write metadata: 0)
Ext2::alloc_block SLOW: 628 ticks (read bitmap: 628, write metadata: 0)
Ext2::alloc_block SLOW: 864 ticks (read bitmap: 864, write metadata: 0)
Ext2::alloc_block SLOW: 656 ticks (read bitmap: 656, write metadata: 0)
Ext2::alloc_block SLOW: 723 ticks (read bitmap: 723, write metadata: 0)
Ext2::alloc_block SLOW: 667 ticks (read bitmap: 667, write metadata: 0)
Ext2::alloc_block SLOW: 590 ticks (read bitmap: 590, write metadata: 0)
Ext2::alloc_block SLOW: 814 ticks (read bitmap: 814, write metadata: 0)
Ext2::alloc_block SLOW: 682 ticks (read bitmap: 682, write metadata: 0)
Ext2::alloc_block SLOW: 535 ticks (read bitmap: 535, write metadata: 0)
Ext2::alloc_block SLOW: 875 ticks (read bitmap: 875, write metadata: 0)
Ext2::alloc_block SLOW: 768 ticks (read bitmap: 768, write metadata: 0)
Ext2::alloc_block SLOW: 778 ticks (read bitmap: 778, write metadata: 0)
Ext2::alloc_block SLOW: 765 ticks (read bitmap: 765, write metadata: 0)
Ext2::alloc_block SLOW: 1098 ticks (read bitmap: 1098, write metadata: 0)
Ext2::alloc_block SLOW: 669 ticks (read bitmap: 669, write metadata: 0)
Ext2::alloc_block SLOW: 793 ticks (read bitmap: 793, write metadata: 0)
Ext2::alloc_block SLOW: 562 ticks (read bitmap: 562, write metadata: 0)
Ext2::alloc_block SLOW: 544 ticks (read bitmap: 544, write metadata: 0)
Ext2::alloc_block SLOW: 746 ticks (read bitmap: 746, write metadata: 0)
Ext2::alloc_block SLOW: 674 ticks (read bitmap: 674, write metadata: 0)
Ext2::alloc_block SLOW: 741 ticks (read bitmap: 741, write metadata: 0)
Ext2::alloc_block SLOW: 659 ticks (read bitmap: 659, write metadata: 0)
Ext2::alloc_block SLOW: 660 ticks (read bitmap: 660, write metadata: 0)
Ext2::alloc_block SLOW: 917 ticks (read bitmap: 917, write metadata: 0)
Ext2::alloc_block SLOW: 543 ticks (read bitmap: 543, write metadata: 0)
Ext2::alloc_block SLOW: 544 ticks (read bitmap: 544, write metadata: 0)
Ext2::alloc_block SLOW: 520 ticks (read bitmap: 520, write metadata: 0)
Ext2::alloc_block SLOW: 647 ticks (read bitmap: 647, write metadata: 0)
Ext2::alloc_block SLOW: 636 ticks (read bitmap: 636, write metadata: 0)
Ext2::alloc_block SLOW: 762 ticks (read bitmap: 762, write metadata: 0)
Ext2::alloc_block SLOW: 382 ticks (read bitmap: 382, write metadata: 0)
Ext2::alloc_block SLOW: 428 ticks (read bitmap: 428, write metadata: 0)
Ext2::alloc_block SLOW: 823 ticks (read bitmap: 823, write metadata: 0)
Ext2::alloc_block SLOW: 502 ticks (read bitmap: 502, write metadata: 0)
Ext2::alloc_block SLOW: 358 ticks (read bitmap: 358, write metadata: 0)
Ext2::alloc_block SLOW: 366 ticks (read bitmap: 366, write metadata: 0)
Ext2::alloc_block SLOW: 313 ticks (read bitmap: 313, write metadata: 0)
Ext2::alloc_block SLOW: 704 ticks (read bitmap: 704, write metadata: 0)
Ext2::alloc_block SLOW: 681 ticks (read bitmap: 681, write metadata: 0)
Ext2::alloc_block SLOW: 643 ticks (read bitmap: 643, write metadata: 0)
Ext2::alloc_block SLOW: 571 ticks (read bitmap: 571, write metadata: 0)
Ext2::alloc_block SLOW: 624 ticks (read bitmap: 624, write metadata: 0)
Ext2::alloc_block SLOW: 707 ticks (read bitmap: 707, write metadata: 0)
Ext2::alloc_block SLOW: 698 ticks (read bitmap: 698, write metadata: 0)
Ext2::alloc_block SLOW: 438 ticks (read bitmap: 438, write metadata: 0)
Ext2::alloc_block SLOW: 103 ticks (read bitmap: 103, write metadata: 0)
Ext2::alloc_block SLOW: 455 ticks (read bitmap: 455, write metadata: 0)
Ext2::alloc_block SLOW: 314 ticks (read bitmap: 314, write metadata: 0)
Ext2::alloc_block SLOW: 317 ticks (read bitmap: 317, write metadata: 0)
Ext2::alloc_block SLOW: 356 ticks (read bitmap: 356, write metadata: 0)
Ext2::alloc_block SLOW: 314 ticks (read bitmap: 314, write metadata: 0)
Ext2::alloc_block SLOW: 336 ticks (read bitmap: 336, write metadata: 0)
Ext2::alloc_block SLOW: 697 ticks (read bitmap: 697, write metadata: 0)
Ext2::alloc_block SLOW: 284 ticks (read bitmap: 284, write metadata: 0)
Ext2::alloc_block SLOW: 148 ticks (read bitmap: 148, write metadata: 0)
Ext2::alloc_block SLOW: 329 ticks (read bitmap: 329, write metadata: 0)
Ext2::alloc_block SLOW: 80 ticks (read bitmap: 80, write metadata: 0)
Ext2::alloc_block SLOW: 355 ticks (read bitmap: 355, write metadata: 0)
Ext2::alloc_block SLOW: 311 ticks (read bitmap: 311, write metadata: 0)
Ext2::alloc_block SLOW: 359 ticks (read bitmap: 359, write metadata: 0)
Ext2::alloc_block SLOW: 723 ticks (read bitmap: 723, write metadata: 0)
Ext2::alloc_block SLOW: 880 ticks (read bitmap: 880, write metadata: 0)
Ext2::alloc_block SLOW: 764 ticks (read bitmap: 764, write metadata: 0)
Ext2::alloc_block SLOW: 712 ticks (read bitmap: 712, write metadata: 0)
Ext2::alloc_block SLOW: 583 ticks (read bitmap: 583, write metadata: 0)
Ext2::alloc_block SLOW: 536 ticks (read bitmap: 536, write metadata: 0)
Ext2::alloc_block SLOW: 753 ticks (read bitmap: 753, write metadata: 0)
Ext2::alloc_block SLOW: 708 ticks (read bitmap: 708, write metadata: 0)
Ext2::alloc_block SLOW: 857 ticks (read bitmap: 857, write metadata: 0)
Ext2::alloc_block SLOW: 582 ticks (read bitmap: 582, write metadata: 0)
Ext2::alloc_block SLOW: 844 ticks (read bitmap: 844, write metadata: 0)
Ext2::alloc_block SLOW: 743 ticks (read bitmap: 743, write metadata: 0)
Ext2::alloc_block SLOW: 673 ticks (read bitmap: 673, write metadata: 0)
Ext2::alloc_block SLOW: 907 ticks (read bitmap: 907, write metadata: 0)
Ext2::alloc_block SLOW: 513 ticks (read bitmap: 513, write metadata: 0)
Ext2::alloc_block SLOW: 621 ticks (read bitmap: 621, write metadata: 0)
Ext2::alloc_block SLOW: 285 ticks (read bitmap: 285, write metadata: 0)
Ext2::alloc_block SLOW: 770 ticks (read bitmap: 770, write metadata: 0)
Ext2::alloc_block SLOW: 432 ticks (read bitmap: 432, write metadata: 0)
Ext2::alloc_block SLOW: 445 ticks (read bitmap: 445, write metadata: 0)
Ext2::alloc_block SLOW: 543 ticks (read bitmap: 543, write metadata: 0)
Ext2::alloc_block SLOW: 593 ticks (read bitmap: 593, write metadata: 0)
Ext2::alloc_block SLOW: 882 ticks (read bitmap: 882, write metadata: 0)
Ext2::alloc_block SLOW: 817 ticks (read bitmap: 817, write metadata: 0)
Ext2::alloc_block SLOW: 312 ticks (read bitmap: 312, write metadata: 0)
Ext2::alloc_block SLOW: 528 ticks (read bitmap: 528, write metadata: 0)
Ext2::alloc_block SLOW: 484 ticks (read bitmap: 484, write metadata: 0)
Ext2::alloc_block SLOW: 741 ticks (read bitmap: 741, write metadata: 0)
Ext2::alloc_block SLOW: 607 ticks (read bitmap: 607, write metadata: 0)
Ext2::alloc_block SLOW: 669 ticks (read bitmap: 669, write metadata: 0)
Ext2::alloc_block SLOW: 578 ticks (read bitmap: 578, write metadata: 0)
Ext2::alloc_block SLOW: 292 ticks (read bitmap: 292, write metadata: 0)
Ext2::alloc_block SLOW: 270 ticks (read bitmap: 270, write metadata: 0)
Ext2::alloc_block SLOW: 496 ticks (read bitmap: 496, write metadata: 0)
Ext2::alloc_block SLOW: 678 ticks (read bitmap: 678, write metadata: 0)
Ext2::alloc_block SLOW: 728 ticks (read bitmap: 728, write metadata: 0)
Ext2::alloc_block SLOW: 727 ticks (read bitmap: 727, write metadata: 0)
Ext2::alloc_block SLOW: 492 ticks (read bitmap: 492, write metadata: 0)
Ext2::alloc_block SLOW: 779 ticks (read bitmap: 779, write metadata: 0)
Ext2::alloc_block SLOW: 663 ticks (read bitmap: 663, write metadata: 0)
Ext2::alloc_block SLOW: 559 ticks (read bitmap: 559, write metadata: 0)
Ext2::alloc_block SLOW: 585 ticks (read bitmap: 585, write metadata: 0)
Ext2::alloc_block SLOW: 236 ticks (read bitmap: 236, write metadata: 0)
Ext2::alloc_block SLOW: 308 ticks (read bitmap: 308, write metadata: 0)
Ext2::alloc_block SLOW: 581 ticks (read bitmap: 581, write metadata: 0)
Ext2::alloc_block SLOW: 632 ticks (read bitmap: 632, write metadata: 0)
Ext2::alloc_block SLOW: 844 ticks (read bitmap: 844, write metadata: 0)
Ext2::alloc_block SLOW: 851 ticks (read bitmap: 851, write metadata: 0)
Ext2::alloc_block SLOW: 607 ticks (read bitmap: 607, write metadata: 0)
Ext2::alloc_block SLOW: 393 ticks (read bitmap: 393, write metadata: 0)
Ext2::alloc_block SLOW: 409 ticks (read bitmap: 409, write metadata: 0)
Ext2::alloc_block SLOW: 657 ticks (read bitmap: 657, write metadata: 0)
Ext2::alloc_block SLOW: 454 ticks (read bitmap: 454, write metadata: 0)
Ext2::alloc_block SLOW: 559 ticks (read bitmap: 559, write metadata: 0)
Ext2::alloc_block SLOW: 600 ticks (read bitmap: 600, write metadata: 0)
Ext2::alloc_block SLOW: 636 ticks (read bitmap: 636, write metadata: 0)
Ext2::alloc_block SLOW: 654 ticks (read bitmap: 654, write metadata: 0)
Ext2::alloc_block SLOW: 377 ticks (read bitmap: 377, write metadata: 0)
Ext2::alloc_block SLOW: 435 ticks (read bitmap: 435, write metadata: 0)
Ext2::alloc_block SLOW: 461 ticks (read bitmap: 461, write metadata: 0)
Ext2::alloc_block SLOW: 360 ticks (read bitmap: 360, write metadata: 0)
Ext2::alloc_block SLOW: 418 ticks (read bitmap: 418, write metadata: 0)
Ext2::alloc_block SLOW: 398 ticks (read bitmap: 398, write metadata: 0)
Ext2::alloc_block SLOW: 522 ticks (read bitmap: 522, write metadata: 0)
Ext2::alloc_block SLOW: 359 ticks (read bitmap: 359, write metadata: 0)
Ext2::alloc_block SLOW: 410 ticks (read bitmap: 410, write metadata: 0)
Ext2::alloc_block SLOW: 554 ticks (read bitmap: 554, write metadata: 0)
Ext2::alloc_block SLOW: 539 ticks (read bitmap: 539, write metadata: 0)
Ext2::alloc_block SLOW: 572 ticks (read bitmap: 572, write metadata: 0)
Ext2::alloc_block SLOW: 361 ticks (read bitmap: 361, write metadata: 0)
Ext2::alloc_block SLOW: 479 ticks (read bitmap: 479, write metadata: 0)
Ext2::alloc_block SLOW: 378 ticks (read bitmap: 378, write metadata: 0)
Ext2::alloc_block SLOW: 186 ticks (read bitmap: 186, write metadata: 0)
Ext2::alloc_block SLOW: 215 ticks (read bitmap: 215, write metadata: 0)
Ext2::alloc_block SLOW: 790 ticks (read bitmap: 790, write metadata: 0)
Ext2::alloc_block SLOW: 690 ticks (read bitmap: 690, write metadata: 0)
Ext2::alloc_block SLOW: 478 ticks (read bitmap: 478, write metadata: 0)
Ext2::alloc_block SLOW: 774 ticks (read bitmap: 774, write metadata: 0)
Ext2::alloc_block SLOW: 254 ticks (read bitmap: 254, write metadata: 0)
Ext2::alloc_block SLOW: 693 ticks (read bitmap: 693, write metadata: 0)
Ext2::alloc_block SLOW: 883 ticks (read bitmap: 883, write metadata: 0)
Ext2::alloc_block SLOW: 560 ticks (read bitmap: 560, write metadata: 0)
Ext2::alloc_block SLOW: 301 ticks (read bitmap: 301, write metadata: 0)
Ext2::alloc_block SLOW: 314 ticks (read bitmap: 314, write metadata: 0)
Ext2::alloc_block SLOW: 228 ticks (read bitmap: 228, write metadata: 0)
Ext2::alloc_block SLOW: 389 ticks (read bitmap: 389, write metadata: 0)
Ext2::alloc_block SLOW: 367 ticks (read bitmap: 367, write metadata: 0)
Ext2::alloc_block SLOW: 627 ticks (read bitmap: 627, write metadata: 0)
Ext2::alloc_block SLOW: 322 ticks (read bitmap: 322, write metadata: 0)
Ext2::alloc_block SLOW: 323 ticks (read bitmap: 323, write metadata: 0)
Ext2::alloc_block SLOW: 367 ticks (read bitmap: 367, write metadata: 0)
Ext2::alloc_block SLOW: 288 ticks (read bitmap: 288, write metadata: 0)
Ext2::alloc_block SLOW: 331 ticks (read bitmap: 331, write metadata: 0)
Ext2::alloc_block SLOW: 479 ticks (read bitmap: 479, write metadata: 0)
Ext2::alloc_block SLOW: 742 ticks (read bitmap: 742, write metadata: 0)
Ext2::alloc_block SLOW: 654 ticks (read bitmap: 654, write metadata: 0)
Ext2::alloc_block SLOW: 559 ticks (read bitmap: 559, write metadata: 0)
Ext2::alloc_block SLOW: 808 ticks (read bitmap: 808, write metadata: 0)
Ext2::alloc_block SLOW: 324 ticks (read bitmap: 324, write metadata: 0)
Ext2::alloc_block SLOW: 289 ticks (read bitmap: 289, write metadata: 0)
Ext2::alloc_block SLOW: 609 ticks (read bitmap: 609, write metadata: 0)
Ext2::alloc_block SLOW: 274 ticks (read bitmap: 274, write metadata: 0)
Ext2::alloc_block SLOW: 747 ticks (read bitmap: 747, write metadata: 0)
Ext2::alloc_block SLOW: 786 ticks (read bitmap: 786, write metadata: 0)
Ext2::alloc_block SLOW: 547 ticks (read bitmap: 547, write metadata: 0)
Ext2::alloc_block SLOW: 791 ticks (read bitmap: 791, write metadata: 0)
Ext2::alloc_block SLOW: 786 ticks (read bitmap: 786, write metadata: 0)
Ext2::alloc_block SLOW: 655 ticks (read bitmap: 655, write metadata: 0)
Ext2::alloc_block SLOW: 824 ticks (read bitmap: 824, write metadata: 0)
Ext2::alloc_block SLOW: 235 ticks (read bitmap: 235, write metadata: 0)
Ext2::alloc_block SLOW: 796 ticks (read bitmap: 796, write metadata: 0)
Ext2::alloc_block SLOW: 331 ticks (read bitmap: 331, write metadata: 0)
Ext2::alloc_block SLOW: 636 ticks (read bitmap: 636, write metadata: 0)
Ext2::alloc_block SLOW: 742 ticks (read bitmap: 742, write metadata: 0)
Ext2::alloc_block SLOW: 624 ticks (read bitmap: 624, write metadata: 0)
Ext2::alloc_block SLOW: 494 ticks (read bitmap: 494, write metadata: 0)
Ext2::alloc_block SLOW: 498 ticks (read bitmap: 498, write metadata: 0)
Ext2::alloc_block SLOW: 433 ticks (read bitmap: 433, write metadata: 0)
Ext2::alloc_block SLOW: 439 ticks (read bitmap: 439, write metadata: 0)
Ext2::alloc_block SLOW: 480 ticks (read bitmap: 480, write metadata: 0)
Ext2::alloc_block SLOW: 454 ticks (read bitmap: 454, write metadata: 0)
Ext2::alloc_block SLOW: 655 ticks (read bitmap: 655, write metadata: 0)
Ext2::alloc_block SLOW: 617 ticks (read bitmap: 617, write metadata: 0)
Ext2::alloc_block SLOW: 622 ticks (read bitmap: 622, write metadata: 0)
Ext2::alloc_block SLOW: 716 ticks (read bitmap: 716, write metadata: 0)
Ext2::alloc_block SLOW: 345 ticks (read bitmap: 345, write metadata: 0)
Ext2::alloc_block SLOW: 442 ticks (read bitmap: 442, write metadata: 0)
Ext2::alloc_block SLOW: 1013 ticks (read bitmap: 1013, write metadata: 0)
Ext2::alloc_block SLOW: 315 ticks (read bitmap: 315, write metadata: 0)
Ext2::alloc_block SLOW: 552 ticks (read bitmap: 552, write metadata: 0)
Ext2::alloc_block SLOW: 264 ticks (read bitmap: 264, write metadata: 0)
Ext2::alloc_block SLOW: 715 ticks (read bitmap: 715, write metadata: 0)
Ext2::alloc_block SLOW: 742 ticks (read bitmap: 742, write metadata: 0)
Ext2::alloc_block SLOW: 680 ticks (read bitmap: 680, write metadata: 0)
Ext2::alloc_block SLOW: 686 ticks (read bitmap: 686, write metadata: 0)
Ext2::alloc_block SLOW: 670 ticks (read bitmap: 670, write metadata: 0)
Ext2::alloc_block SLOW: 737 ticks (read bitmap: 737, write metadata: 0)
Ext2::alloc_block SLOW: 549 ticks (read bitmap: 549, write metadata: 0)
Ext2::alloc_block SLOW: 387 ticks (read bitmap: 387, write metadata: 0)
Ext2::alloc_block SLOW: 489 ticks (read bitmap: 489, write metadata: 0)
Ext2::alloc_block SLOW: 646 ticks (read bitmap: 646, write metadata: 0)
Ext2::alloc_block SLOW: 667 ticks (read bitmap: 667, write metadata: 0)
Ext2::alloc_block SLOW: 943 ticks (read bitmap: 943, write metadata: 0)
Ext2::alloc_block SLOW: 651 ticks (read bitmap: 651, write metadata: 0)
Ext2::alloc_block SLOW: 736 ticks (read bitmap: 736, write metadata: 0)
Ext2::alloc_block SLOW: 720 ticks (read bitmap: 720, write metadata: 0)
Ext2::alloc_block SLOW: 732 ticks (read bitmap: 732, write metadata: 0)
Ext2::alloc_block SLOW: 740 ticks (read bitmap: 740, write metadata: 0)
Ext2::alloc_block SLOW: 508 ticks (read bitmap: 508, write metadata: 0)
Ext2::alloc_block SLOW: 822 ticks (read bitmap: 822, write metadata: 0)
Ext2::alloc_block SLOW: 719 ticks (read bitmap: 719, write metadata: 0)
Ext2::alloc_block SLOW: 581 ticks (read bitmap: 581, write metadata: 0)
Ext2::alloc_block SLOW: 727 ticks (read bitmap: 727, write metadata: 0)
Ext2::alloc_block SLOW: 743 ticks (read bitmap: 743, write metadata: 0)
Ext2::alloc_block SLOW: 784 ticks (read bitmap: 784, write metadata: 0)
Ext2::alloc_block SLOW: 743 ticks (read bitmap: 743, write metadata: 0)
Ext2::alloc_block SLOW: 806 ticks (read bitmap: 806, write metadata: 0)
Ext2::alloc_block SLOW: 520 ticks (read bitmap: 520, write metadata: 0)
Ext2::alloc_block SLOW: 784 ticks (read bitmap: 784, write metadata: 0)
Ext2::alloc_block SLOW: 929 ticks (read bitmap: 929, write metadata: 0)
Ext2::alloc_block SLOW: 802 ticks (read bitmap: 802, write metadata: 0)
Ext2::alloc_block SLOW: 757 ticks (read bitmap: 757, write metadata: 0)
Ext2::alloc_block SLOW: 690 ticks (read bitmap: 690, write metadata: 0)
Ext2::alloc_block SLOW: 739 ticks (read bitmap: 739, write metadata: 0)
Ext2::alloc_block SLOW: 511 ticks (read bitmap: 511, write metadata: 0)
Ext2::alloc_block SLOW: 556 ticks (read bitmap: 556, write metadata: 0)
Ext2::alloc_block SLOW: 498 ticks (read bitmap: 498, write metadata: 0)
Ext2::alloc_block SLOW: 854 ticks (read bitmap: 854, write metadata: 0)
Ext2::alloc_block SLOW: 787 ticks (read bitmap: 787, write metadata: 0)
Ext2::alloc_block SLOW: 323 ticks (read bitmap: 323, write metadata: 0)
Ext2::alloc_block SLOW: 333 ticks (read bitmap: 333, write metadata: 0)
Ext2::alloc_block SLOW: 924 ticks (read bitmap: 924, write metadata: 0)
Ext2::alloc_block SLOW: 980 ticks (read bitmap: 980, write metadata: 0)
Ext2::alloc_block SLOW: 520 ticks (read bitmap: 520, write metadata: 0)
Ext2::alloc_block SLOW: 102 ticks (read bitmap: 102, write metadata: 0)
Ext2::alloc_block SLOW: 495 ticks (read bitmap: 495, write metadata: 0)
Ext2::alloc_block SLOW: 113 ticks (read bitmap: 113, write metadata: 0)
Ext2::alloc_block SLOW: 85 ticks (read bitmap: 85, write metadata: 0)
Ext2::alloc_block SLOW: 146 ticks (read bitmap: 146, write metadata: 0)
Ext2::alloc_block SLOW: 102 ticks (read bitmap: 102, write metadata: 0)
Ext2::alloc_block SLOW: 260 ticks (read bitmap: 260, write metadata: 0)
Ext2::alloc_block SLOW: 741 ticks (read bitmap: 741, write metadata: 0)
Ext2::alloc_block SLOW: 514 ticks (read bitmap: 514, write metadata: 0)
Ext2::alloc_block SLOW: 199 ticks (read bitmap: 199, write metadata: 0)
Ext2::alloc_block SLOW: 385 ticks (read bitmap: 385, write metadata: 0)
Ext2::alloc_block SLOW: 322 ticks (read bitmap: 322, write metadata: 0)
Ext2::alloc_block SLOW: 250 ticks (read bitmap: 250, write metadata: 0)
Ext2::alloc_block SLOW: 394 ticks (read bitmap: 394, write metadata: 0)
Ext2::alloc_block SLOW: 585 ticks (read bitmap: 585, write metadata: 0)
Ext2::alloc_block SLOW: 831 ticks (read bitmap: 831, write metadata: 0)
Ext2::alloc_block SLOW: 888 ticks (read bitmap: 888, write metadata: 0)
Ext2::alloc_block SLOW: 734 ticks (read bitmap: 734, write metadata: 0)
Ext2::alloc_block SLOW: 418 ticks (read bitmap: 418, write metadata: 0)
Ext2::alloc_block SLOW: 522 ticks (read bitmap: 522, write metadata: 0)
Ext2::alloc_block SLOW: 467 ticks (read bitmap: 467, write metadata: 0)
Ext2::alloc_block SLOW: 498 ticks (read bitmap: 498, write metadata: 0)
Ext2::alloc_block SLOW: 778 ticks (read bitmap: 778, write metadata: 0)
Ext2::alloc_block SLOW: 625 ticks (read bitmap: 625, write metadata: 0)
Ext2::alloc_block SLOW: 757 ticks (read bitmap: 757, write metadata: 0)
Ext2::alloc_block SLOW: 778 ticks (read bitmap: 778, write metadata: 0)
Ext2::alloc_block SLOW: 759 ticks (read bitmap: 759, write metadata: 0)
Ext2::alloc_block SLOW: 696 ticks (read bitmap: 696, write metadata: 0)
Ext2::alloc_block SLOW: 446 ticks (read bitmap: 446, write metadata: 0)
Ext2::alloc_block SLOW: 735 ticks (read bitmap: 735, write metadata: 0)
Ext2::alloc_block SLOW: 941 ticks (read bitmap: 941, write metadata: 0)
Ext2::alloc_block SLOW: 329 ticks (read bitmap: 329, write metadata: 0)
Ext2::alloc_block SLOW: 779 ticks (read bitmap: 779, write metadata: 0)
Ext2::alloc_block SLOW: 1048 ticks (read bitmap: 1048, write metadata: 0)
Ext2::alloc_block SLOW: 790 ticks (read bitmap: 790, write metadata: 0)
Ext2::alloc_block SLOW: 668 ticks (read bitmap: 668, write metadata: 0)
Ext2::alloc_block SLOW: 799 ticks (read bitmap: 799, write metadata: 0)
Ext2::alloc_block SLOW: 692 ticks (read bitmap: 692, write metadata: 0)
Ext2::alloc_block SLOW: 452 ticks (read bitmap: 452, write metadata: 0)
Ext2::alloc_block SLOW: 541 ticks (read bitmap: 541, write metadata: 0)
Ext2::alloc_block SLOW: 674 ticks (read bitmap: 674, write metadata: 0)
Ext2::alloc_block SLOW: 803 ticks (read bitmap: 803, write metadata: 0)
Ext2::alloc_block SLOW: 270 ticks (read bitmap: 270, write metadata: 0)
Ext2::alloc_block SLOW: 681 ticks (read bitmap: 681, write metadata: 0)
Ext2::alloc_block SLOW: 472 ticks (read bitmap: 472, write metadata: 0)
Ext2::alloc_block SLOW: 841 ticks (read bitmap: 841, write metadata: 0)
Ext2::alloc_block SLOW: 758 ticks (read bitmap: 758, write metadata: 0)
Ext2::alloc_block SLOW: 1006 ticks (read bitmap: 1006, write metadata: 0)
Ext2::alloc_block SLOW: 611 ticks (read bitmap: 611, write metadata: 0)
Ext2::alloc_block SLOW: 714 ticks (read bitmap: 714, write metadata: 0)
Ext2::alloc_block SLOW: 635 ticks (read bitmap: 635, write metadata: 0)
Ext2::alloc_block SLOW: 736 ticks (read bitmap: 736, write metadata: 0)
Ext2::alloc_block SLOW: 466 ticks (read bitmap: 466, write metadata: 0)
Ext2::alloc_block SLOW: 795 ticks (read bitmap: 795, write metadata: 0)
Ext2::alloc_block SLOW: 725 ticks (read bitmap: 725, write metadata: 0)
Ext2::alloc_block SLOW: 485 ticks (read bitmap: 485, write metadata: 0)
Ext2::alloc_block SLOW: 971 ticks (read bitmap: 971, write metadata: 0)
Ext2::alloc_block SLOW: 720 ticks (read bitmap: 720, write metadata: 0)
Ext2::alloc_block SLOW: 752 ticks (read bitmap: 752, write metadata: 0)
Ext2::alloc_block SLOW: 715 ticks (read bitmap: 715, write metadata: 0)
Ext2::alloc_block SLOW: 326 ticks (read bitmap: 326, write metadata: 0)
Ext2::alloc_block SLOW: 362 ticks (read bitmap: 362, write metadata: 0)
Ext2::alloc_block SLOW: 954 ticks (read bitmap: 954, write metadata: 0)
Ext2::alloc_block SLOW: 515 ticks (read bitmap: 515, write metadata: 0)
Ext2::alloc_block SLOW: 511 ticks (read bitmap: 511, write metadata: 0)
Ext2::alloc_block SLOW: 928 ticks (read bitmap: 928, write metadata: 0)
Ext2::alloc_block SLOW: 395 ticks (read bitmap: 395, write metadata: 0)
Ext2::alloc_block SLOW: 230 ticks (read bitmap: 230, write metadata: 0)
Ext2::alloc_block SLOW: 665 ticks (read bitmap: 665, write metadata: 0)
Ext2::alloc_block SLOW: 566 ticks (read bitmap: 566, write metadata: 0)
Ext2::alloc_block SLOW: 664 ticks (read bitmap: 664, write metadata: 0)
Ext2::alloc_block SLOW: 954 ticks (read bitmap: 954, write metadata: 0)
Ext2::alloc_block SLOW: 820 ticks (read bitmap: 820, write metadata: 0)
Ext2::alloc_block SLOW: 497 ticks (read bitmap: 497, write metadata: 0)
Ext2::alloc_block SLOW: 520 ticks (read bitmap: 520, write metadata: 0)
Ext2::alloc_block SLOW: 521 ticks (read bitmap: 521, write metadata: 0)
Ext2::alloc_block SLOW: 561 ticks (read bitmap: 561, write metadata: 0)
Ext2::alloc_block SLOW: 812 ticks (read bitmap: 812, write metadata: 0)
Ext2::alloc_block SLOW: 854 ticks (read bitmap: 854, write metadata: 0)
Ext2::alloc_block SLOW: 860 ticks (read bitmap: 860, write metadata: 0)
Ext2::alloc_block SLOW: 633 ticks (read bitmap: 633, write metadata: 0)
Ext2::alloc_block SLOW: 716 ticks (read bitmap: 716, write metadata: 0)
Ext2::alloc_block SLOW: 741 ticks (read bitmap: 741, write metadata: 0)
Ext2::alloc_block SLOW: 731 ticks (read bitmap: 731, write metadata: 0)
Ext2::alloc_block SLOW: 566 ticks (read bitmap: 566, write metadata: 0)
Ext2::alloc_block SLOW: 572 ticks (read bitmap: 572, write metadata: 0)
Ext2::alloc_block SLOW: 570 ticks (read bitmap: 570, write metadata: 0)
Ext2::alloc_block SLOW: 1091 ticks (read bitmap: 1091, write metadata: 0)
Ext2::alloc_block SLOW: 680 ticks (read bitmap: 680, write metadata: 0)
Ext2::alloc_block SLOW: 760 ticks (read bitmap: 760, write metadata: 0)
Ext2::alloc_block SLOW: 797 ticks (read bitmap: 797, write metadata: 0)
Ext2::alloc_block SLOW: 518 ticks (read bitmap: 518, write metadata: 0)
Ext2::alloc_block SLOW: 637 ticks (read bitmap: 637, write metadata: 0)
Ext2::alloc_block SLOW: 735 ticks (read bitmap: 735, write metadata: 0)
Ext2::alloc_block SLOW: 505 ticks (read bitmap: 505, write metadata: 0)
Ext2::alloc_block SLOW: 836 ticks (read bitmap: 836, write metadata: 0)
Ext2::alloc_block SLOW: 120 ticks (read bitmap: 120, write metadata: 0)
Ext2::alloc_block SLOW: 102 ticks (read bitmap: 102, write metadata: 0)
Ext2::alloc_block SLOW: 419 ticks (read bitmap: 419, write metadata: 0)
Ext2::alloc_block SLOW: 70 ticks (read bitmap: 70, write metadata: 0)
Ext2::alloc_block SLOW: 303 ticks (read bitmap: 303, write metadata: 0)
Ext2::alloc_block SLOW: 699 ticks (read bitmap: 699, write metadata: 0)
Ext2::alloc_block SLOW: 747 ticks (read bitmap: 747, write metadata: 0)
Ext2::alloc_block SLOW: 600 ticks (read bitmap: 600, write metadata: 0)
Ext2::alloc_block SLOW: 339 ticks (read bitmap: 339, write metadata: 0)
Ext2::alloc_block SLOW: 705 ticks (read bitmap: 705, write metadata: 0)
Ext2::alloc_block SLOW: 311 ticks (read bitmap: 311, write metadata: 0)
Ext2::alloc_block SLOW: 560 ticks (read bitmap: 560, write metadata: 0)
Ext2::alloc_block SLOW: 879 ticks (read bitmap: 879, write metadata: 0)
Ext2::alloc_block SLOW: 334 ticks (read bitmap: 334, write metadata: 0)
Ext2::alloc_block SLOW: 630 ticks (read bitmap: 630, write metadata: 0)
Ext2::alloc_block SLOW: 676 ticks (read bitmap: 676, write metadata: 0)
Ext2::alloc_block SLOW: 634 ticks (read bitmap: 634, write metadata: 0)
Ext2::alloc_block SLOW: 506 ticks (read bitmap: 506, write metadata: 0)
Ext2::alloc_block SLOW: 443 ticks (read bitmap: 443, write metadata: 0)
Ext2::alloc_block SLOW: 640 ticks (read bitmap: 640, write metadata: 0)
Ext2::alloc_block SLOW: 752 ticks (read bitmap: 752, write metadata: 0)
Ext2::alloc_block SLOW: 643 ticks (read bitmap: 643, write metadata: 0)
Ext2::alloc_block SLOW: 288 ticks (read bitmap: 288, write metadata: 0)
Ext2::alloc_block SLOW: 470 ticks (read bitmap: 470, write metadata: 0)
Ext2::alloc_block SLOW: 869 ticks (read bitmap: 869, write metadata: 0)
Ext2::alloc_block SLOW: 522 ticks (read bitmap: 522, write metadata: 0)
Ext2::alloc_block SLOW: 863 ticks (read bitmap: 863, write metadata: 0)
Ext2::alloc_block SLOW: 365 ticks (read bitmap: 365, write metadata: 0)
Ext2::alloc_block SLOW: 722 ticks (read bitmap: 722, write metadata: 0)
Ext2::alloc_block SLOW: 371 ticks (read bitmap: 371, write metadata: 0)
Ext2::alloc_block SLOW: 761 ticks (read bitmap: 761, write metadata: 0)
Ext2::alloc_block SLOW: 728 ticks (read bitmap: 728, write metadata: 0)
Ext2::alloc_block SLOW: 782 ticks (read bitmap: 782, write metadata: 0)
Ext2::alloc_block SLOW: 568 ticks (read bitmap: 568, write metadata: 0)
Ext2::alloc_block SLOW: 423 ticks (read bitmap: 423, write metadata: 0)
Ext2::alloc_block SLOW: 428 ticks (read bitmap: 428, write metadata: 0)
Ext2::alloc_block SLOW: 418 ticks (read bitmap: 418, write metadata: 0)
Ext2::alloc_block SLOW: 625 ticks (read bitmap: 625, write metadata: 0)
Ext2::alloc_block SLOW: 618 ticks (read bitmap: 618, write metadata: 0)
Ext2::alloc_block SLOW: 611 ticks (read bitmap: 611, write metadata: 0)
Ext2::alloc_block SLOW: 635 ticks (read bitmap: 635, write metadata: 0)
Ext2::alloc_block SLOW: 469 ticks (read bitmap: 469, write metadata: 0)
Ext2::alloc_block SLOW: 405 ticks (read bitmap: 405, write metadata: 0)
Ext2::alloc_block SLOW: 283 ticks (read bitmap: 283, write metadata: 0)
Ext2::alloc_block SLOW: 727 ticks (read bitmap: 727, write metadata: 0)
Ext2::alloc_block SLOW: 673 ticks (read bitmap: 673, write metadata: 0)
Ext2::alloc_block SLOW: 320 ticks (read bitmap: 320, write metadata: 0)
Ext2::alloc_block SLOW: 831 ticks (read bitmap: 831, write metadata: 0)
Ext2::alloc_block SLOW: 284 ticks (read bitmap: 284, write metadata: 0)
Ext2::alloc_block SLOW: 705 ticks (read bitmap: 705, write metadata: 0)
Ext2::alloc_block SLOW: 774 ticks (read bitmap: 774, write metadata: 0)
Ext2::alloc_block SLOW: 683 ticks (read bitmap: 683, write metadata: 0)
Ext2::alloc_block SLOW: 499 ticks (read bitmap: 499, write metadata: 0)
Ext2::alloc_block SLOW: 328 ticks (read bitmap: 328, write metadata: 0)
Ext2::alloc_block SLOW: 574 ticks (read bitmap: 574, write metadata: 0)
Ext2::alloc_block SLOW: 557 ticks (read bitmap: 557, write metadata: 0)
Ext2::alloc_block SLOW: 786 ticks (read bitmap: 786, write metadata: 0)
Ext2::alloc_block SLOW: 512 ticks (read bitmap: 512, write metadata: 0)
Ext2::alloc_block SLOW: 628 ticks (read bitmap: 628, write metadata: 0)
Ext2::alloc_block SLOW: 826 ticks (read bitmap: 826, write metadata: 0)
Ext2::alloc_block SLOW: 888 ticks (read bitmap: 888, write metadata: 0)
Ext2::alloc_block SLOW: 658 ticks (read bitmap: 658, write metadata: 0)
Ext2::alloc_block SLOW: 690 ticks (read bitmap: 690, write metadata: 0)
Ext2::alloc_block SLOW: 657 ticks (read bitmap: 657, write metadata: 0)
Ext2::alloc_block SLOW: 437 ticks (read bitmap: 437, write metadata: 0)
Ext2::alloc_block SLOW: 692 ticks (read bitmap: 692, write metadata: 0)
Ext2::alloc_block SLOW: 689 ticks (read bitmap: 689, write metadata: 0)
Ext2::alloc_block SLOW: 603 ticks (read bitmap: 603, write metadata: 0)
Ext2::alloc_block SLOW: 644 ticks (read bitmap: 644, write metadata: 0)
Ext2::alloc_block SLOW: 596 ticks (read bitmap: 596, write metadata: 0)
Ext2::alloc_block SLOW: 504 ticks (read bitmap: 504, write metadata: 0)
Ext2::alloc_block SLOW: 485 ticks (read bitmap: 485, write metadata: 0)
Ext2::alloc_block SLOW: 226 ticks (read bitmap: 226, write metadata: 0)
Ext2::alloc_block SLOW: 424 ticks (read bitmap: 424, write metadata: 0)
Ext2::alloc_block SLOW: 257 ticks (read bitmap: 257, write metadata: 0)
Ext2::alloc_block SLOW: 742 ticks (read bitmap: 742, write metadata: 0)
Ext2::alloc_block SLOW: 669 ticks (read bitmap: 669, write metadata: 0)
Ext2::alloc_block SLOW: 550 ticks (read bitmap: 550, write metadata: 0)
Ext2::alloc_block SLOW: 290 ticks (read bitmap: 290, write metadata: 0)
Ext2::alloc_block SLOW: 683 ticks (read bitmap: 683, write metadata: 0)
Ext2::alloc_block SLOW: 671 ticks (read bitmap: 671, write metadata: 0)
Ext2::alloc_block SLOW: 741 ticks (read bitmap: 741, write metadata: 0)
Ext2::alloc_block SLOW: 684 ticks (read bitmap: 684, write metadata: 0)
Ext2::alloc_block SLOW: 515 ticks (read bitmap: 515, write metadata: 0)
Ext2::alloc_block SLOW: 308 ticks (read bitmap: 308, write metadata: 0)
Ext2::alloc_block SLOW: 640 ticks (read bitmap: 640, write metadata: 0)
Ext2::alloc_block SLOW: 671 ticks (read bitmap: 671, write metadata: 0)
Ext2::alloc_block SLOW: 134 ticks (read bitmap: 134, write metadata: 0)
Ext2::alloc_block SLOW: 396 ticks (read bitmap: 396, write metadata: 0)
Ext2::alloc_block SLOW: 68 ticks (read bitmap: 68, write metadata: 0)
Ext2::alloc_block SLOW: 57 ticks (read bitmap: 57, write metadata: 0)
Ext2::alloc_block SLOW: 59 ticks (read bitmap: 59, write metadata: 0)
Ext2::alloc_block SLOW: 215 ticks (read bitmap: 215, write metadata: 0)
Ext2::alloc_block SLOW: 313 ticks (read bitmap: 313, write metadata: 0)
Ext2::alloc_block SLOW: 323 ticks (read bitmap: 323, write metadata: 0)
Ext2::alloc_block SLOW: 1156 ticks (read bitmap: 1156, write metadata: 0)
Ext2::alloc_block SLOW: 89 ticks (read bitmap: 89, write metadata: 0)
Ext2::alloc_block SLOW: 62 ticks (read bitmap: 62, write metadata: 0)
Ext2::alloc_block SLOW: 47 ticks (read bitmap: 47, write metadata: 0)
Ext2::alloc_block SLOW: 236 ticks (read bitmap: 236, write metadata: 0)
Ext2::alloc_block SLOW: 269 ticks (read bitmap: 269, write metadata: 0)
Ext2::alloc_block SLOW: 231 ticks (read bitmap: 231, write metadata: 0)
Ext2::alloc_block SLOW: 289 ticks (read bitmap: 289, write metadata: 0)
Ext2::alloc_block SLOW: 252 ticks (read bitmap: 252, write metadata: 0)
Ext2::alloc_block SLOW: 291 ticks (read bitmap: 291, write metadata: 0)
Ext2::alloc_block SLOW: 301 ticks (read bitmap: 301, write metadata: 0)
Ext2::alloc_block SLOW: 86 ticks (read bitmap: 86, write metadata: 0)
Ext2::alloc_block SLOW: 440 ticks (read bitmap: 440, write metadata: 0)
Ext2::alloc_block SLOW: 438 ticks (read bitmap: 438, write metadata: 0)
Ext2::alloc_block SLOW: 654 ticks (read bitmap: 654, write metadata: 0)
Ext2::alloc_block SLOW: 733 ticks (read bitmap: 733, write metadata: 0)
Ext2::alloc_block SLOW: 845 ticks (read bitmap: 845, write metadata: 0)
Ext2::alloc_block SLOW: 620 ticks (read bitmap: 620, write metadata: 0)
Ext2::alloc_block SLOW: 464 ticks (read bitmap: 464, write metadata: 0)
Ext2::alloc_block SLOW: 436 ticks (read bitmap: 436, write metadata: 0)
Ext2::alloc_block SLOW: 616 ticks (read bitmap: 616, write metadata: 0)
Ext2::alloc_block SLOW: 614 ticks (read bitmap: 614, write metadata: 0)
Ext2::alloc_block SLOW: 679 ticks (read bitmap: 679, write metadata: 0)
Ext2::alloc_block SLOW: 765 ticks (read bitmap: 765, write metadata: 0)
Ext2::alloc_block SLOW: 103 ticks (read bitmap: 103, write metadata: 0)
Ext2::alloc_block SLOW: 481 ticks (read bitmap: 481, write metadata: 0)
Ext2::alloc_block SLOW: 409 ticks (read bitmap: 409, write metadata: 0)
Ext2::alloc_block SLOW: 524 ticks (read bitmap: 524, write metadata: 0)
Ext2::alloc_block SLOW: 495 ticks (read bitmap: 495, write metadata: 0)
Ext2::alloc_block SLOW: 487 ticks (read bitmap: 487, write metadata: 0)
Ext2::alloc_block SLOW: 726 ticks (read bitmap: 726, write metadata: 0)
Ext2::alloc_block SLOW: 647 ticks (read bitmap: 647, write metadata: 0)
Ext2::alloc_block SLOW: 432 ticks (read bitmap: 432, write metadata: 0)
Ext2::alloc_block SLOW: 632 ticks (read bitmap: 632, write metadata: 0)
Ext2::alloc_block SLOW: 948 ticks (read bitmap: 948, write metadata: 0)
Ext2::alloc_block SLOW: 735 ticks (read bitmap: 735, write metadata: 0)
Ext2::alloc_block SLOW: 679 ticks (read bitmap: 679, write metadata: 0)
Ext2::alloc_block SLOW: 663 ticks (read bitmap: 663, write metadata: 0)
Ext2::alloc_block SLOW: 461 ticks (read bitmap: 461, write metadata: 0)
Ext2::alloc_block SLOW: 690 ticks (read bitmap: 690, write metadata: 0)
Ext2::alloc_block SLOW: 635 ticks (read bitmap: 635, write metadata: 0)
Ext2::alloc_block SLOW: 630 ticks (read bitmap: 630, write metadata: 0)
Ext2::alloc_block SLOW: 722 ticks (read bitmap: 722, write metadata: 0)
Ext2::alloc_block SLOW: 595 ticks (read bitmap: 595, write metadata: 0)
Ext2::alloc_block SLOW: 579 ticks (read bitmap: 579, write metadata: 0)
Ext2::alloc_block SLOW: 439 ticks (read bitmap: 439, write metadata: 0)
Ext2::alloc_block SLOW: 689 ticks (read bitmap: 689, write metadata: 0)
Ext2::alloc_block SLOW: 254 ticks (read bitmap: 254, write metadata: 0)
Ext2::alloc_block SLOW: 311 ticks (read bitmap: 311, write metadata: 0)
Ext2::alloc_block SLOW: 284 ticks (read bitmap: 284, write metadata: 0)
Ext2::alloc_block SLOW: 267 ticks (read bitmap: 267, write metadata: 0)
Ext2::alloc_block SLOW: 599 ticks (read bitmap: 599, write metadata: 0)
Ext2::alloc_block SLOW: 600 ticks (read bitmap: 600, write metadata: 0)
Ext2::alloc_block SLOW: 654 ticks (read bitmap: 654, write metadata: 0)
Ext2::alloc_block SLOW: 702 ticks (read bitmap: 702, write metadata: 0)
Ext2::alloc_block SLOW: 560 ticks (read bitmap: 560, write metadata: 0)
Ext2::alloc_block SLOW: 569 ticks (read bitmap: 569, write metadata: 0)
Ext2::alloc_block SLOW: 558 ticks (read bitmap: 558, write metadata: 0)
Ext2::alloc_block SLOW: 429 ticks (read bitmap: 429, write metadata: 0)
Ext2::alloc_block SLOW: 583 ticks (read bitmap: 583, write metadata: 0)
Ext2::alloc_block SLOW: 578 ticks (read bitmap: 578, write metadata: 0)
Ext2::alloc_block SLOW: 523 ticks (read bitmap: 523, write metadata: 0)
Ext2::alloc_block SLOW: 737 ticks (read bitmap: 737, write metadata: 0)
Ext2::alloc_block SLOW: 591 ticks (read bitmap: 591, write metadata: 0)
Ext2::alloc_block SLOW: 222 ticks (read bitmap: 222, write metadata: 0)
Ext2::alloc_block SLOW: 282 ticks (read bitmap: 282, write metadata: 0)
Ext2::alloc_block SLOW: 593 ticks (read bitmap: 593, write metadata: 0)
Ext2::alloc_block SLOW: 454 ticks (read bitmap: 454, write metadata: 0)
Ext2::alloc_block SLOW: 475 ticks (read bitmap: 475, write metadata: 0)
Ext2::alloc_block SLOW: 578 ticks (read bitmap: 578, write metadata: 0)
Ext2::alloc_block SLOW: 575 ticks (read bitmap: 575, write metadata: 0)
Ext2::alloc_block SLOW: 527 ticks (read bitmap: 527, write metadata: 0)
Ext2::alloc_block SLOW: 618 ticks (read bitmap: 618, write metadata: 0)
Ext2::alloc_block SLOW: 417 ticks (read bitmap: 417, write metadata: 0)
Ext2::alloc_block SLOW: 359 ticks (read bitmap: 359, write metadata: 0)
Ext2::alloc_block SLOW: 371 ticks (read bitmap: 371, write metadata: 0)
Ext2::alloc_block SLOW: 467 ticks (read bitmap: 467, write metadata: 0)
Ext2::alloc_block SLOW: 355 ticks (read bitmap: 355, write metadata: 0)
Ext2::alloc_block SLOW: 612 ticks (read bitmap: 612, write metadata: 0)
Ext2::alloc_block SLOW: 569 ticks (read bitmap: 569, write metadata: 0)
Ext2::alloc_block SLOW: 232 ticks (read bitmap: 232, write metadata: 0)
Ext2::alloc_block SLOW: 545 ticks (read bitmap: 545, write metadata: 0)
Ext2::alloc_block SLOW: 376 ticks (read bitmap: 376, write metadata: 0)
Ext2::alloc_block SLOW: 645 ticks (read bitmap: 645, write metadata: 0)
Ext2::alloc_block SLOW: 584 ticks (read bitmap: 584, write metadata: 0)
Ext2::alloc_block SLOW: 391 ticks (read bitmap: 391, write metadata: 0)
Ext2::alloc_block SLOW: 379 ticks (read bitmap: 379, write metadata: 0)
Ext2::alloc_block SLOW: 412 ticks (read bitmap: 412, write metadata: 0)
Ext2::alloc_block SLOW: 563 ticks (read bitmap: 563, write metadata: 0)
Ext2::alloc_block SLOW: 581 ticks (read bitmap: 581, write metadata: 0)
Ext2::alloc_block SLOW: 611 ticks (read bitmap: 611, write metadata: 0)
Ext2::alloc_block SLOW: 598 ticks (read bitmap: 598, write metadata: 0)
Ext2::alloc_block SLOW: 933 ticks (read bitmap: 933, write metadata: 0)
Ext2::alloc_block SLOW: 800 ticks (read bitmap: 800, write metadata: 0)
Ext2::alloc_block SLOW: 709 ticks (read bitmap: 709, write metadata: 0)
Ext2::alloc_block SLOW: 995 ticks (read bitmap: 995, write metadata: 0)
Ext2::alloc_block SLOW: 586 ticks (read bitmap: 586, write metadata: 0)
Ext2::alloc_block SLOW: 857 ticks (read bitmap: 857, write metadata: 0)
Ext2::alloc_block SLOW: 727 ticks (read bitmap: 727, write metadata: 0)
Ext2::alloc_block SLOW: 299 ticks (read bitmap: 299, write metadata: 0)
Ext2::alloc_block SLOW: 443 ticks (read bitmap: 443, write metadata: 0)
Ext2::alloc_block SLOW: 596 ticks (read bitmap: 596, write metadata: 0)
Ext2::alloc_block SLOW: 292 ticks (read bitmap: 292, write metadata: 0)
Ext2::alloc_block SLOW: 353 ticks (read bitmap: 353, write metadata: 0)
Ext2::alloc_block SLOW: 801 ticks (read bitmap: 801, write metadata: 0)
Ext2::alloc_block SLOW: 545 ticks (read bitmap: 545, write metadata: 0)
Ext2::alloc_block SLOW: 272 ticks (read bitmap: 272, write metadata: 0)
Ext2::alloc_block SLOW: 765 ticks (read bitmap: 765, write metadata: 0)
Ext2::alloc_block SLOW: 856 ticks (read bitmap: 856, write metadata: 0)
Ext2::alloc_block SLOW: 425 ticks (read bitmap: 425, write metadata: 0)
Ext2::alloc_block SLOW: 637 ticks (read bitmap: 637, write metadata: 0)
Ext2::alloc_block SLOW: 638 ticks (read bitmap: 638, write metadata: 0)
Ext2::alloc_block SLOW: 658 ticks (read bitmap: 658, write metadata: 0)
Ext2::alloc_block SLOW: 471 ticks (read bitmap: 471, write metadata: 0)
Ext2::alloc_block SLOW: 486 ticks (read bitmap: 486, write metadata: 0)
Ext2::alloc_block SLOW: 521 ticks (read bitmap: 521, write metadata: 0)
Ext2::alloc_block SLOW: 825 ticks (read bitmap: 825, write metadata: 0)
Ext2::alloc_block SLOW: 780 ticks (read bitmap: 780, write metadata: 0)
Ext2::alloc_block SLOW: 410 ticks (read bitmap: 410, write metadata: 0)
Ext2::alloc_block SLOW: 510 ticks (read bitmap: 510, write metadata: 0)
Ext2::alloc_block SLOW: 406 ticks (read bitmap: 406, write metadata: 0)
Ext2::alloc_block SLOW: 442 ticks (read bitmap: 442, write metadata: 0)
Ext2::alloc_block SLOW: 503 ticks (read bitmap: 503, write metadata: 0)
Ext2::alloc_block SLOW: 383 ticks (read bitmap: 383, write metadata: 0)
Ext2::alloc_block SLOW: 196 ticks (read bitmap: 196, write metadata: 0)
Ext2::alloc_block SLOW: 332 ticks (read bitmap: 332, write metadata: 0)
Ext2::alloc_block SLOW: 156 ticks (read bitmap: 156, write metadata: 0)
Ext2::alloc_block SLOW: 430 ticks (read bitmap: 430, write metadata: 0)
Ext2::alloc_block SLOW: 579 ticks (read bitmap: 579, write metadata: 0)
Ext2::alloc_block SLOW: 430 ticks (read bitmap: 430, write metadata: 0)
Ext2::alloc_block SLOW: 448 ticks (read bitmap: 448, write metadata: 0)
Ext2::alloc_block SLOW: 454 ticks (read bitmap: 454, write metadata: 0)
Ext2::alloc_block SLOW: 311 ticks (read bitmap: 311, write metadata: 0)
Ext2::alloc_block SLOW: 510 ticks (read bitmap: 510, write metadata: 0)
Ext2::alloc_block SLOW: 498 ticks (read bitmap: 498, write metadata: 0)
Ext2::alloc_block SLOW: 444 ticks (read bitmap: 444, write metadata: 0)
Ext2::alloc_block SLOW: 783 ticks (read bitmap: 783, write metadata: 0)
Ext2::alloc_block SLOW: 750 ticks (read bitmap: 750, write metadata: 0)
Ext2::alloc_block SLOW: 689 ticks (read bitmap: 689, write metadata: 0)
Ext2::alloc_block SLOW: 728 ticks (read bitmap: 728, write metadata: 0)
Ext2::alloc_block SLOW: 831 ticks (read bitmap: 831, write metadata: 0)
Ext2::alloc_block SLOW: 567 ticks (read bitmap: 567, write metadata: 0)
Ext2::alloc_block SLOW: 739 ticks (read bitmap: 739, write metadata: 0)
Ext2::alloc_block SLOW: 491 ticks (read bitmap: 491, write metadata: 0)
Ext2::alloc_block SLOW: 611 ticks (read bitmap: 611, write metadata: 0)
Ext2::alloc_block SLOW: 610 ticks (read bitmap: 610, write metadata: 0)
Ext2::alloc_block SLOW: 724 ticks (read bitmap: 724, write metadata: 0)
Ext2::alloc_block SLOW: 656 ticks (read bitmap: 656, write metadata: 0)
Ext2::alloc_block SLOW: 680 ticks (read bitmap: 680, write metadata: 0)
Ext2::alloc_block SLOW: 706 ticks (read bitmap: 706, write metadata: 0)
Ext2::alloc_block SLOW: 743 ticks (read bitmap: 743, write metadata: 0)
Ext2::alloc_block SLOW: 727 ticks (read bitmap: 727, write metadata: 0)
Ext2::alloc_block SLOW: 712 ticks (read bitmap: 712, write metadata: 0)
Ext2::alloc_block SLOW: 536 ticks (read bitmap: 536, write metadata: 0)
Ext2::alloc_block SLOW: 423 ticks (read bitmap: 423, write metadata: 0)
Ext2::alloc_block SLOW: 345 ticks (read bitmap: 345, write metadata: 0)
Ext2::alloc_block SLOW: 843 ticks (read bitmap: 843, write metadata: 0)
Ext2::alloc_block SLOW: 788 ticks (read bitmap: 788, write metadata: 0)
Ext2::alloc_block SLOW: 914 ticks (read bitmap: 914, write metadata: 0)
Ext2::alloc_block SLOW: 490 ticks (read bitmap: 490, write metadata: 0)
Ext2::alloc_block SLOW: 745 ticks (read bitmap: 745, write metadata: 0)
Ext2::alloc_block SLOW: 608 ticks (read bitmap: 608, write metadata: 0)
Ext2::alloc_block SLOW: 346 ticks (read bitmap: 346, write metadata: 0)
Ext2::alloc_block SLOW: 311 ticks (read bitmap: 311, write metadata: 0)
Ext2::alloc_block SLOW: 725 ticks (read bitmap: 725, write metadata: 0)
Ext2::alloc_block SLOW: 607 ticks (read bitmap: 607, write metadata: 0)
Ext2::alloc_block SLOW: 797 ticks (read bitmap: 797, write metadata: 0)
Ext2::alloc_block SLOW: 653 ticks (read bitmap: 653, write metadata: 0)
Ext2::alloc_block SLOW: 650 ticks (read bitmap: 650, write metadata: 0)
Ext2::alloc_block SLOW: 646 ticks (read bitmap: 646, write metadata: 0)
Ext2::alloc_block SLOW: 414 ticks (read bitmap: 414, write metadata: 0)
Ext2::alloc_block SLOW: 462 ticks (read bitmap: 462, write metadata: 0)
Ext2::alloc_block SLOW: 526 ticks (read bitmap: 526, write metadata: 0)
Ext2::alloc_block SLOW: 326 ticks (read bitmap: 326, write metadata: 0)
Ext2::alloc_block SLOW: 771 ticks (read bitmap: 771, write metadata: 0)
Ext2::alloc_block SLOW: 583 ticks (read bitmap: 583, write metadata: 0)
Ext2::alloc_block SLOW: 748 ticks (read bitmap: 748, write metadata: 0)
Ext2::alloc_block SLOW: 643 ticks (read bitmap: 643, write metadata: 0)
Ext2::alloc_block SLOW: 691 ticks (read bitmap: 691, write metadata: 0)
Ext2::alloc_block SLOW: 695 ticks (read bitmap: 695, write metadata: 0)
Ext2::alloc_block SLOW: 737 ticks (read bitmap: 737, write metadata: 0)
Ext2::alloc_block SLOW: 510 ticks (read bitmap: 510, write metadata: 0)
Ext2::alloc_block SLOW: 692 ticks (read bitmap: 692, write metadata: 0)
Ext2::alloc_block SLOW: 735 ticks (read bitmap: 735, write metadata: 0)
Ext2::alloc_block SLOW: 861 ticks (read bitmap: 861, write metadata: 0)
Ext2::alloc_block SLOW: 778 ticks (read bitmap: 778, write metadata: 0)
Ext2::alloc_block SLOW: 860 ticks (read bitmap: 860, write metadata: 0)
Ext2::alloc_block SLOW: 342 ticks (read bitmap: 342, write metadata: 0)
Ext2::alloc_block SLOW: 886 ticks (read bitmap: 886, write metadata: 0)
Ext2::alloc_block SLOW: 306 ticks (read bitmap: 306, write metadata: 0)
Ext2::alloc_block SLOW: 473 ticks (read bitmap: 473, write metadata: 0)
Ext2::alloc_block SLOW: 1110 ticks (read bitmap: 1110, write metadata: 0)
Ext2::alloc_block SLOW: 655 ticks (read bitmap: 655, write metadata: 0)
Ext2::alloc_block SLOW: 724 ticks (read bitmap: 724, write metadata: 0)
Ext2::alloc_block SLOW: 223 ticks (read bitmap: 223, write metadata: 0)
Ext2::alloc_block SLOW: 395 ticks (read bitmap: 395, write metadata: 0)
Ext2::alloc_block SLOW: 397 ticks (read bitmap: 397, write metadata: 0)
Ext2::alloc_block SLOW: 276 ticks (read bitmap: 276, write metadata: 0)
Ext2::alloc_block SLOW: 303 ticks (read bitmap: 303, write metadata: 0)
Ext2::alloc_block SLOW: 557 ticks (read bitmap: 557, write metadata: 0)
Ext2::alloc_block SLOW: 327 ticks (read bitmap: 327, write metadata: 0)
Ext2::alloc_block SLOW: 688 ticks (read bitmap: 688, write metadata: 0)
Ext2::alloc_block SLOW: 723 ticks (read bitmap: 723, write metadata: 0)
Ext2::alloc_block SLOW: 837 ticks (read bitmap: 837, write metadata: 0)
Ext2::alloc_block SLOW: 735 ticks (read bitmap: 735, write metadata: 0)
Ext2::alloc_block SLOW: 325 ticks (read bitmap: 325, write metadata: 0)
Ext2::alloc_block SLOW: 827 ticks (read bitmap: 827, write metadata: 0)
Ext2::alloc_block SLOW: 839 ticks (read bitmap: 839, write metadata: 0)
Ext2::alloc_block SLOW: 356 ticks (read bitmap: 356, write metadata: 0)
Ext2::alloc_block SLOW: 279 ticks (read bitmap: 279, write metadata: 0)
Ext2::alloc_block SLOW: 692 ticks (read bitmap: 692, write metadata: 0)
Ext2::alloc_block SLOW: 625 ticks (read bitmap: 625, write metadata: 0)
Ext2::alloc_block SLOW: 769 ticks (read bitmap: 769, write metadata: 0)
Ext2::alloc_block SLOW: 743 ticks (read bitmap: 743, write metadata: 0)
Ext2::alloc_block SLOW: 671 ticks (read bitmap: 671, write metadata: 0)
Ext2::alloc_block SLOW: 657 ticks (read bitmap: 657, write metadata: 0)
Ext2::alloc_block SLOW: 429 ticks (read bitmap: 429, write metadata: 0)
Ext2::alloc_block SLOW: 458 ticks (read bitmap: 458, write metadata: 0)
Ext2::alloc_block SLOW: 506 ticks (read bitmap: 506, write metadata: 0)
Ext2::alloc_block SLOW: 589 ticks (read bitmap: 589, write metadata: 0)
Ext2::alloc_block SLOW: 564 ticks (read bitmap: 564, write metadata: 0)
Ext2::alloc_block SLOW: 879 ticks (read bitmap: 879, write metadata: 0)
Ext2::alloc_block SLOW: 645 ticks (read bitmap: 645, write metadata: 0)
Ext2::alloc_block SLOW: 542 ticks (read bitmap: 542, write metadata: 0)
Ext2::alloc_block SLOW: 451 ticks (read bitmap: 451, write metadata: 0)
Ext2::alloc_block SLOW: 352 ticks (read bitmap: 352, write metadata: 0)
Ext2::alloc_block SLOW: 141 ticks (read bitmap: 141, write metadata: 0)
Ext2::alloc_block SLOW: 239 ticks (read bitmap: 239, write metadata: 0)
Ext2::alloc_block SLOW: 208 ticks (read bitmap: 208, write metadata: 0)
Ext2::alloc_block SLOW: 704 ticks (read bitmap: 704, write metadata: 0)
Ext2::alloc_block SLOW: 675 ticks (read bitmap: 675, write metadata: 0)
Ext2::alloc_block SLOW: 675 ticks (read bitmap: 675, write metadata: 0)
Ext2::alloc_block SLOW: 662 ticks (read bitmap: 662, write metadata: 0)
Ext2::alloc_block SLOW: 748 ticks (read bitmap: 748, write metadata: 0)
Ext2::alloc_block SLOW: 751 ticks (read bitmap: 751, write metadata: 0)
Ext2::alloc_block SLOW: 836 ticks (read bitmap: 836, write metadata: 0)
Ext2::alloc_block SLOW: 573 ticks (read bitmap: 573, write metadata: 0)
Ext2::alloc_block SLOW: 429 ticks (read bitmap: 429, write metadata: 0)
Ext2::alloc_block SLOW: 691 ticks (read bitmap: 691, write metadata: 0)
Ext2::alloc_block SLOW: 675 ticks (read bitmap: 675, write metadata: 0)
Ext2::alloc_block SLOW: 764 ticks (read bitmap: 764, write metadata: 0)
Ext2::alloc_block SLOW: 823 ticks (read bitmap: 823, write metadata: 0)
Ext2::alloc_block SLOW: 417 ticks (read bitmap: 417, write metadata: 0)
Ext2::alloc_block SLOW: 639 ticks (read bitmap: 639, write metadata: 0)
Ext2::alloc_block SLOW: 747 ticks (read bitmap: 747, write metadata: 0)
Ext2::alloc_block SLOW: 693 ticks (read bitmap: 693, write metadata: 0)
Ext2::alloc_block SLOW: 729 ticks (read bitmap: 729, write metadata: 0)
Ext2::alloc_block SLOW: 692 ticks (read bitmap: 692, write metadata: 0)
Ext2::alloc_block SLOW: 733 ticks (read bitmap: 733, write metadata: 0)
Ext2::alloc_block SLOW: 830 ticks (read bitmap: 830, write metadata: 0)
Ext2::alloc_block SLOW: 864 ticks (read bitmap: 864, write metadata: 0)
Ext2::alloc_block SLOW: 233 ticks (read bitmap: 233, write metadata: 0)
Ext2::alloc_block SLOW: 948 ticks (read bitmap: 948, write metadata: 0)
Ext2::alloc_block SLOW: 686 ticks (read bitmap: 686, write metadata: 0)
Ext2::alloc_block SLOW: 656 ticks (read bitmap: 656, write metadata: 0)
Ext2::alloc_block SLOW: 741 ticks (read bitmap: 741, write metadata: 0)
Ext2::alloc_block SLOW: 900 ticks (read bitmap: 900, write metadata: 0)
Ext2::alloc_block SLOW: 729 ticks (read bitmap: 729, write metadata: 0)
Ext2::alloc_block SLOW: 788 ticks (read bitmap: 788, write metadata: 0)
Ext2::alloc_block SLOW: 650 ticks (read bitmap: 650, write metadata: 0)
Ext2::alloc_block SLOW: 683 ticks (read bitmap: 683, write metadata: 0)
Ext2::alloc_block SLOW: 680 ticks (read bitmap: 680, write metadata: 0)
Ext2::alloc_block SLOW: 706 ticks (read bitmap: 706, write metadata: 0)
Ext2::alloc_block SLOW: 749 ticks (read bitmap: 749, write metadata: 0)
Ext2::alloc_block SLOW: 713 ticks (read bitmap: 713, write metadata: 0)
Ext2::alloc_block SLOW: 772 ticks (read bitmap: 772, write metadata: 0)
Ext2::alloc_block SLOW: 823 ticks (read bitmap: 823, write metadata: 0)
Ext2::alloc_block SLOW: 721 ticks (read bitmap: 721, write metadata: 0)
Ext2::alloc_block SLOW: 745 ticks (read bitmap: 745, write metadata: 0)
Ext2::alloc_block SLOW: 680 ticks (read bitmap: 680, write metadata: 0)
Ext2::alloc_block SLOW: 706 ticks (read bitmap: 706, write metadata: 0)
Ext2::alloc_block SLOW: 727 ticks (read bitmap: 727, write metadata: 0)
Ext2::alloc_block SLOW: 746 ticks (read bitmap: 746, write metadata: 0)
Ext2::alloc_block SLOW: 500 ticks (read bitmap: 500, write metadata: 0)
Ext2::alloc_block SLOW: 667 ticks (read bitmap: 667, write metadata: 0)
Ext2::alloc_block SLOW: 770 ticks (read bitmap: 770, write metadata: 0)
Ext2::alloc_block SLOW: 745 ticks (read bitmap: 745, write metadata: 0)
Ext2::alloc_block SLOW: 773 ticks (read bitmap: 773, write metadata: 0)
Ext2::alloc_block SLOW: 639 ticks (read bitmap: 639, write metadata: 0)
Ext2::alloc_block SLOW: 627 ticks (read bitmap: 627, write metadata: 0)
Ext2::alloc_block SLOW: 517 ticks (read bitmap: 517, write metadata: 0)
Ext2::alloc_block SLOW: 366 ticks (read bitmap: 366, write metadata: 0)
Ext2::alloc_block SLOW: 266 ticks (read bitmap: 266, write metadata: 0)
Ext2::alloc_block SLOW: 610 ticks (read bitmap: 610, write metadata: 0)
Ext2::alloc_block SLOW: 686 ticks (read bitmap: 686, write metadata: 0)
Ext2::alloc_block SLOW: 748 ticks (read bitmap: 748, write metadata: 0)
Ext2::alloc_block SLOW: 982 ticks (read bitmap: 982, write metadata: 0)
Ext2::alloc_block SLOW: 106 ticks (read bitmap: 106, write metadata: 0)
Ext2::alloc_block SLOW: 109 ticks (read bitmap: 109, write metadata: 0)
Ext2::alloc_block SLOW: 131 ticks (read bitmap: 131, write metadata: 0)
Ext2::alloc_block SLOW: 95 ticks (read bitmap: 95, write metadata: 0)
Ext2::alloc_block SLOW: 57 ticks (read bitmap: 57, write metadata: 0)
Ext2::alloc_block SLOW: 51 ticks (read bitmap: 51, write metadata: 0)
Ext2::alloc_block SLOW: 67 ticks (read bitmap: 67, write metadata: 0)
Ext2::alloc_block SLOW: 49 ticks (read bitmap: 49, write metadata: 0)
Ext2::alloc_block SLOW: 64 ticks (read bitmap: 64, write metadata: 0)
Ext2::alloc_block SLOW: 280 ticks (read bitmap: 280, write metadata: 0)
Ext2::alloc_block SLOW: 262 ticks (read bitmap: 262, write metadata: 0)
Ext2::alloc_block SLOW: 230 ticks (read bitmap: 230, write metadata: 0)
Ext2::alloc_block SLOW: 339 ticks (read bitmap: 339, write metadata: 0)
Ext2::alloc_block SLOW: 272 ticks (read bitmap: 272, write metadata: 0)
Ext2::alloc_block SLOW: 457 ticks (read bitmap: 457, write metadata: 0)
Ext2::alloc_block SLOW: 266 ticks (read bitmap: 266, write metadata: 0)
Ext2::alloc_block SLOW: 252 ticks (read bitmap: 252, write metadata: 0)
Ext2::alloc_block SLOW: 73 ticks (read bitmap: 73, write metadata: 0)
Ext2::alloc_block SLOW: 249 ticks (read bitmap: 249, write metadata: 0)
Ext2::alloc_block SLOW: 474 ticks (read bitmap: 474, write metadata: 0)
Ext2::alloc_block SLOW: 941 ticks (read bitmap: 941, write metadata: 0)
Ext2::alloc_block SLOW: 723 ticks (read bitmap: 723, write metadata: 0)
Ext2::alloc_block SLOW: 619 ticks (read bitmap: 619, write metadata: 0)
Ext2::alloc_block SLOW: 671 ticks (read bitmap: 671, write metadata: 0)
Ext2::alloc_block SLOW: 566 ticks (read bitmap: 566, write metadata: 0)
Ext2::alloc_block SLOW: 622 ticks (read bitmap: 622, write metadata: 0)
Ext2::alloc_block SLOW: 571 ticks (read bitmap: 571, write metadata: 0)
Ext2::alloc_block SLOW: 755 ticks (read bitmap: 755, write metadata: 0)
Ext2::alloc_block SLOW: 683 ticks (read bitmap: 683, write metadata: 0)
Ext2::alloc_block SLOW: 709 ticks (read bitmap: 709, write metadata: 0)
Ext2::alloc_block SLOW: 745 ticks (read bitmap: 745, write metadata: 0)
Ext2::alloc_block SLOW: 776 ticks (read bitmap: 776, write metadata: 0)
Ext2::alloc_block SLOW: 673 ticks (read bitmap: 673, write metadata: 0)
Ext2::alloc_block SLOW: 443 ticks (read bitmap: 443, write metadata: 0)
Ext2::alloc_block SLOW: 492 ticks (read bitmap: 492, write metadata: 0)
Ext2::alloc_block SLOW: 304 ticks (read bitmap: 304, write metadata: 0)
Ext2::alloc_block SLOW: 762 ticks (read bitmap: 762, write metadata: 0)
Ext2::alloc_block SLOW: 708 ticks (read bitmap: 708, write metadata: 0)
Ext2::alloc_block SLOW: 742 ticks (read bitmap: 742, write metadata: 0)
Ext2::alloc_block SLOW: 773 ticks (read bitmap: 773, write metadata: 0)
Ext2::alloc_block SLOW: 360 ticks (read bitmap: 360, write metadata: 0)
Ext2::alloc_block SLOW: 931 ticks (read bitmap: 931, write metadata: 0)
Ext2::alloc_block SLOW: 653 ticks (read bitmap: 653, write metadata: 0)
Ext2::alloc_block SLOW: 742 ticks (read bitmap: 742, write metadata: 0)
Ext2::alloc_block SLOW: 309 ticks (read bitmap: 309, write metadata: 0)
Ext2::alloc_block SLOW: 983 ticks (read bitmap: 983, write metadata: 0)
Ext2::alloc_block SLOW: 293 ticks (read bitmap: 293, write metadata: 0)
Ext2::alloc_block SLOW: 515 ticks (read bitmap: 515, write metadata: 0)
Ext2::alloc_block SLOW: 294 ticks (read bitmap: 294, write metadata: 0)
Ext2::alloc_block SLOW: 448 ticks (read bitmap: 448, write metadata: 0)
Ext2::alloc_block SLOW: 792 ticks (read bitmap: 792, write metadata: 0)
Ext2::alloc_block SLOW: 691 ticks (read bitmap: 691, write metadata: 0)
Ext2::alloc_block SLOW: 595 ticks (read bitmap: 595, write metadata: 0)
Ext2::alloc_block SLOW: 488 ticks (read bitmap: 488, write metadata: 0)
Ext2::alloc_block SLOW: 561 ticks (read bitmap: 561, write metadata: 0)
Ext2::alloc_block SLOW: 690 ticks (read bitmap: 690, write metadata: 0)
Ext2::alloc_block SLOW: 601 ticks (read bitmap: 601, write metadata: 0)
Ext2::alloc_block SLOW: 512 ticks (read bitmap: 512, write metadata: 0)
Ext2::alloc_block SLOW: 1020 ticks (read bitmap: 1020, write metadata: 0)
Ext2::alloc_block SLOW: 874 ticks (read bitmap: 874, write metadata: 0)
Ext2::alloc_block SLOW: 535 ticks (read bitmap: 535, write metadata: 0)
Ext2::alloc_block SLOW: 812 ticks (read bitmap: 812, write metadata: 0)
Ext2::alloc_block SLOW: 260 ticks (read bitmap: 260, write metadata: 0)
Ext2::alloc_block SLOW: 63 ticks (read bitmap: 63, write metadata: 0)
Ext2::alloc_block SLOW: 70 ticks (read bitmap: 70, write metadata: 0)
Ext2::alloc_block SLOW: 324 ticks (read bitmap: 324, write metadata: 0)
Ext2::alloc_block SLOW: 144 ticks (read bitmap: 144, write metadata: 0)
Ext2::alloc_block SLOW: 374 ticks (read bitmap: 374, write metadata: 0)
Ext2::alloc_block SLOW: 289 ticks (read bitmap: 289, write metadata: 0)
Ext2::alloc_block SLOW: 281 ticks (read bitmap: 281, write metadata: 0)
Ext2::alloc_block SLOW: 287 ticks (read bitmap: 287, write metadata: 0)
Ext2::alloc_block SLOW: 284 ticks (read bitmap: 284, write metadata: 0)
Ext2::alloc_block SLOW: 273 ticks (read bitmap: 273, write metadata: 0)
Ext2::alloc_block SLOW: 359 ticks (read bitmap: 359, write metadata: 0)
Ext2::alloc_block SLOW: 624 ticks (read bitmap: 624, write metadata: 0)
Ext2::alloc_block SLOW: 527 ticks (read bitmap: 527, write metadata: 0)
Ext2::alloc_block SLOW: 319 ticks (read bitmap: 319, write metadata: 0)
Ext2::alloc_block SLOW: 562 ticks (read bitmap: 562, write metadata: 0)
Ext2::alloc_block SLOW: 205 ticks (read bitmap: 205, write metadata: 0)
Ext2::alloc_block SLOW: 127 ticks (read bitmap: 127, write metadata: 0)
Ext2::alloc_block SLOW: 490 ticks (read bitmap: 490, write metadata: 0)
Ext2::alloc_block SLOW: 133 ticks (read bitmap: 133, write metadata: 0)
Ext2::alloc_block SLOW: 298 ticks (read bitmap: 298, write metadata: 0)
Ext2::alloc_block SLOW: 4024 ticks (read bitmap: 4024, write metadata: 0)
Ext2::alloc_block SLOW: 148 ticks (read bitmap: 148, write metadata: 0)
Ext2::alloc_block SLOW: 172 ticks (read bitmap: 172, write metadata: 0)
Ext2::alloc_block SLOW: 1383 ticks (read bitmap: 1383, write metadata: 0)
Ext2::alloc_block SLOW: 176 ticks (read bitmap: 176, write metadata: 0)
Ext2::alloc_block SLOW: 428 ticks (read bitmap: 428, write metadata: 0)
Ext2::alloc_block SLOW: 138 ticks (read bitmap: 138, write metadata: 0)
Ext2::alloc_block SLOW: 1656 ticks (read bitmap: 1656, write metadata: 0)
Ext2::alloc_block SLOW: 113 ticks (read bitmap: 113, write metadata: 0)
Ext2::alloc_block SLOW: 208 ticks (read bitmap: 208, write metadata: 0)
Ext2::alloc_block SLOW: 102 ticks (read bitmap: 102, write metadata: 0)
Ext2::alloc_block SLOW: 858 ticks (read bitmap: 858, write metadata: 0)
Ext2::alloc_block SLOW: 143 ticks (read bitmap: 143, write metadata: 0)
Ext2::alloc_block SLOW: 1215 ticks (read bitmap: 1215, write metadata: 0)
Ext2::alloc_block SLOW: 174 ticks (read bitmap: 174, write metadata: 0)
Ext2::alloc_block SLOW: 372 ticks (read bitmap: 372, write metadata: 0)
Ext2::alloc_block SLOW: 137 ticks (read bitmap: 137, write metadata: 0)
Ext2::alloc_block SLOW: 107 ticks (read bitmap: 107, write metadata: 0)
Ext2::alloc_block SLOW: 97 ticks (read bitmap: 97, write metadata: 0)
Ext2::alloc_block SLOW: 282 ticks (read bitmap: 282, write metadata: 0)
Ext2::alloc_block SLOW: 76 ticks (read bitmap: 76, write metadata: 0)
Ext2::alloc_block SLOW: 250 ticks (read bitmap: 250, write metadata: 0)
Ext2::alloc_block SLOW: 959 ticks (read bitmap: 959, write metadata: 0)
Ext2::alloc_block SLOW: 635 ticks (read bitmap: 635, write metadata: 0)
Ext2::alloc_block SLOW: 728 ticks (read bitmap: 728, write metadata: 0)
Ext2::alloc_block SLOW: 446 ticks (read bitmap: 446, write metadata: 0)
Ext2::alloc_block SLOW: 252 ticks (read bitmap: 252, write metadata: 0)
Ext2::alloc_block SLOW: 561 ticks (read bitmap: 561, write metadata: 0)
Ext2::alloc_block SLOW: 512 ticks (read bitmap: 512, write metadata: 0)
Ext2::alloc_block SLOW: 503 ticks (read bitmap: 503, write metadata: 0)
Ext2::alloc_block SLOW: 403 ticks (read bitmap: 403, write metadata: 0)
Ext2::alloc_block SLOW: 467 ticks (read bitmap: 467, write metadata: 0)
Ext2::alloc_block SLOW: 224 ticks (read bitmap: 224, write metadata: 0)
Ext2::alloc_block SLOW: 874 ticks (read bitmap: 874, write metadata: 0)
Ext2::alloc_block SLOW: 748 ticks (read bitmap: 748, write metadata: 0)
Ext2::alloc_block SLOW: 585 ticks (read bitmap: 585, write metadata: 0)
Ext2::alloc_block SLOW: 871 ticks (read bitmap: 871, write metadata: 0)
Ext2::alloc_block SLOW: 708 ticks (read bitmap: 708, write metadata: 0)
Ext2::alloc_block SLOW: 730 ticks (read bitmap: 730, write metadata: 0)
Ext2::alloc_block SLOW: 550 ticks (read bitmap: 550, write metadata: 0)
Ext2::alloc_block SLOW: 529 ticks (read bitmap: 529, write metadata: 0)
Ext2::alloc_block SLOW: 759 ticks (read bitmap: 759, write metadata: 0)
Ext2::alloc_block SLOW: 917 ticks (read bitmap: 917, write metadata: 0)
Ext2::alloc_block SLOW: 859 ticks (read bitmap: 859, write metadata: 0)
Ext2::alloc_block SLOW: 739 ticks (read bitmap: 739, write metadata: 0)
Ext2::alloc_block SLOW: 743 ticks (read bitmap: 743, write metadata: 0)
Ext2::alloc_block SLOW: 789 ticks (read bitmap: 789, write metadata: 0)
Ext2::alloc_block SLOW: 491 ticks (read bitmap: 491, write metadata: 0)
Ext2::alloc_block SLOW: 484 ticks (read bitmap: 484, write metadata: 0)
Ext2::alloc_block SLOW: 516 ticks (read bitmap: 516, write metadata: 0)
Ext2::alloc_block SLOW: 775 ticks (read bitmap: 775, write metadata: 0)
Ext2::alloc_block SLOW: 796 ticks (read bitmap: 796, write metadata: 0)
Ext2::alloc_block SLOW: 780 ticks (read bitmap: 780, write metadata: 0)
Ext2::alloc_block SLOW: 772 ticks (read bitmap: 772, write metadata: 0)
Ext2::alloc_block SLOW: 736 ticks (read bitmap: 736, write metadata: 0)
Ext2::alloc_block SLOW: 734 ticks (read bitmap: 734, write metadata: 0)
Ext2::alloc_block SLOW: 809 ticks (read bitmap: 809, write metadata: 0)
Ext2::alloc_block SLOW: 544 ticks (read bitmap: 544, write metadata: 0)
Ext2::alloc_block SLOW: 492 ticks (read bitmap: 492, write metadata: 0)
Ext2::alloc_block SLOW: 714 ticks (read bitmap: 714, write metadata: 0)
Ext2::alloc_block SLOW: 742 ticks (read bitmap: 742, write metadata: 0)
Ext2::alloc_block SLOW: 765 ticks (read bitmap: 765, write metadata: 0)
Ext2::alloc_block SLOW: 915 ticks (read bitmap: 915, write metadata: 0)
Ext2::alloc_block SLOW: 517 ticks (read bitmap: 517, write metadata: 0)
Ext2::alloc_block SLOW: 637 ticks (read bitmap: 637, write metadata: 0)
Ext2::alloc_block SLOW: 678 ticks (read bitmap: 678, write metadata: 0)
Ext2::alloc_block SLOW: 253 ticks (read bitmap: 253, write metadata: 0)
Ext2::alloc_block SLOW: 185 ticks (read bitmap: 185, write metadata: 0)
Ext2::alloc_block SLOW: 409 ticks (read bitmap: 409, write metadata: 0)
Ext2::alloc_block SLOW: 706 ticks (read bitmap: 706, write metadata: 0)
Ext2::alloc_block SLOW: 669 ticks (read bitmap: 669, write metadata: 0)
Ext2::alloc_block SLOW: 712 ticks (read bitmap: 712, write metadata: 0)
Ext2::alloc_block SLOW: 469 ticks (read bitmap: 469, write metadata: 0)
Ext2::alloc_block SLOW: 633 ticks (read bitmap: 633, write metadata: 0)
Ext2::alloc_block SLOW: 729 ticks (read bitmap: 729, write metadata: 0)
Ext2::alloc_block SLOW: 428 ticks (read bitmap: 428, write metadata: 0)
Ext2::alloc_block SLOW: 462 ticks (read bitmap: 462, write metadata: 0)
Ext2::alloc_block SLOW: 460 ticks (read bitmap: 460, write metadata: 0)
Ext2::alloc_block SLOW: 879 ticks (read bitmap: 879, write metadata: 0)
Ext2::alloc_block SLOW: 667 ticks (read bitmap: 667, write metadata: 0)
Ext2::alloc_block SLOW: 481 ticks (read bitmap: 481, write metadata: 0)
Ext2::alloc_block SLOW: 228 ticks (read bitmap: 228, write metadata: 0)
Ext2::alloc_block SLOW: 377 ticks (read bitmap: 377, write metadata: 0)
Ext2::alloc_block SLOW: 494 ticks (read bitmap: 494, write metadata: 0)
Ext2::alloc_block SLOW: 424 ticks (read bitmap: 424, write metadata: 0)
Ext2::alloc_block SLOW: 469 ticks (read bitmap: 469, write metadata: 0)
Ext2::alloc_block SLOW: 518 ticks (read bitmap: 518, write metadata: 0)
Ext2::alloc_block SLOW: 244 ticks (read bitmap: 244, write metadata: 0)
Ext2::alloc_block SLOW: 603 ticks (read bitmap: 603, write metadata: 0)
Ext2::alloc_block SLOW: 617 ticks (read bitmap: 617, write metadata: 0)
Ext2::alloc_block SLOW: 1003 ticks (read bitmap: 1003, write metadata: 0)
Ext2::alloc_block SLOW: 587 ticks (read bitmap: 587, write metadata: 0)
Ext2::alloc_block SLOW: 648 ticks (read bitmap: 648, write metadata: 0)
Ext2::alloc_block SLOW: 675 ticks (read bitmap: 675, write metadata: 0)
Ext2::alloc_block SLOW: 776 ticks (read bitmap: 776, write metadata: 0)
Ext2::alloc_block SLOW: 541 ticks (read bitmap: 541, write metadata: 0)
Ext2::alloc_block SLOW: 377 ticks (read bitmap: 377, write metadata: 0)
Ext2::alloc_block SLOW: 306 ticks (read bitmap: 306, write metadata: 0)
Ext2::alloc_block SLOW: 715 ticks (read bitmap: 715, write metadata: 0)
Ext2::alloc_block SLOW: 278 ticks (read bitmap: 278, write metadata: 0)
Ext2::alloc_block SLOW: 808 ticks (read bitmap: 808, write metadata: 0)
Ext2::alloc_block SLOW: 190 ticks (read bitmap: 190, write metadata: 0)
Ext2::alloc_block SLOW: 881 ticks (read bitmap: 881, write metadata: 0)
Ext2::alloc_block SLOW: 676 ticks (read bitmap: 676, write metadata: 0)
Ext2::alloc_block SLOW: 319 ticks (read bitmap: 319, write metadata: 0)
Ext2::alloc_block SLOW: 265 ticks (read bitmap: 265, write metadata: 0)
Ext2::alloc_block SLOW: 63 ticks (read bitmap: 63, write metadata: 0)
Ext2::alloc_block SLOW: 242 ticks (read bitmap: 242, write metadata: 0)
Ext2::alloc_block SLOW: 323 ticks (read bitmap: 323, write metadata: 0)
Ext2::alloc_block SLOW: 314 ticks (read bitmap: 314, write metadata: 0)
Ext2::alloc_block SLOW: 110 ticks (read bitmap: 110, write metadata: 0)
Ext2::alloc_block SLOW: 77 ticks (read bitmap: 77, write metadata: 0)
Ext2::alloc_block SLOW: 95 ticks (read bitmap: 95, write metadata: 0)
Ext2::alloc_block SLOW: 419 ticks (read bitmap: 419, write metadata: 0)
Ext2::alloc_block SLOW: 347 ticks (read bitmap: 347, write metadata: 0)
Ext2::alloc_block SLOW: 100 ticks (read bitmap: 100, write metadata: 0)
Ext2::alloc_block SLOW: 65 ticks (read bitmap: 65, write metadata: 0)
Ext2::alloc_block SLOW: 44 ticks (read bitmap: 44, write metadata: 0)
Ext2::alloc_block SLOW: 774 ticks (read bitmap: 774, write metadata: 0)
Ext2::alloc_block SLOW: 454 ticks (read bitmap: 454, write metadata: 0)
Ext2::alloc_block SLOW: 716 ticks (read bitmap: 716, write metadata: 0)
Ext2::alloc_block SLOW: 650 ticks (read bitmap: 650, write metadata: 0)
Ext2::alloc_block SLOW: 275 ticks (read bitmap: 275, write metadata: 0)
Ext2::alloc_block SLOW: 296 ticks (read bitmap: 296, write metadata: 0)
Ext2::alloc_block SLOW: 273 ticks (read bitmap: 273, write metadata: 0)
Ext2::alloc_block SLOW: 275 ticks (read bitmap: 275, write metadata: 0)
Ext2::alloc_block SLOW: 416 ticks (read bitmap: 416, write metadata: 0)
Ext2::alloc_block SLOW: 433 ticks (read bitmap: 433, write metadata: 0)
Ext2::alloc_block SLOW: 358 ticks (read bitmap: 358, write metadata: 0)
Ext2::alloc_block SLOW: 170 ticks (read bitmap: 170, write metadata: 0)
Ext2::alloc_block SLOW: 363 ticks (read bitmap: 363, write metadata: 0)
Ext2::alloc_block SLOW: 297 ticks (read bitmap: 297, write metadata: 0)
Ext2::alloc_block SLOW: 342 ticks (read bitmap: 342, write metadata: 0)
Ext2::alloc_block SLOW: 270 ticks (read bitmap: 270, write metadata: 0)
Ext2::alloc_block SLOW: 256 ticks (read bitmap: 256, write metadata: 0)
Ext2::alloc_block SLOW: 252 ticks (read bitmap: 252, write metadata: 0)
Ext2::alloc_block SLOW: 249 ticks (read bitmap: 249, write metadata: 0)
Ext2::alloc_block SLOW: 458 ticks (read bitmap: 458, write metadata: 0)
Ext2::alloc_block SLOW: 694 ticks (read bitmap: 694, write metadata: 0)
Ext2::alloc_block SLOW: 732 ticks (read bitmap: 732, write metadata: 0)
Ext2::alloc_block SLOW: 651 ticks (read bitmap: 651, write metadata: 0)
Ext2::alloc_block SLOW: 615 ticks (read bitmap: 615, write metadata: 0)
Ext2::alloc_block SLOW: 737 ticks (read bitmap: 737, write metadata: 0)
Ext2::alloc_block SLOW: 554 ticks (read bitmap: 554, write metadata: 0)
Ext2::alloc_block SLOW: 845 ticks (read bitmap: 845, write metadata: 0)
Ext2::alloc_block SLOW: 287 ticks (read bitmap: 287, write metadata: 0)
Ext2::alloc_block SLOW: 115 ticks (read bitmap: 115, write metadata: 0)
Ext2::alloc_block SLOW: 106 ticks (read bitmap: 106, write metadata: 0)
Ext2::alloc_block SLOW: 249 ticks (read bitmap: 249, write metadata: 0)
Ext2::alloc_block SLOW: 110 ticks (read bitmap: 110, write metadata: 0)
Ext2::alloc_block SLOW: 272 ticks (read bitmap: 272, write metadata: 0)
Ext2::alloc_block SLOW: 284 ticks (read bitmap: 284, write metadata: 0)
Ext2::alloc_block SLOW: 256 ticks (read bitmap: 256, write metadata: 0)
Ext2::alloc_block SLOW: 264 ticks (read bitmap: 264, write metadata: 0)
Ext2::alloc_block SLOW: 621 ticks (read bitmap: 621, write metadata: 0)
Ext2::alloc_block SLOW: 758 ticks (read bitmap: 758, write metadata: 0)
Ext2::alloc_block SLOW: 497 ticks (read bitmap: 497, write metadata: 0)
Ext2::alloc_block SLOW: 431 ticks (read bitmap: 431, write metadata: 0)
Ext2::alloc_block SLOW: 82 ticks (read bitmap: 82, write metadata: 0)
Ext2::alloc_block SLOW: 61 ticks (read bitmap: 61, write metadata: 0)
Ext2::alloc_block SLOW: 48 ticks (read bitmap: 48, write metadata: 0)
Ext2::alloc_block SLOW: 58 ticks (read bitmap: 58, write metadata: 0)
Ext2::alloc_block SLOW: 56 ticks (read bitmap: 56, write metadata: 0)
Ext2::alloc_block SLOW: 61 ticks (read bitmap: 61, write metadata: 0)
Ext2::alloc_block SLOW: 54 ticks (read bitmap: 54, write metadata: 0)
Ext2::alloc_block SLOW: 262 ticks (read bitmap: 262, write metadata: 0)
Ext2::alloc_block SLOW: 98 ticks (read bitmap: 98, write metadata: 0)
Ext2::alloc_block SLOW: 66 ticks (read bitmap: 66, write metadata: 0)
Ext2::alloc_block SLOW: 78 ticks (read bitmap: 78, write metadata: 0)
Ext2::alloc_block SLOW: 296 ticks (read bitmap: 296, write metadata: 0)
Ext2::alloc_block SLOW: 320 ticks (read bitmap: 320, write metadata: 0)
Ext2::alloc_block SLOW: 283 ticks (read bitmap: 283, write metadata: 0)
Ext2::alloc_block SLOW: 238 ticks (read bitmap: 238, write metadata: 0)
Ext2::alloc_block SLOW: 221 ticks (read bitmap: 221, write metadata: 0)
Ext2::alloc_block SLOW: 296 ticks (read bitmap: 296, write metadata: 0)
Ext2::alloc_block SLOW: 228 ticks (read bitmap: 228, write metadata: 0)
Ext2::alloc_block SLOW: 226 ticks (read bitmap: 226, write metadata: 0)
Ext2::alloc_block SLOW: 263 ticks (read bitmap: 263, write metadata: 0)
Ext2::alloc_block SLOW: 219 ticks (read bitmap: 219, write metadata: 0)
Ext2::alloc_block SLOW: 228 ticks (read bitmap: 228, write metadata: 0)
Ext2::alloc_block SLOW: 269 ticks (read bitmap: 269, write metadata: 0)
Ext2::alloc_block SLOW: 218 ticks (read bitmap: 218, write metadata: 0)
Ext2::alloc_block SLOW: 271 ticks (read bitmap: 271, write metadata: 0)
Ext2::alloc_block SLOW: 300 ticks (read bitmap: 300, write metadata: 0)
Ext2::alloc_block SLOW: 229 ticks (read bitmap: 229, write metadata: 0)
Ext2::alloc_block SLOW: 279 ticks (read bitmap: 279, write metadata: 0)
Ext2::alloc_block SLOW: 261 ticks (read bitmap: 261, write metadata: 0)
Ext2::alloc_block SLOW: 250 ticks (read bitmap: 250, write metadata: 0)
Ext2::alloc_block SLOW: 281 ticks (read bitmap: 281, write metadata: 0)
Ext2::alloc_block SLOW: 274 ticks (read bitmap: 274, write metadata: 0)
Ext2::alloc_block SLOW: 269 ticks (read bitmap: 269, write metadata: 0)
Ext2::alloc_block SLOW: 228 ticks (read bitmap: 228, write metadata: 0)
Ext2::alloc_block SLOW: 193 ticks (read bitmap: 193, write metadata: 0)
Ext2::alloc_block SLOW: 254 ticks (read bitmap: 254, write metadata: 0)
Ext2::alloc_block SLOW: 234 ticks (read bitmap: 234, write metadata: 0)
Ext2::alloc_block SLOW: 254 ticks (read bitmap: 254, write metadata: 0)
Ext2::alloc_block SLOW: 231 ticks (read bitmap: 231, write metadata: 0)
Ext2::alloc_block SLOW: 239 ticks (read bitmap: 239, write metadata: 0)
Ext2::alloc_block SLOW: 228 ticks (read bitmap: 228, write metadata: 0)
Ext2::alloc_block SLOW: 66 ticks (read bitmap: 66, write metadata: 0)
Ext2::alloc_block SLOW: 71 ticks (read bitmap: 71, write metadata: 0)
Ext2::alloc_block SLOW: 57 ticks (read bitmap: 57, write metadata: 0)
Ext2::alloc_block SLOW: 64 ticks (read bitmap: 64, write metadata: 0)
Ext2::alloc_block SLOW: 90 ticks (read bitmap: 90, write metadata: 0)
Ext2::alloc_block SLOW: 56 ticks (read bitmap: 56, write metadata: 0)
Ext2::alloc_block SLOW: 63 ticks (read bitmap: 63, write metadata: 0)
Ext2::alloc_block SLOW: 444 ticks (read bitmap: 444, write metadata: 0)
Ext2::alloc_block SLOW: 773 ticks (read bitmap: 773, write metadata: 0)
Ext2::alloc_block SLOW: 884 ticks (read bitmap: 884, write metadata: 0)
Ext2::alloc_block SLOW: 535 ticks (read bitmap: 535, write metadata: 0)
Ext2::alloc_block SLOW: 602 ticks (read bitmap: 602, write metadata: 0)
Ext2::alloc_block SLOW: 453 ticks (read bitmap: 453, write metadata: 0)
Ext2::alloc_block SLOW: 499 ticks (read bitmap: 499, write metadata: 0)
Ext2::alloc_block SLOW: 285 ticks (read bitmap: 285, write metadata: 0)
Ext2::alloc_block SLOW: 119 ticks (read bitmap: 119, write metadata: 0)
Ext2::alloc_block SLOW: 259 ticks (read bitmap: 259, write metadata: 0)
Ext2::alloc_block SLOW: 137 ticks (read bitmap: 137, write metadata: 0)
Ext2::alloc_block SLOW: 64 ticks (read bitmap: 64, write metadata: 0)
Ext2::alloc_block SLOW: 74 ticks (read bitmap: 74, write metadata: 0)
Ext2::alloc_block SLOW: 49 ticks (read bitmap: 49, write metadata: 0)
Ext2::alloc_block SLOW: 71 ticks (read bitmap: 71, write metadata: 0)
Ext2::alloc_block SLOW: 333 ticks (read bitmap: 333, write metadata: 0)
Ext2::alloc_block SLOW: 310 ticks (read bitmap: 310, write metadata: 0)
Ext2::alloc_block SLOW: 316 ticks (read bitmap: 316, write metadata: 0)
Ext2::alloc_block SLOW: 241 ticks (read bitmap: 241, write metadata: 0)
Ext2::alloc_block SLOW: 240 ticks (read bitmap: 240, write metadata: 0)
Ext2::alloc_block SLOW: 242 ticks (read bitmap: 242, write metadata: 0)
Ext2::alloc_block SLOW: 242 ticks (read bitmap: 242, write metadata: 0)
Ext2::alloc_block SLOW: 234 ticks (read bitmap: 234, write metadata: 0)
Ext2::alloc_block SLOW: 262 ticks (read bitmap: 262, write metadata: 0)
Ext2::alloc_block SLOW: 263 ticks (read bitmap: 263, write metadata: 0)
Ext2::alloc_block SLOW: 265 ticks (read bitmap: 265, write metadata: 0)
Ext2::alloc_block SLOW: 293 ticks (read bitmap: 293, write metadata: 0)
Ext2::alloc_block SLOW: 276 ticks (read bitmap: 276, write metadata: 0)
Ext2::alloc_block SLOW: 239 ticks (read bitmap: 239, write metadata: 0)
Ext2::alloc_block SLOW: 88 ticks (read bitmap: 88, write metadata: 0)
Ext2::alloc_block SLOW: 222 ticks (read bitmap: 222, write metadata: 0)
Ext2::alloc_block SLOW: 240 ticks (read bitmap: 240, write metadata: 0)
Ext2::alloc_block SLOW: 249 ticks (read bitmap: 249, write metadata: 0)
Ext2::alloc_block SLOW: 240 ticks (read bitmap: 240, write metadata: 0)
Ext2::alloc_block SLOW: 265 ticks (read bitmap: 265, write metadata: 0)
Ext2::alloc_block SLOW: 279 ticks (read bitmap: 279, write metadata: 0)
Ext2::alloc_block SLOW: 300 ticks (read bitmap: 300, write metadata: 0)
Ext2::alloc_block SLOW: 275 ticks (read bitmap: 275, write metadata: 0)
Ext2::alloc_block SLOW: 290 ticks (read bitmap: 290, write metadata: 0)
Ext2::alloc_block SLOW: 238 ticks (read bitmap: 238, write metadata: 0)
Ext2::alloc_block SLOW: 240 ticks (read bitmap: 240, write metadata: 0)
Ext2::alloc_block SLOW: 246 ticks (read bitmap: 246, write metadata: 0)
Ext2::alloc_block SLOW: 314 ticks (read bitmap: 314, write metadata: 0)
Ext2::alloc_block SLOW: 245 ticks (read bitmap: 245, write metadata: 0)
Ext2::alloc_block SLOW: 251 ticks (read bitmap: 251, write metadata: 0)
Ext2::alloc_block SLOW: 104 ticks (read bitmap: 104, write metadata: 0)
Ext2::alloc_block SLOW: 315 ticks (read bitmap: 315, write metadata: 0)
Ext2::alloc_block SLOW: 299 ticks (read bitmap: 299, write metadata: 0)
Ext2::alloc_block SLOW: 280 ticks (read bitmap: 280, write metadata: 0)
Ext2::alloc_block SLOW: 296 ticks (read bitmap: 296, write metadata: 0)
Ext2::alloc_block SLOW: 217 ticks (read bitmap: 217, write metadata: 0)
Ext2::alloc_block SLOW: 269 ticks (read bitmap: 269, write metadata: 0)
Ext2::alloc_block SLOW: 245 ticks (read bitmap: 245, write metadata: 0)
Ext2::alloc_block SLOW: 277 ticks (read bitmap: 277, write metadata: 0)
Ext2::alloc_block SLOW: 231 ticks (read bitmap: 231, write metadata: 0)
Ext2::alloc_block SLOW: 244 ticks (read bitmap: 244, write metadata: 0)
Ext2::alloc_block SLOW: 124 ticks (read bitmap: 124, write metadata: 0)
Ext2::alloc_block SLOW: 232 ticks (read bitmap: 232, write metadata: 0)
Ext2::alloc_block SLOW: 237 ticks (read bitmap: 237, write metadata: 0)
Ext2::alloc_block SLOW: 305 ticks (read bitmap: 305, write metadata: 0)
Ext2::alloc_block SLOW: 205 ticks (read bitmap: 205, write metadata: 0)
Ext2::alloc_block SLOW: 245 ticks (read bitmap: 245, write metadata: 0)
Ext2::alloc_block SLOW: 225 ticks (read bitmap: 225, write metadata: 0)
Ext2::alloc_block SLOW: 278 ticks (read bitmap: 278, write metadata: 0)
Ext2::alloc_block SLOW: 300 ticks (read bitmap: 300, write metadata: 0)
Ext2::alloc_block SLOW: 301 ticks (read bitmap: 301, write metadata: 0)
Ext2::alloc_block SLOW: 530 ticks (read bitmap: 530, write metadata: 0)
Ext2::alloc_block SLOW: 232 ticks (read bitmap: 232, write metadata: 0)
Ext2::alloc_block SLOW: 236 ticks (read bitmap: 236, write metadata: 0)
Ext2::alloc_block SLOW: 218 ticks (read bitmap: 218, write metadata: 0)
Ext2::alloc_block SLOW: 221 ticks (read bitmap: 221, write metadata: 0)
Ext2::alloc_block SLOW: 233 ticks (read bitmap: 233, write metadata: 0)
Ext2::alloc_block SLOW: 192 ticks (read bitmap: 192, write metadata: 0)
Ext2::alloc_block SLOW: 220 ticks (read bitmap: 220, write metadata: 0)
Ext2::alloc_block SLOW: 257 ticks (read bitmap: 257, write metadata: 0)
Ext2::alloc_block SLOW: 265 ticks (read bitmap: 265, write metadata: 0)
Ext2::alloc_block SLOW: 236 ticks (read bitmap: 236, write metadata: 0)
Ext2::alloc_block SLOW: 236 ticks (read bitmap: 236, write metadata: 0)
Ext2::alloc_block SLOW: 215 ticks (read bitmap: 215, write metadata: 0)
Ext2::alloc_block SLOW: 239 ticks (read bitmap: 239, write metadata: 0)
Ext2::alloc_block SLOW: 227 ticks (read bitmap: 227, write metadata: 0)
Ext2::alloc_block SLOW: 234 ticks (read bitmap: 234, write metadata: 0)
Ext2::alloc_block SLOW: 262 ticks (read bitmap: 262, write metadata: 0)
Ext2::alloc_block SLOW: 218 ticks (read bitmap: 218, write metadata: 0)
Ext2::alloc_block SLOW: 71 ticks (read bitmap: 71, write metadata: 0)
Ext2::alloc_block SLOW: 53 ticks (read bitmap: 53, write metadata: 0)
Ext2::alloc_block SLOW: 51 ticks (read bitmap: 51, write metadata: 0)
Ext2::alloc_block SLOW: 51 ticks (read bitmap: 51, write metadata: 0)
Ext2::alloc_block SLOW: 53 ticks (read bitmap: 53, write metadata: 0)
Ext2::alloc_block SLOW: 61 ticks (read bitmap: 61, write metadata: 0)
Ext2::alloc_block SLOW: 57 ticks (read bitmap: 57, write metadata: 0)
Ext2::alloc_block SLOW: 59 ticks (read bitmap: 59, write metadata: 0)
Ext2::alloc_block SLOW: 68 ticks (read bitmap: 68, write metadata: 0)
Ext2::alloc_block SLOW: 46 ticks (read bitmap: 46, write metadata: 0)
Ext2::alloc_block SLOW: 57 ticks (read bitmap: 57, write metadata: 0)
Ext2::alloc_block SLOW: 47 ticks (read bitmap: 47, write metadata: 0)
Ext2::alloc_block SLOW: 62 ticks (read bitmap: 62, write metadata: 0)
Ext2::alloc_block SLOW: 46 ticks (read bitmap: 46, write metadata: 0)
Ext2::alloc_block SLOW: 55 ticks (read bitmap: 55, write metadata: 0)
Ext2::alloc_block SLOW: 52 ticks (read bitmap: 52, write metadata: 0)
Ext2::alloc_block SLOW: 69 ticks (read bitmap: 69, write metadata: 0)
Ext2::alloc_block SLOW: 69 ticks (read bitmap: 69, write metadata: 0)
Ext2::alloc_block SLOW: 63 ticks (read bitmap: 63, write metadata: 0)
Ext2::alloc_block SLOW: 75 ticks (read bitmap: 75, write metadata: 0)
Ext2::alloc_block SLOW: 49 ticks (read bitmap: 49, write metadata: 0)
Ext2::alloc_block SLOW: 53 ticks (read bitmap: 53, write metadata: 0)
Ext2::alloc_block SLOW: 55 ticks (read bitmap: 55, write metadata: 0)
Ext2::alloc_block SLOW: 64 ticks (read bitmap: 64, write metadata: 0)
Ext2::alloc_block SLOW: 55 ticks (read bitmap: 55, write metadata: 0)
Ext2::alloc_block SLOW: 49 ticks (read bitmap: 49, write metadata: 0)
Ext2::alloc_block SLOW: 55 ticks (read bitmap: 55, write metadata: 0)
Ext2::alloc_block SLOW: 65 ticks (read bitmap: 65, write metadata: 0)
Ext2::alloc_block SLOW: 63 ticks (read bitmap: 63, write metadata: 0)
Ext2::alloc_block SLOW: 49 ticks (read bitmap: 49, write metadata: 0)
Ext2::alloc_block SLOW: 60 ticks (read bitmap: 60, write metadata: 0)
Ext2::alloc_block SLOW: 325 ticks (read bitmap: 325, write metadata: 0)
Ext2::alloc_block SLOW: 128 ticks (read bitmap: 128, write metadata: 0)
Ext2::alloc_block SLOW: 263 ticks (read bitmap: 263, write metadata: 0)
Ext2::alloc_block SLOW: 366 ticks (read bitmap: 366, write metadata: 0)
Ext2::alloc_block SLOW: 245 ticks (read bitmap: 245, write metadata: 0)
Ext2::alloc_block SLOW: 257 ticks (read bitmap: 257, write metadata: 0)
Ext2::alloc_block SLOW: 242 ticks (read bitmap: 242, write metadata: 0)
Ext2::alloc_block SLOW: 79 ticks (read bitmap: 79, write metadata: 0)
Ext2::alloc_block SLOW: 133 ticks (read bitmap: 133, write metadata: 0)
Ext2::alloc_block SLOW: 395 ticks (read bitmap: 395, write metadata: 0)
Ext2::alloc_block SLOW: 383 ticks (read bitmap: 383, write metadata: 0)
Ext2::alloc_block SLOW: 82 ticks (read bitmap: 82, write metadata: 0)
Ext2::alloc_block SLOW: 240 ticks (read bitmap: 240, write metadata: 0)
Ext2::alloc_block SLOW: 262 ticks (read bitmap: 262, write metadata: 0)
Ext2::alloc_block SLOW: 250 ticks (read bitmap: 250, write metadata: 0)
Ext2::alloc_block SLOW: 298 ticks (read bitmap: 298, write metadata: 0)
Ext2::alloc_block SLOW: 241 ticks (read bitmap: 241, write metadata: 0)
Ext2::alloc_block SLOW: 245 ticks (read bitmap: 245, write metadata: 0)
Ext2::alloc_block SLOW: 200 ticks (read bitmap: 200, write metadata: 0)
Ext2::alloc_block SLOW: 450 ticks (read bitmap: 450, write metadata: 0)
Ext2::alloc_block SLOW: 115 ticks (read bitmap: 115, write metadata: 0)
Ext2::alloc_block SLOW: 275 ticks (read bitmap: 275, write metadata: 0)
Ext2::alloc_block SLOW: 247 ticks (read bitmap: 247, write metadata: 0)
Ext2::alloc_block SLOW: 242 ticks (read bitmap: 242, write metadata: 0)
Ext2::alloc_block SLOW: 333 ticks (read bitmap: 333, write metadata: 0)
Ext2::alloc_block SLOW: 283 ticks (read bitmap: 283, write metadata: 0)
Ext2::alloc_block SLOW: 254 ticks (read bitmap: 254, write metadata: 0)
Ext2::alloc_block SLOW: 240 ticks (read bitmap: 240, write metadata: 0)
Ext2::alloc_block SLOW: 108 ticks (read bitmap: 108, write metadata: 0)
Ext2::alloc_block SLOW: 68 ticks (read bitmap: 68, write metadata: 0)
Ext2::alloc_block SLOW: 254 ticks (read bitmap: 254, write metadata: 0)
Ext2::alloc_block SLOW: 302 ticks (read bitmap: 302, write metadata: 0)
Ext2::alloc_block SLOW: 251 ticks (read bitmap: 251, write metadata: 0)
Ext2::alloc_block SLOW: 277 ticks (read bitmap: 277, write metadata: 0)
Ext2::alloc_block SLOW: 253 ticks (read bitmap: 253, write metadata: 0)
Ext2::alloc_block SLOW: 246 ticks (read bitmap: 246, write metadata: 0)
Ext2::alloc_block SLOW: 242 ticks (read bitmap: 242, write metadata: 0)
Ext2::alloc_block SLOW: 271 ticks (read bitmap: 271, write metadata: 0)
Ext2::alloc_block SLOW: 115 ticks (read bitmap: 115, write metadata: 0)
Ext2::alloc_block SLOW: 243 ticks (read bitmap: 243, write metadata: 0)
Ext2::alloc_block SLOW: 76 ticks (read bitmap: 76, write metadata: 0)
Ext2::alloc_block SLOW: 261 ticks (read bitmap: 261, write metadata: 0)
Ext2::alloc_block SLOW: 246 ticks (read bitmap: 246, write metadata: 0)
Ext2::alloc_block SLOW: 238 ticks (read bitmap: 238, write metadata: 0)
Ext2::alloc_block SLOW: 238 ticks (read bitmap: 238, write metadata: 0)
Ext2::alloc_block SLOW: 260 ticks (read bitmap: 260, write metadata: 0)
Ext2::alloc_block SLOW: 69 ticks (read bitmap: 69, write metadata: 0)
Ext2::alloc_block SLOW: 391 ticks (read bitmap: 391, write metadata: 0)
Ext2::alloc_block SLOW: 247 ticks (read bitmap: 247, write metadata: 0)
Ext2::alloc_block SLOW: 257 ticks (read bitmap: 257, write metadata: 0)
Ext2::alloc_block SLOW: 262 ticks (read bitmap: 262, write metadata: 0)
Ext2::alloc_block SLOW: 315 ticks (read bitmap: 315, write metadata: 0)
Ext2::alloc_block SLOW: 282 ticks (read bitmap: 282, write metadata: 0)
Ext2::alloc_block SLOW: 265 ticks (read bitmap: 265, write metadata: 0)
Ext2::alloc_block SLOW: 266 ticks (read bitmap: 266, write metadata: 0)
Ext2::alloc_block SLOW: 239 ticks (read bitmap: 239, write metadata: 0)
Ext2::alloc_block SLOW: 242 ticks (read bitmap: 242, write metadata: 0)
Ext2::alloc_block SLOW: 205 ticks (read bitmap: 205, write metadata: 0)
Ext2::alloc_block SLOW: 71 ticks (read bitmap: 71, write metadata: 0)
Ext2::alloc_block SLOW: 63 ticks (read bitmap: 63, write metadata: 0)
Ext2::alloc_block SLOW: 56 ticks (read bitmap: 56, write metadata: 0)
Ext2::alloc_block SLOW: 53 ticks (read bitmap: 53, write metadata: 0)
Ext2::alloc_block SLOW: 63 ticks (read bitmap: 63, write metadata: 0)
Ext2::alloc_block SLOW: 48 ticks (read bitmap: 48, write metadata: 0)
Ext2::alloc_block SLOW: 51 ticks (read bitmap: 51, write metadata: 0)
Ext2::alloc_block SLOW: 56 ticks (read bitmap: 56, write metadata: 0)
Ext2::alloc_block SLOW: 62 ticks (read bitmap: 62, write metadata: 0)
Ext2::alloc_block SLOW: 52 ticks (read bitmap: 52, write metadata: 0)
Ext2::alloc_block SLOW: 47 ticks (read bitmap: 47, write metadata: 0)
Ext2::alloc_block SLOW: 45 ticks (read bitmap: 45, write metadata: 0)
Ext2::alloc_block SLOW: 53 ticks (read bitmap: 53, write metadata: 0)
Ext2::alloc_block SLOW: 46 ticks (read bitmap: 46, write metadata: 0)
Ext2::alloc_block SLOW: 55 ticks (read bitmap: 55, write metadata: 0)
Ext2::alloc_block SLOW: 54 ticks (read bitmap: 54, write metadata: 0)
Ext2::alloc_block SLOW: 50 ticks (read bitmap: 50, write metadata: 0)
Ext2::alloc_block SLOW: 46 ticks (read bitmap: 46, write metadata: 0)
Ext2::alloc_block SLOW: 57 ticks (read bitmap: 57, write metadata: 0)
Ext2::alloc_block SLOW: 59 ticks (read bitmap: 59, write metadata: 0)
Ext2::alloc_block SLOW: 54 ticks (read bitmap: 54, write metadata: 0)
Ext2::alloc_block SLOW: 57 ticks (read bitmap: 57, write metadata: 0)
Ext2::alloc_block SLOW: 47 ticks (read bitmap: 47, write metadata: 0)
Ext2::alloc_block SLOW: 52 ticks (read bitmap: 52, write metadata: 0)
Ext2::alloc_block SLOW: 244 ticks (read bitmap: 244, write metadata: 0)
Ext2::alloc_block SLOW: 242 ticks (read bitmap: 242, write metadata: 0)
Ext2::alloc_block SLOW: 227 ticks (read bitmap: 227, write metadata: 0)
Ext2::alloc_block SLOW: 234 ticks (read bitmap: 234, write metadata: 0)
Ext2::alloc_block SLOW: 279 ticks (read bitmap: 279, write metadata: 0)
Ext2::alloc_block SLOW: 301 ticks (read bitmap: 301, write metadata: 0)
Ext2::alloc_block SLOW: 288 ticks (read bitmap: 288, write metadata: 0)
Ext2::alloc_block SLOW: 285 ticks (read bitmap: 285, write metadata: 0)
Ext2::alloc_block SLOW: 231 ticks (read bitmap: 231, write metadata: 0)
Ext2::alloc_block SLOW: 231 ticks (read bitmap: 231, write metadata: 0)
Ext2::alloc_block SLOW: 226 ticks (read bitmap: 226, write metadata: 0)
Ext2::alloc_block SLOW: 217 ticks (read bitmap: 217, write metadata: 0)
Ext2::alloc_block SLOW: 223 ticks (read bitmap: 223, write metadata: 0)
Ext2::alloc_block SLOW: 240 ticks (read bitmap: 240, write metadata: 0)
Ext2::alloc_block SLOW: 239 ticks (read bitmap: 239, write metadata: 0)
Ext2::alloc_block SLOW: 277 ticks (read bitmap: 277, write metadata: 0)
Ext2::alloc_block SLOW: 236 ticks (read bitmap: 236, write metadata: 0)
Ext2::alloc_block SLOW: 267 ticks (read bitmap: 267, write metadata: 0)
Ext2::alloc_block SLOW: 224 ticks (read bitmap: 224, write metadata: 0)
Ext2::alloc_block SLOW: 230 ticks (read bitmap: 230, write metadata: 0)
Ext2::alloc_block SLOW: 245 ticks (read bitmap: 245, write metadata: 0)
Ext2::alloc_block SLOW: 229 ticks (read bitmap: 229, write metadata: 0)
Ext2::alloc_block SLOW: 254 ticks (read bitmap: 254, write metadata: 0)
Ext2::alloc_block SLOW: 254 ticks (read bitmap: 254, write metadata: 0)
Ext2::alloc_block SLOW: 236 ticks (read bitmap: 236, write metadata: 0)
Ext2::alloc_block SLOW: 217 ticks (read bitmap: 217, write metadata: 0)
Ext2::alloc_block SLOW: 229 ticks (read bitmap: 229, write metadata: 0)
Ext2::alloc_block SLOW: 218 ticks (read bitmap: 218, write metadata: 0)
Ext2::alloc_block SLOW: 223 ticks (read bitmap: 223, write metadata: 0)
Ext2::alloc_block SLOW: 264 ticks (read bitmap: 264, write metadata: 0)
Ext2::alloc_block SLOW: 270 ticks (read bitmap: 270, write metadata: 0)
Ext2::alloc_block SLOW: 303 ticks (read bitmap: 303, write metadata: 0)
Ext2::alloc_block SLOW: 658 ticks (read bitmap: 658, write metadata: 0)
Ext2::alloc_block SLOW: 251 ticks (read bitmap: 251, write metadata: 0)
Ext2::alloc_block SLOW: 139 ticks (read bitmap: 139, write metadata: 0)
Ext2::alloc_block SLOW: 404 ticks (read bitmap: 404, write metadata: 0)
Ext2::alloc_block SLOW: 508 ticks (read bitmap: 508, write metadata: 0)
Ext2::alloc_block SLOW: 297 ticks (read bitmap: 297, write metadata: 0)
Ext2::alloc_block SLOW: 389 ticks (read bitmap: 389, write metadata: 0)
Ext2::alloc_block SLOW: 868 ticks (read bitmap: 868, write metadata: 0)
Ext2::alloc_block SLOW: 92 ticks (read bitmap: 92, write metadata: 0)
Ext2::alloc_block SLOW: 95 ticks (read bitmap: 95, write metadata: 0)
Ext2::alloc_block SLOW: 84 ticks (read bitmap: 84, write metadata: 0)
Ext2::alloc_block SLOW: 64 ticks (read bitmap: 64, write metadata: 0)
Ext2::alloc_block SLOW: 67 ticks (read bitmap: 67, write metadata: 0)
Ext2::alloc_block SLOW: 54 ticks (read bitmap: 54, write metadata: 0)
Ext2::alloc_block SLOW: 73 ticks (read bitmap: 73, write metadata: 0)
Ext2::alloc_block SLOW: 59 ticks (read bitmap: 59, write metadata: 0)
Ext2::alloc_block SLOW: 85 ticks (read bitmap: 85, write metadata: 0)
Ext2::alloc_block SLOW: 266 ticks (read bitmap: 266, write metadata: 0)
Ext2::alloc_block SLOW: 247 ticks (read bitmap: 247, write metadata: 0)
Ext2::alloc_block SLOW: 298 ticks (read bitmap: 298, write metadata: 0)
Ext2::alloc_block SLOW: 238 ticks (read bitmap: 238, write metadata: 0)
Ext2::alloc_block SLOW: 111 ticks (read bitmap: 111, write metadata: 0)
Ext2::alloc_block SLOW: 682 ticks (read bitmap: 682, write metadata: 0)
Ext2::alloc_block SLOW: 650 ticks (read bitmap: 650, write metadata: 0)
Ext2::alloc_block SLOW: 531 ticks (read bitmap: 531, write metadata: 0)
Ext2::alloc_block SLOW: 472 ticks (read bitmap: 472, write metadata: 0)
Ext2::alloc_block SLOW: 474 ticks (read bitmap: 474, write metadata: 0)
Ext2::alloc_block SLOW: 894 ticks (read bitmap: 894, write metadata: 0)
Ext2::alloc_block SLOW: 790 ticks (read bitmap: 790, write metadata: 0)
Ext2::alloc_block SLOW: 914 ticks (read bitmap: 914, write metadata: 0)
Ext2::alloc_block SLOW: 676 ticks (read bitmap: 676, write metadata: 0)
Ext2::alloc_block SLOW: 318 ticks (read bitmap: 318, write metadata: 0)
Ext2::alloc_block SLOW: 625 ticks (read bitmap: 625, write metadata: 0)
Ext2::alloc_block SLOW: 715 ticks (read bitmap: 715, write metadata: 0)
Ext2::alloc_block SLOW: 527 ticks (read bitmap: 527, write metadata: 0)
Ext2::alloc_block SLOW: 551 ticks (read bitmap: 551, write metadata: 0)
Ext2::alloc_block SLOW: 615 ticks (read bitmap: 615, write metadata: 0)
Ext2::alloc_block SLOW: 540 ticks (read bitmap: 540, write metadata: 0)
Ext2::alloc_block SLOW: 633 ticks (read bitmap: 633, write metadata: 0)
Ext2::alloc_block SLOW: 644 ticks (read bitmap: 644, write metadata: 0)
Ext2::alloc_block SLOW: 708 ticks (read bitmap: 708, write metadata: 0)
Ext2::alloc_block SLOW: 677 ticks (read bitmap: 677, write metadata: 0)
Ext2::alloc_block SLOW: 690 ticks (read bitmap: 690, write metadata: 0)
Ext2::alloc_block SLOW: 598 ticks (read bitmap: 598, write metadata: 0)
Ext2::alloc_block SLOW: 210 ticks (read bitmap: 210, write metadata: 0)
Ext2::alloc_block SLOW: 683 ticks (read bitmap: 683, write metadata: 0)
Ext2::alloc_block SLOW: 759 ticks (read bitmap: 759, write metadata: 0)
Ext2::alloc_block SLOW: 741 ticks (read bitmap: 741, write metadata: 0)
Ext2::alloc_block SLOW: 728 ticks (read bitmap: 728, write metadata: 0)
Ext2::alloc_block SLOW: 706 ticks (read bitmap: 706, write metadata: 0)
Ext2::alloc_block SLOW: 523 ticks (read bitmap: 523, write metadata: 0)
Ext2::alloc_block SLOW: 578 ticks (read bitmap: 578, write metadata: 0)
Ext2::alloc_block SLOW: 502 ticks (read bitmap: 502, write metadata: 0)
Ext2::alloc_block SLOW: 555 ticks (read bitmap: 555, write metadata: 0)
Ext2::alloc_block SLOW: 595 ticks (read bitmap: 595, write metadata: 0)
Ext2::alloc_block SLOW: 861 ticks (read bitmap: 861, write metadata: 0)
Ext2::alloc_block SLOW: 750 ticks (read bitmap: 750, write metadata: 0)
Ext2::alloc_block SLOW: 1217 ticks (read bitmap: 1217, write metadata: 0)
Ext2::alloc_block SLOW: 702 ticks (read bitmap: 702, write metadata: 0)
Ext2::alloc_block SLOW: 817 ticks (read bitmap: 817, write metadata: 0)
Ext2::alloc_block SLOW: 780 ticks (read bitmap: 780, write metadata: 0)
Ext2::alloc_block SLOW: 949 ticks (read bitmap: 949, write metadata: 0)
Ext2::alloc_block SLOW: 314 ticks (read bitmap: 314, write metadata: 0)
Ext2::alloc_block SLOW: 138 ticks (read bitmap: 138, write metadata: 0)
Ext2::alloc_block SLOW: 357 ticks (read bitmap: 357, write metadata: 0)
Ext2::alloc_block SLOW: 255 ticks (read bitmap: 255, write metadata: 0)
Ext2::alloc_block SLOW: 249 ticks (read bitmap: 249, write metadata: 0)
Ext2::alloc_block SLOW: 250 ticks (read bitmap: 250, write metadata: 0)
Ext2::alloc_block SLOW: 268 ticks (read bitmap: 268, write metadata: 0)
Ext2::alloc_block SLOW: 287 ticks (read bitmap: 287, write metadata: 0)
Ext2::alloc_block SLOW: 263 ticks (read bitmap: 263, write metadata: 0)
Ext2::alloc_block SLOW: 259 ticks (read bitmap: 259, write metadata: 0)
Ext2::alloc_block SLOW: 306 ticks (read bitmap: 306, write metadata: 0)
Ext2::alloc_block SLOW: 253 ticks (read bitmap: 253, write metadata: 0)
Ext2::alloc_block SLOW: 112 ticks (read bitmap: 112, write metadata: 0)
Ext2::alloc_block SLOW: 267 ticks (read bitmap: 267, write metadata: 0)
Ext2::alloc_block SLOW: 339 ticks (read bitmap: 339, write metadata: 0)
Ext2::alloc_block SLOW: 426 ticks (read bitmap: 426, write metadata: 0)
Ext2::alloc_block SLOW: 264 ticks (read bitmap: 264, write metadata: 0)
Ext2::alloc_block SLOW: 287 ticks (read bitmap: 287, write metadata: 0)
Ext2::alloc_block SLOW: 256 ticks (read bitmap: 256, write metadata: 0)
Ext2::alloc_block SLOW: 251 ticks (read bitmap: 251, write metadata: 0)
Ext2::alloc_block SLOW: 242 ticks (read bitmap: 242, write metadata: 0)
Ext2::alloc_block SLOW: 248 ticks (read bitmap: 248, write metadata: 0)
Ext2::alloc_block SLOW: 247 ticks (read bitmap: 247, write metadata: 0)
Ext2::alloc_block SLOW: 88 ticks (read bitmap: 88, write metadata: 0)
Ext2::alloc_block SLOW: 245 ticks (read bitmap: 245, write metadata: 0)
Ext2::alloc_block SLOW: 250 ticks (read bitmap: 250, write metadata: 0)
Ext2::alloc_block SLOW: 253 ticks (read bitmap: 253, write metadata: 0)
Ext2::alloc_block SLOW: 255 ticks (read bitmap: 255, write metadata: 0)
Ext2::alloc_block SLOW: 244 ticks (read bitmap: 244, write metadata: 0)
Ext2::alloc_block SLOW: 244 ticks (read bitmap: 244, write metadata: 0)
Ext2::alloc_block SLOW: 265 ticks (read bitmap: 265, write metadata: 0)
Ext2::alloc_block SLOW: 281 ticks (read bitmap: 281, write metadata: 0)
Ext2::alloc_block SLOW: 377 ticks (read bitmap: 377, write metadata: 0)
Ext2::alloc_block SLOW: 602 ticks (read bitmap: 602, write metadata: 0)
Ext2::alloc_block SLOW: 92 ticks (read bitmap: 92, write metadata: 0)
Ext2::alloc_block SLOW: 662 ticks (read bitmap: 662, write metadata: 0)
Ext2::alloc_block SLOW: 684 ticks (read bitmap: 684, write metadata: 0)
Ext2::alloc_block SLOW: 722 ticks (read bitmap: 722, write metadata: 0)
Ext2::alloc_block SLOW: 743 ticks (read bitmap: 743, write metadata: 0)
Ext2::alloc_block SLOW: 79 ticks (read bitmap: 79, write metadata: 0)
Ext2::alloc_block SLOW: 90 ticks (read bitmap: 90, write metadata: 0)
Ext2::alloc_block SLOW: 61 ticks (read bitmap: 61, write metadata: 0)
Ext2::alloc_block SLOW: 60 ticks (read bitmap: 60, write metadata: 0)
Ext2::alloc_block SLOW: 55 ticks (read bitmap: 55, write metadata: 0)
Ext2::alloc_block SLOW: 64 ticks (read bitmap: 64, write metadata: 0)
Ext2::alloc_block SLOW: 61 ticks (read bitmap: 61, write metadata: 0)
Ext2::alloc_block SLOW: 263 ticks (read bitmap: 263, write metadata: 0)
Ext2::alloc_block SLOW: 240 ticks (read bitmap: 240, write metadata: 0)
Ext2::alloc_block SLOW: 311 ticks (read bitmap: 311, write metadata: 0)
Ext2::alloc_block SLOW: 113 ticks (read bitmap: 113, write metadata: 0)
Ext2::alloc_block SLOW: 76 ticks (read bitmap: 76, write metadata: 0)
Ext2::alloc_block SLOW: 137 ticks (read bitmap: 137, write metadata: 0)
Ext2::alloc_block SLOW: 624 ticks (read bitmap: 624, write metadata: 0)
Ext2::alloc_block SLOW: 288 ticks (read bitmap: 288, write metadata: 0)
Ext2::alloc_block SLOW: 458 ticks (read bitmap: 458, write metadata: 0)
Ext2::alloc_block SLOW: 421 ticks (read bitmap: 421, write metadata: 0)
Ext2::alloc_block SLOW: 352 ticks (read bitmap: 352, write metadata: 0)
Ext2::alloc_block SLOW: 511 ticks (read bitmap: 511, write metadata: 0)
Ext2::alloc_block SLOW: 354 ticks (read bitmap: 354, write metadata: 0)
Ext2::alloc_block SLOW: 437 ticks (read bitmap: 437, write metadata: 0)
Ext2::alloc_block SLOW: 244 ticks (read bitmap: 244, write metadata: 0)
Ext2::alloc_block SLOW: 271 ticks (read bitmap: 271, write metadata: 0)
Ext2::alloc_block SLOW: 207 ticks (read bitmap: 207, write metadata: 0)
Ext2::alloc_block SLOW: 280 ticks (read bitmap: 280, write metadata: 0)
Ext2::alloc_block SLOW: 77 ticks (read bitmap: 77, write metadata: 0)
Ext2::alloc_block SLOW: 249 ticks (read bitmap: 249, write metadata: 0)
Ext2::alloc_block SLOW: 62 ticks (read bitmap: 62, write metadata: 0)
Ext2::alloc_block SLOW: 802 ticks (read bitmap: 802, write metadata: 0)
Ext2::alloc_block SLOW: 781 ticks (read bitmap: 781, write metadata: 0)
Ext2::alloc_block SLOW: 866 ticks (read bitmap: 866, write metadata: 0)
Ext2::alloc_block SLOW: 845 ticks (read bitmap: 845, write metadata: 0)
Ext2::alloc_block SLOW: 491 ticks (read bitmap: 491, write metadata: 0)
Ext2::alloc_block SLOW: 480 ticks (read bitmap: 480, write metadata: 0)
Ext2::alloc_block SLOW: 504 ticks (read bitmap: 504, write metadata: 0)
Ext2::alloc_block SLOW: 735 ticks (read bitmap: 735, write metadata: 0)
Ext2::alloc_block SLOW: 687 ticks (read bitmap: 687, write metadata: 0)
Ext2::alloc_block SLOW: 730 ticks (read bitmap: 730, write metadata: 0)
Ext2::alloc_block SLOW: 695 ticks (read bitmap: 695, write metadata: 0)
Ext2::alloc_block SLOW: 546 ticks (read bitmap: 546, write metadata: 0)
Ext2::alloc_block SLOW: 646 ticks (read bitmap: 646, write metadata: 0)
Ext2::alloc_block SLOW: 990 ticks (read bitmap: 990, write metadata: 0)
Ext2::alloc_block SLOW: 699 ticks (read bitmap: 699, write metadata: 0)
Ext2::alloc_block SLOW: 488 ticks (read bitmap: 488, write metadata: 0)
Ext2::alloc_block SLOW: 779 ticks (read bitmap: 779, write metadata: 0)
Ext2::alloc_block SLOW: 816 ticks (read bitmap: 816, write metadata: 0)
Ext2::alloc_block SLOW: 827 ticks (read bitmap: 827, write metadata: 0)
Ext2::alloc_block SLOW: 891 ticks (read bitmap: 891, write metadata: 0)
Ext2::alloc_block SLOW: 593 ticks (read bitmap: 593, write metadata: 0)
Ext2::alloc_block SLOW: 509 ticks (read bitmap: 509, write metadata: 0)
Ext2::alloc_block SLOW: 432 ticks (read bitmap: 432, write metadata: 0)
Ext2::alloc_block SLOW: 469 ticks (read bitmap: 469, write metadata: 0)
Ext2::alloc_block SLOW: 461 ticks (read bitmap: 461, write metadata: 0)
Ext2::alloc_block SLOW: 725 ticks (read bitmap: 725, write metadata: 0)
Ext2::alloc_block SLOW: 677 ticks (read bitmap: 677, write metadata: 0)
Ext2::alloc_block SLOW: 704 ticks (read bitmap: 704, write metadata: 0)
Ext2::alloc_block SLOW: 1337 ticks (read bitmap: 1337, write metadata: 0)
Ext2::alloc_block SLOW: 620 ticks (read bitmap: 620, write metadata: 0)
Ext2::alloc_block SLOW: 671 ticks (read bitmap: 671, write metadata: 0)
Ext2::alloc_block SLOW: 786 ticks (read bitmap: 786, write metadata: 0)
Ext2::alloc_block SLOW: 447 ticks (read bitmap: 447, write metadata: 0)
Ext2::alloc_block SLOW: 283 ticks (read bitmap: 283, write metadata: 0)
Ext2::alloc_block SLOW: 674 ticks (read bitmap: 674, write metadata: 0)
Ext2::alloc_block SLOW: 702 ticks (read bitmap: 702, write metadata: 0)
Ext2::alloc_block SLOW: 741 ticks (read bitmap: 741, write metadata: 0)
Ext2::alloc_block SLOW: 574 ticks (read bitmap: 574, write metadata: 0)
Ext2::alloc_block SLOW: 774 ticks (read bitmap: 774, write metadata: 0)
Ext2::alloc_block SLOW: 419 ticks (read bitmap: 419, write metadata: 0)
Ext2::alloc_block SLOW: 550 ticks (read bitmap: 550, write metadata: 0)
Ext2::alloc_block SLOW: 443 ticks (read bitmap: 443, write metadata: 0)
Ext2::alloc_block SLOW: 523 ticks (read bitmap: 523, write metadata: 0)
Ext2::alloc_block SLOW: 341 ticks (read bitmap: 341, write metadata: 0)
Ext2::alloc_block SLOW: 405 ticks (read bitmap: 405, write metadata: 0)
Ext2::alloc_block SLOW: 869 ticks (read bitmap: 869, write metadata: 0)
Ext2::alloc_block SLOW: 628 ticks (read bitmap: 628, write metadata: 0)
Ext2::alloc_block SLOW: 719 ticks (read bitmap: 719, write metadata: 0)
Ext2::alloc_block SLOW: 614 ticks (read bitmap: 614, write metadata: 0)
Ext2::alloc_block SLOW: 751 ticks (read bitmap: 751, write metadata: 0)
Ext2::alloc_block SLOW: 712 ticks (read bitmap: 712, write metadata: 0)
Ext2::alloc_block SLOW: 417 ticks (read bitmap: 417, write metadata: 0)
Ext2::alloc_block SLOW: 730 ticks (read bitmap: 730, write metadata: 0)
Ext2::alloc_block SLOW: 649 ticks (read bitmap: 649, write metadata: 0)
Ext2::alloc_block SLOW: 720 ticks (read bitmap: 720, write metadata: 0)
Ext2::alloc_block SLOW: 675 ticks (read bitmap: 675, write metadata: 0)
Ext2::alloc_block SLOW: 648 ticks (read bitmap: 648, write metadata: 0)
Ext2::alloc_block SLOW: 640 ticks (read bitmap: 640, write metadata: 0)
Ext2::alloc_block SLOW: 870 ticks (read bitmap: 870, write metadata: 0)
Ext2::alloc_block SLOW: 205 ticks (read bitmap: 205, write metadata: 0)
Ext2::alloc_block SLOW: 456 ticks (read bitmap: 456, write metadata: 0)
Ext2::alloc_block SLOW: 753 ticks (read bitmap: 753, write metadata: 0)
Ext2::alloc_block SLOW: 716 ticks (read bitmap: 716, write metadata: 0)
Ext2::alloc_block SLOW: 709 ticks (read bitmap: 709, write metadata: 0)
Ext2::alloc_block SLOW: 647 ticks (read bitmap: 647, write metadata: 0)
Ext2::alloc_block SLOW: 708 ticks (read bitmap: 708, write metadata: 0)
Ext2::alloc_block SLOW: 775 ticks (read bitmap: 775, write metadata: 0)
Ext2::alloc_block SLOW: 543 ticks (read bitmap: 543, write metadata: 0)
Ext2::alloc_block SLOW: 576 ticks (read bitmap: 576, write metadata: 0)
Ext2::alloc_block SLOW: 159 ticks (read bitmap: 159, write metadata: 0)
Ext2::alloc_block SLOW: 400 ticks (read bitmap: 400, write metadata: 0)
Ext2::alloc_block SLOW: 284 ticks (read bitmap: 284, write metadata: 0)
Ext2::alloc_block SLOW: 324 ticks (read bitmap: 324, write metadata: 0)
Ext2::alloc_block SLOW: 304 ticks (read bitmap: 304, write metadata: 0)
Ext2::alloc_block SLOW: 480 ticks (read bitmap: 480, write metadata: 0)
Ext2::alloc_block SLOW: 356 ticks (read bitmap: 356, write metadata: 0)
Ext2::alloc_block SLOW: 492 ticks (read bitmap: 492, write metadata: 0)
Ext2::alloc_block SLOW: 297 ticks (read bitmap: 297, write metadata: 0)
Ext2::alloc_block SLOW: 298 ticks (read bitmap: 298, write metadata: 0)
Ext2::alloc_block SLOW: 465 ticks (read bitmap: 465, write metadata: 0)
Ext2::alloc_block SLOW: 416 ticks (read bitmap: 416, write metadata: 0)
Ext2::alloc_block SLOW: 413 ticks (read bitmap: 413, write metadata: 0)
Ext2::alloc_block SLOW: 406 ticks (read bitmap: 406, write metadata: 0)
Ext2::alloc_block SLOW: 479 ticks (read bitmap: 479, write metadata: 0)
Ext2::alloc_block SLOW: 513 ticks (read bitmap: 513, write metadata: 0)
Ext2::alloc_block SLOW: 263 ticks (read bitmap: 263, write metadata: 0)
Ext2::alloc_block SLOW: 599 ticks (read bitmap: 599, write metadata: 0)
Ext2::alloc_block SLOW: 484 ticks (read bitmap: 484, write metadata: 0)
Ext2::alloc_block SLOW: 662 ticks (read bitmap: 662, write metadata: 0)
Ext2::alloc_block SLOW: 638 ticks (read bitmap: 638, write metadata: 0)
Ext2::alloc_block SLOW: 589 ticks (read bitmap: 589, write metadata: 0)
Ext2::alloc_block SLOW: 577 ticks (read bitmap: 577, write metadata: 0)
Ext2::alloc_block SLOW: 571 ticks (read bitmap: 571, write metadata: 0)
Ext2::alloc_block SLOW: 539 ticks (read bitmap: 539, write metadata: 0)
Ext2::alloc_block SLOW: 560 ticks (read bitmap: 560, write metadata: 0)
Ext2::alloc_block SLOW: 258 ticks (read bitmap: 258, write metadata: 0)
Ext2::alloc_block SLOW: 343 ticks (read bitmap: 343, write metadata: 0)
Ext2::alloc_block SLOW: 530 ticks (read bitmap: 530, write metadata: 0)
Ext2::alloc_block SLOW: 571 ticks (read bitmap: 571, write metadata: 0)
Ext2::alloc_block SLOW: 558 ticks (read bitmap: 558, write metadata: 0)
Ext2::alloc_block SLOW: 721 ticks (read bitmap: 721, write metadata: 0)
Ext2::alloc_block SLOW: 566 ticks (read bitmap: 566, write metadata: 0)
Ext2::alloc_block SLOW: 659 ticks (read bitmap: 659, write metadata: 0)
Ext2::alloc_block SLOW: 705 ticks (read bitmap: 705, write metadata: 0)
Ext2::alloc_block SLOW: 551 ticks (read bitmap: 551, write metadata: 0)
Ext2::alloc_block SLOW: 527 ticks (read bitmap: 527, write metadata: 0)
Ext2::alloc_block SLOW: 558 ticks (read bitmap: 558, write metadata: 0)
Ext2::alloc_block SLOW: 498 ticks (read bitmap: 498, write metadata: 0)
Ext2::alloc_block SLOW: 464 ticks (read bitmap: 464, write metadata: 0)
Ext2::alloc_block SLOW: 545 ticks (read bitmap: 545, write metadata: 0)
Ext2::alloc_block SLOW: 471 ticks (read bitmap: 471, write metadata: 0)
Ext2::alloc_block SLOW: 395 ticks (read bitmap: 395, write metadata: 0)
Ext2::alloc_block SLOW: 520 ticks (read bitmap: 520, write metadata: 0)
Ext2::alloc_block SLOW: 466 ticks (read bitmap: 466, write metadata: 0)
Ext2::alloc_block SLOW: 231 ticks (read bitmap: 231, write metadata: 0)
Ext2::alloc_block SLOW: 142 ticks (read bitmap: 142, write metadata: 0)
Ext2::alloc_block SLOW: 678 ticks (read bitmap: 678, write metadata: 0)
Ext2::alloc_block SLOW: 564 ticks (read bitmap: 564, write metadata: 0)
Ext2::alloc_block SLOW: 88 ticks (read bitmap: 88, write metadata: 0)
Ext2::alloc_block SLOW: 468 ticks (read bitmap: 468, write metadata: 0)
Ext2::alloc_block SLOW: 481 ticks (read bitmap: 481, write metadata: 0)
Ext2::alloc_block SLOW: 488 ticks (read bitmap: 488, write metadata: 0)
Ext2::alloc_block SLOW: 319 ticks (read bitmap: 319, write metadata: 0)
Ext2::alloc_block SLOW: 441 ticks (read bitmap: 441, write metadata: 0)
Ext2::alloc_block SLOW: 464 ticks (read bitmap: 464, write metadata: 0)
Ext2::alloc_block SLOW: 196 ticks (read bitmap: 196, write metadata: 0)
Ext2::alloc_block SLOW: 337 ticks (read bitmap: 337, write metadata: 0)
Ext2::alloc_block SLOW: 615 ticks (read bitmap: 615, write metadata: 0)
Ext2::alloc_block SLOW: 418 ticks (read bitmap: 418, write metadata: 0)
Ext2::alloc_block SLOW: 621 ticks (read bitmap: 621, write metadata: 0)
Ext2::alloc_block SLOW: 715 ticks (read bitmap: 715, write metadata: 0)
Ext2::alloc_block SLOW: 325 ticks (read bitmap: 325, write metadata: 0)
Ext2::alloc_block SLOW: 379 ticks (read bitmap: 379, write metadata: 0)
Ext2::alloc_block SLOW: 533 ticks (read bitmap: 533, write metadata: 0)
Ext2::alloc_block SLOW: 361 ticks (read bitmap: 361, write metadata: 0)
Ext2::alloc_block SLOW: 480 ticks (read bitmap: 480, write metadata: 0)
Ext2::alloc_block SLOW: 858 ticks (read bitmap: 858, write metadata: 0)
Ext2::alloc_block SLOW: 419 ticks (read bitmap: 419, write metadata: 0)
Ext2::alloc_block SLOW: 711 ticks (read bitmap: 711, write metadata: 0)
Ext2::alloc_block SLOW: 675 ticks (read bitmap: 675, write metadata: 0)
Ext2::alloc_block SLOW: 560 ticks (read bitmap: 560, write metadata: 0)
Ext2::alloc_block SLOW: 555 ticks (read bitmap: 555, write metadata: 0)
Ext2::alloc_block SLOW: 554 ticks (read bitmap: 554, write metadata: 0)
Ext2::alloc_block SLOW: 570 ticks (read bitmap: 570, write metadata: 0)
Ext2::alloc_block SLOW: 734 ticks (read bitmap: 734, write metadata: 0)
Ext2::alloc_block SLOW: 703 ticks (read bitmap: 703, write metadata: 0)
Ext2::alloc_block SLOW: 691 ticks (read bitmap: 691, write metadata: 0)
Ext2::alloc_block SLOW: 806 ticks (read bitmap: 806, write metadata: 0)
Ext2::alloc_block SLOW: 768 ticks (read bitmap: 768, write metadata: 0)
Ext2::alloc_block SLOW: 737 ticks (read bitmap: 737, write metadata: 0)
Ext2::alloc_block SLOW: 487 ticks (read bitmap: 487, write metadata: 0)
Ext2::alloc_block SLOW: 511 ticks (read bitmap: 511, write metadata: 0)
Ext2::alloc_block SLOW: 355 ticks (read bitmap: 355, write metadata: 0)
Ext2::alloc_block SLOW: 779 ticks (read bitmap: 779, write metadata: 0)
Ext2::alloc_block SLOW: 838 ticks (read bitmap: 838, write metadata: 0)
Ext2::alloc_block SLOW: 781 ticks (read bitmap: 781, write metadata: 0)
Ext2::alloc_block SLOW: 731 ticks (read bitmap: 731, write metadata: 0)
Ext2::alloc_block SLOW: 732 ticks (read bitmap: 732, write metadata: 0)
Ext2::alloc_block SLOW: 766 ticks (read bitmap: 766, write metadata: 0)
Ext2::alloc_block SLOW: 122 ticks (read bitmap: 122, write metadata: 0)
Ext2::alloc_block SLOW: 498 ticks (read bitmap: 498, write metadata: 0)
Ext2::alloc_block SLOW: 316 ticks (read bitmap: 316, write metadata: 0)
Ext2::alloc_block SLOW: 667 ticks (read bitmap: 667, write metadata: 0)
Ext2::alloc_block SLOW: 406 ticks (read bitmap: 406, write metadata: 0)
Ext2::alloc_block SLOW: 360 ticks (read bitmap: 360, write metadata: 0)
Ext2::alloc_block SLOW: 172 ticks (read bitmap: 172, write metadata: 0)
Ext2::alloc_block SLOW: 320 ticks (read bitmap: 320, write metadata: 0)
Ext2::alloc_block SLOW: 262 ticks (read bitmap: 262, write metadata: 0)
Ext2::alloc_block SLOW: 641 ticks (read bitmap: 641, write metadata: 0)
Ext2::alloc_block SLOW: 474 ticks (read bitmap: 474, write metadata: 0)
Ext2::alloc_block SLOW: 450 ticks (read bitmap: 450, write metadata: 0)
Ext2::alloc_block SLOW: 371 ticks (read bitmap: 371, write metadata: 0)
Ext2::alloc_block SLOW: 218 ticks (read bitmap: 218, write metadata: 0)
Ext2::alloc_block SLOW: 618 ticks (read bitmap: 618, write metadata: 0)
Ext2::alloc_block SLOW: 556 ticks (read bitmap: 556, write metadata: 0)
Ext2::alloc_block SLOW: 394 ticks (read bitmap: 394, write metadata: 0)
Ext2::alloc_block SLOW: 456 ticks (read bitmap: 456, write metadata: 0)
Ext2::alloc_block SLOW: 346 ticks (read bitmap: 346, write metadata: 0)
Ext2::alloc_block SLOW: 230 ticks (read bitmap: 230, write metadata: 0)
Ext2::alloc_block SLOW: 479 ticks (read bitmap: 479, write metadata: 0)
Ext2::alloc_block SLOW: 393 ticks (read bitmap: 393, write metadata: 0)
Ext2::alloc_block SLOW: 229 ticks (read bitmap: 229, write metadata: 0)
Ext2::alloc_block SLOW: 484 ticks (read bitmap: 484, write metadata: 0)
Ext2::alloc_block SLOW: 470 ticks (read bitmap: 470, write metadata: 0)
Ext2::alloc_block SLOW: 711 ticks (read bitmap: 711, write metadata: 0)
Ext2::alloc_block SLOW: 746 ticks (read bitmap: 746, write metadata: 0)
Ext2::alloc_block SLOW: 682 ticks (read bitmap: 682, write metadata: 0)
Ext2::alloc_block SLOW: 529 ticks (read bitmap: 529, write metadata: 0)
Ext2::alloc_block SLOW: 593 ticks (read bitmap: 593, write metadata: 0)
Ext2::alloc_block SLOW: 847 ticks (read bitmap: 847, write metadata: 0)
Ext2::alloc_block SLOW: 316 ticks (read bitmap: 316, write metadata: 0)
Ext2::alloc_block SLOW: 702 ticks (read bitmap: 702, write metadata: 0)
Ext2::alloc_block SLOW: 731 ticks (read bitmap: 731, write metadata: 0)
Ext2::alloc_block SLOW: 707 ticks (read bitmap: 707, write metadata: 0)
Ext2::alloc_block SLOW: 773 ticks (read bitmap: 773, write metadata: 0)
Ext2::alloc_block SLOW: 623 ticks (read bitmap: 623, write metadata: 0)
Ext2::alloc_block SLOW: 491 ticks (read bitmap: 491, write metadata: 0)
Ext2::alloc_block SLOW: 456 ticks (read bitmap: 456, write metadata: 0)
Ext2::alloc_block SLOW: 466 ticks (read bitmap: 466, write metadata: 0)
Ext2::alloc_block SLOW: 514 ticks (read bitmap: 514, write metadata: 0)
Ext2::alloc_block SLOW: 633 ticks (read bitmap: 633, write metadata: 0)
Ext2::alloc_block SLOW: 900 ticks (read bitmap: 900, write metadata: 0)
Ext2::alloc_block SLOW: 303 ticks (read bitmap: 303, write metadata: 0)
Ext2::alloc_block SLOW: 315 ticks (read bitmap: 315, write metadata: 0)
Ext2::alloc_block SLOW: 204 ticks (read bitmap: 204, write metadata: 0)
Ext2::alloc_block SLOW: 200 ticks (read bitmap: 200, write metadata: 0)
Ext2::alloc_block SLOW: 229 ticks (read bitmap: 229, write metadata: 0)
Ext2::alloc_block SLOW: 191 ticks (read bitmap: 191, write metadata: 0)
Ext2::alloc_block SLOW: 227 ticks (read bitmap: 227, write metadata: 0)
Ext2::alloc_block SLOW: 223 ticks (read bitmap: 223, write metadata: 0)
Ext2::alloc_block SLOW: 187 ticks (read bitmap: 187, write metadata: 0)
Ext2::alloc_block SLOW: 153 ticks (read bitmap: 153, write metadata: 0)
Ext2::alloc_block SLOW: 233 ticks (read bitmap: 233, write metadata: 0)
Ext2::alloc_block SLOW: 277 ticks (read bitmap: 277, write metadata: 0)
Ext2::alloc_block SLOW: 299 ticks (read bitmap: 299, write metadata: 0)
Ext2::alloc_block SLOW: 232 ticks (read bitmap: 232, write metadata: 0)
Ext2::alloc_block SLOW: 237 ticks (read bitmap: 237, write metadata: 0)
Ext2::alloc_block SLOW: 276 ticks (read bitmap: 276, write metadata: 0)
Ext2::alloc_block SLOW: 260 ticks (read bitmap: 260, write metadata: 0)
Ext2::alloc_block SLOW: 206 ticks (read bitmap: 206, write metadata: 0)
Ext2::alloc_block SLOW: 277 ticks (read bitmap: 277, write metadata: 0)
Ext2::alloc_block SLOW: 257 ticks (read bitmap: 257, write metadata: 0)
Ext2::alloc_block SLOW: 648 ticks (read bitmap: 648, write metadata: 0)
Ext2::alloc_block SLOW: 128 ticks (read bitmap: 128, write metadata: 0)
Ext2::alloc_block SLOW: 237 ticks (read bitmap: 237, write metadata: 0)
Ext2::alloc_block SLOW: 236 ticks (read bitmap: 236, write metadata: 0)
Ext2::alloc_block SLOW: 220 ticks (read bitmap: 220, write metadata: 0)
Ext2::alloc_block SLOW: 221 ticks (read bitmap: 221, write metadata: 0)
Ext2::alloc_block SLOW: 206 ticks (read bitmap: 206, write metadata: 0)
Ext2::alloc_block SLOW: 254 ticks (read bitmap: 254, write metadata: 0)
Ext2::alloc_block SLOW: 227 ticks (read bitmap: 227, write metadata: 0)
Ext2::alloc_block SLOW: 242 ticks (read bitmap: 242, write metadata: 0)
Ext2::alloc_block SLOW: 224 ticks (read bitmap: 224, write metadata: 0)
Ext2::alloc_block SLOW: 235 ticks (read bitmap: 235, write metadata: 0)
Ext2::alloc_block SLOW: 226 ticks (read bitmap: 226, write metadata: 0)
Ext2::alloc_block SLOW: 237 ticks (read bitmap: 237, write metadata: 0)
Ext2::alloc_block SLOW: 284 ticks (read bitmap: 284, write metadata: 0)
Ext2::alloc_block SLOW: 319 ticks (read bitmap: 319, write metadata: 0)
Ext2::alloc_block SLOW: 244 ticks (read bitmap: 244, write metadata: 0)
Ext2::alloc_block SLOW: 165 ticks (read bitmap: 165, write metadata: 0)
Ext2::alloc_block SLOW: 192 ticks (read bitmap: 192, write metadata: 0)
Ext2::alloc_block SLOW: 204 ticks (read bitmap: 204, write metadata: 0)
Ext2::alloc_block SLOW: 156 ticks (read bitmap: 156, write metadata: 0)
Ext2::alloc_block SLOW: 224 ticks (read bitmap: 224, write metadata: 0)
Ext2::alloc_block SLOW: 229 ticks (read bitmap: 229, write metadata: 0)
Ext2::alloc_block SLOW: 214 ticks (read bitmap: 214, write metadata: 0)
Ext2::alloc_block SLOW: 216 ticks (read bitmap: 216, write metadata: 0)
Ext2::alloc_block SLOW: 480 ticks (read bitmap: 480, write metadata: 0)
Ext2::alloc_block SLOW: 1015 ticks (read bitmap: 1015, write metadata: 0)
Ext2::alloc_block SLOW: 61 ticks (read bitmap: 61, write metadata: 0)
Ext2::alloc_block SLOW: 91 ticks (read bitmap: 91, write metadata: 0)
Ext2::alloc_block SLOW: 77 ticks (read bitmap: 77, write metadata: 0)
Ext2::alloc_block SLOW: 84 ticks (read bitmap: 84, write metadata: 0)
Ext2::alloc_block SLOW: 99 ticks (read bitmap: 99, write metadata: 0)
Ext2::alloc_block SLOW: 297 ticks (read bitmap: 297, write metadata: 0)
Ext2::alloc_block SLOW: 207 ticks (read bitmap: 207, write metadata: 0)
Ext2::alloc_block SLOW: 208 ticks (read bitmap: 208, write metadata: 0)
Ext2::alloc_block SLOW: 437 ticks (read bitmap: 437, write metadata: 0)
Ext2::alloc_block SLOW: 559 ticks (read bitmap: 559, write metadata: 0)
Ext2::alloc_block SLOW: 630 ticks (read bitmap: 630, write metadata: 0)
Ext2::alloc_block SLOW: 564 ticks (read bitmap: 564, write metadata: 0)
Ext2::alloc_block SLOW: 501 ticks (read bitmap: 501, write metadata: 0)
Ext2::alloc_block SLOW: 244 ticks (read bitmap: 244, write metadata: 0)
Ext2::alloc_block SLOW: 168 ticks (read bitmap: 168, write metadata: 0)
Ext2::alloc_block SLOW: 196 ticks (read bitmap: 196, write metadata: 0)
Ext2::alloc_block SLOW: 205 ticks (read bitmap: 205, write metadata: 0)
Ext2::alloc_block SLOW: 264 ticks (read bitmap: 264, write metadata: 0)
Ext2::alloc_block SLOW: 275 ticks (read bitmap: 275, write metadata: 0)
Ext2::alloc_block SLOW: 277 ticks (read bitmap: 277, write metadata: 0)
Ext2::alloc_block SLOW: 269 ticks (read bitmap: 269, write metadata: 0)
Ext2::alloc_block SLOW: 500 ticks (read bitmap: 500, write metadata: 0)
Ext2::alloc_block SLOW: 823 ticks (read bitmap: 823, write metadata: 0)
Ext2::alloc_block SLOW: 763 ticks (read bitmap: 763, write metadata: 0)
Ext2::alloc_block SLOW: 667 ticks (read bitmap: 667, write metadata: 0)
Ext2::alloc_block SLOW: 767 ticks (read bitmap: 767, write metadata: 0)
Ext2::alloc_block SLOW: 682 ticks (read bitmap: 682, write metadata: 0)
Ext2::alloc_block SLOW: 807 ticks (read bitmap: 807, write metadata: 0)
Ext2::alloc_block SLOW: 729 ticks (read bitmap: 729, write metadata: 0)
Ext2::alloc_block SLOW: 595 ticks (read bitmap: 595, write metadata: 0)
Ext2::alloc_block SLOW: 853 ticks (read bitmap: 853, write metadata: 0)
Ext2::alloc_block SLOW: 887 ticks (read bitmap: 887, write metadata: 0)
Ext2::alloc_block SLOW: 762 ticks (read bitmap: 762, write metadata: 0)
Ext2::alloc_block SLOW: 507 ticks (read bitmap: 507, write metadata: 0)
Ext2::alloc_block SLOW: 663 ticks (read bitmap: 663, write metadata: 0)
Ext2::alloc_block SLOW: 759 ticks (read bitmap: 759, write metadata: 0)
Ext2::alloc_block SLOW: 663 ticks (read bitmap: 663, write metadata: 0)
Ext2::alloc_block SLOW: 665 ticks (read bitmap: 665, write metadata: 0)
Ext2::alloc_block SLOW: 702 ticks (read bitmap: 702, write metadata: 0)
Ext2::alloc_block SLOW: 646 ticks (read bitmap: 646, write metadata: 0)
Ext2::alloc_block SLOW: 830 ticks (read bitmap: 830, write metadata: 0)
Ext2::alloc_block SLOW: 499 ticks (read bitmap: 499, write metadata: 0)
Ext2::alloc_block SLOW: 485 ticks (read bitmap: 485, write metadata: 0)
Ext2::alloc_block SLOW: 737 ticks (read bitmap: 737, write metadata: 0)
Ext2::alloc_block SLOW: 709 ticks (read bitmap: 709, write metadata: 0)
Ext2::alloc_block SLOW: 703 ticks (read bitmap: 703, write metadata: 0)
Ext2::alloc_block SLOW: 976 ticks (read bitmap: 976, write metadata: 0)
Ext2::alloc_block SLOW: 800 ticks (read bitmap: 800, write metadata: 0)
Ext2::alloc_block SLOW: 738 ticks (read bitmap: 738, write metadata: 0)
Ext2::alloc_block SLOW: 741 ticks (read bitmap: 741, write metadata: 0)
Ext2::alloc_block SLOW: 455 ticks (read bitmap: 455, write metadata: 0)
Ext2::alloc_block SLOW: 520 ticks (read bitmap: 520, write metadata: 0)
Ext2::alloc_block SLOW: 676 ticks (read bitmap: 676, write metadata: 0)
Ext2::alloc_block SLOW: 767 ticks (read bitmap: 767, write metadata: 0)
Ext2::alloc_block SLOW: 746 ticks (read bitmap: 746, write metadata: 0)
Ext2::alloc_block SLOW: 721 ticks (read bitmap: 721, write metadata: 0)
Ext2::alloc_block SLOW: 486 ticks (read bitmap: 486, write metadata: 0)
Ext2::alloc_block SLOW: 444 ticks (read bitmap: 444, write metadata: 0)
Ext2::alloc_block SLOW: 170 ticks (read bitmap: 170, write metadata: 0)
Ext2::alloc_block SLOW: 283 ticks (read bitmap: 283, write metadata: 0)
Ext2::alloc_block SLOW: 952 ticks (read bitmap: 952, write metadata: 0)
Ext2::alloc_block SLOW: 362 ticks (read bitmap: 362, write metadata: 0)
Ext2::alloc_block SLOW: 757 ticks (read bitmap: 757, write metadata: 0)
Ext2::alloc_block SLOW: 726 ticks (read bitmap: 726, write metadata: 0)
Ext2::alloc_block SLOW: 764 ticks (read bitmap: 764, write metadata: 0)
Ext2::alloc_block SLOW: 481 ticks (read bitmap: 481, write metadata: 0)
Ext2::alloc_block SLOW: 663 ticks (read bitmap: 663, write metadata: 0)
Ext2::alloc_block SLOW: 506 ticks (read bitmap: 506, write metadata: 0)
Ext2::alloc_block SLOW: 446 ticks (read bitmap: 446, write metadata: 0)
Ext2::alloc_block SLOW: 494 ticks (read bitmap: 494, write metadata: 0)
Ext2::alloc_block SLOW: 466 ticks (read bitmap: 466, write metadata: 0)
Ext2::alloc_block SLOW: 670 ticks (read bitmap: 670, write metadata: 0)
Ext2::alloc_block SLOW: 761 ticks (read bitmap: 761, write metadata: 0)
Ext2::alloc_block SLOW: 684 ticks (read bitmap: 684, write metadata: 0)
Ext2::alloc_block SLOW: 699 ticks (read bitmap: 699, write metadata: 0)
Ext2::alloc_block SLOW: 931 ticks (read bitmap: 931, write metadata: 0)
Ext2::alloc_block SLOW: 723 ticks (read bitmap: 723, write metadata: 0)
Ext2::alloc_block SLOW: 928 ticks (read bitmap: 928, write metadata: 0)
Ext2::alloc_block SLOW: 566 ticks (read bitmap: 566, write metadata: 0)
Ext2::alloc_block SLOW: 714 ticks (read bitmap: 714, write metadata: 0)
Ext2::alloc_block SLOW: 641 ticks (read bitmap: 641, write metadata: 0)
Ext2::alloc_block SLOW: 889 ticks (read bitmap: 889, write metadata: 0)
Ext2::alloc_block SLOW: 744 ticks (read bitmap: 744, write metadata: 0)
Ext2::alloc_block SLOW: 715 ticks (read bitmap: 715, write metadata: 0)
Ext2::alloc_block SLOW: 800 ticks (read bitmap: 800, write metadata: 0)
Ext2::alloc_block SLOW: 734 ticks (read bitmap: 734, write metadata: 0)
Ext2::alloc_block SLOW: 435 ticks (read bitmap: 435, write metadata: 0)
Ext2::alloc_block SLOW: 444 ticks (read bitmap: 444, write metadata: 0)
Ext2::alloc_block SLOW: 568 ticks (read bitmap: 568, write metadata: 0)
Ext2::alloc_block SLOW: 809 ticks (read bitmap: 809, write metadata: 0)
Ext2::alloc_block SLOW: 677 ticks (read bitmap: 677, write metadata: 0)
Ext2::alloc_block SLOW: 1637 ticks (read bitmap: 1637, write metadata: 0)
Ext2::alloc_block SLOW: 492 ticks (read bitmap: 492, write metadata: 0)
Ext2::alloc_block SLOW: 299 ticks (read bitmap: 299, write metadata: 0)
Ext2::alloc_block SLOW: 593 ticks (read bitmap: 593, write metadata: 0)
Ext2::alloc_block SLOW: 304 ticks (read bitmap: 304, write metadata: 0)
Ext2::alloc_block SLOW: 243 ticks (read bitmap: 243, write metadata: 0)
Ext2::alloc_block SLOW: 68 ticks (read bitmap: 68, write metadata: 0)
Ext2::alloc_block SLOW: 64 ticks (read bitmap: 64, write metadata: 0)
Ext2::alloc_block SLOW: 56 ticks (read bitmap: 56, write metadata: 0)
Ext2::alloc_block SLOW: 54 ticks (read bitmap: 54, write metadata: 0)
Ext2::alloc_block SLOW: 52 ticks (read bitmap: 52, write metadata: 0)
Ext2::alloc_block SLOW: 348 ticks (read bitmap: 348, write metadata: 0)
Ext2::alloc_block SLOW: 338 ticks (read bitmap: 338, write metadata: 0)
Ext2::alloc_block SLOW: 291 ticks (read bitmap: 291, write metadata: 0)
Ext2::alloc_block SLOW: 447 ticks (read bitmap: 447, write metadata: 0)
Ext2::alloc_block SLOW: 286 ticks (read bitmap: 286, write metadata: 0)
Ext2::alloc_block SLOW: 362 ticks (read bitmap: 362, write metadata: 0)
Ext2::alloc_block SLOW: 272 ticks (read bitmap: 272, write metadata: 0)
Ext2::alloc_block SLOW: 493 ticks (read bitmap: 493, write metadata: 0)
Ext2::alloc_block SLOW: 637 ticks (read bitmap: 637, write metadata: 0)
Ext2::alloc_block SLOW: 375 ticks (read bitmap: 375, write metadata: 0)
Ext2::alloc_block SLOW: 863 ticks (read bitmap: 863, write metadata: 0)
Ext2::alloc_block SLOW: 583 ticks (read bitmap: 583, write metadata: 0)
Ext2::alloc_block SLOW: 806 ticks (read bitmap: 806, write metadata: 0)
Ext2::alloc_block SLOW: 936 ticks (read bitmap: 936, write metadata: 0)
Ext2::alloc_block SLOW: 885 ticks (read bitmap: 885, write metadata: 0)
Ext2::alloc_block SLOW: 530 ticks (read bitmap: 530, write metadata: 0)
Ext2::alloc_block SLOW: 314 ticks (read bitmap: 314, write metadata: 0)
Ext2::alloc_block SLOW: 796 ticks (read bitmap: 796, write metadata: 0)
Ext2::alloc_block SLOW: 749 ticks (read bitmap: 749, write metadata: 0)
Ext2::alloc_block SLOW: 819 ticks (read bitmap: 819, write metadata: 0)
Ext2::alloc_block SLOW: 527 ticks (read bitmap: 527, write metadata: 0)
Ext2::alloc_block SLOW: 668 ticks (read bitmap: 668, write metadata: 0)
Ext2::alloc_block SLOW: 547 ticks (read bitmap: 547, write metadata: 0)
Ext2::alloc_block SLOW: 370 ticks (read bitmap: 370, write metadata: 0)
Ext2::alloc_block SLOW: 446 ticks (read bitmap: 446, write metadata: 0)
Ext2::alloc_block SLOW: 384 ticks (read bitmap: 384, write metadata: 0)
Ext2::alloc_block SLOW: 753 ticks (read bitmap: 753, write metadata: 0)
Ext2::alloc_block SLOW: 750 ticks (read bitmap: 750, write metadata: 0)
Ext2::alloc_block SLOW: 786 ticks (read bitmap: 786, write metadata: 0)
Ext2::alloc_block SLOW: 706 ticks (read bitmap: 706, write metadata: 0)
Ext2::alloc_block SLOW: 655 ticks (read bitmap: 655, write metadata: 0)
Ext2::alloc_block SLOW: 676 ticks (read bitmap: 676, write metadata: 0)
Ext2::alloc_block SLOW: 691 ticks (read bitmap: 691, write metadata: 0)
Ext2::alloc_block SLOW: 457 ticks (read bitmap: 457, write metadata: 0)
Ext2::alloc_block SLOW: 451 ticks (read bitmap: 451, write metadata: 0)
Ext2::alloc_block SLOW: 753 ticks (read bitmap: 753, write metadata: 0)
Ext2::alloc_block SLOW: 825 ticks (read bitmap: 825, write metadata: 0)
Ext2::alloc_block SLOW: 704 ticks (read bitmap: 704, write metadata: 0)
Ext2::alloc_block SLOW: 886 ticks (read bitmap: 886, write metadata: 0)
Ext2::alloc_block SLOW: 437 ticks (read bitmap: 437, write metadata: 0)
Ext2::alloc_block SLOW: 637 ticks (read bitmap: 637, write metadata: 0)
Ext2::alloc_block SLOW: 636 ticks (read bitmap: 636, write metadata: 0)
Ext2::alloc_block SLOW: 404 ticks (read bitmap: 404, write metadata: 0)
Ext2::alloc_block SLOW: 535 ticks (read bitmap: 535, write metadata: 0)
Ext2::alloc_block SLOW: 551 ticks (read bitmap: 551, write metadata: 0)
Ext2::alloc_block SLOW: 634 ticks (read bitmap: 634, write metadata: 0)
Ext2::alloc_block SLOW: 376 ticks (read bitmap: 376, write metadata: 0)
Ext2::alloc_block SLOW: 607 ticks (read bitmap: 607, write metadata: 0)
Ext2::alloc_block SLOW: 521 ticks (read bitmap: 521, write metadata: 0)
Ext2::alloc_block SLOW: 326 ticks (read bitmap: 326, write metadata: 0)
Ext2::alloc_block SLOW: 388 ticks (read bitmap: 388, write metadata: 0)
Ext2::alloc_block SLOW: 560 ticks (read bitmap: 560, write metadata: 0)
Ext2::alloc_block SLOW: 135 ticks (read bitmap: 135, write metadata: 0)
Ext2::alloc_block SLOW: 242 ticks (read bitmap: 242, write metadata: 0)
Ext2::alloc_block SLOW: 577 ticks (read bitmap: 577, write metadata: 0)
Ext2::alloc_block SLOW: 529 ticks (read bitmap: 529, write metadata: 0)
Ext2::alloc_block SLOW: 563 ticks (read bitmap: 563, write metadata: 0)
Ext2::alloc_block SLOW: 416 ticks (read bitmap: 416, write metadata: 0)
Ext2::alloc_block SLOW: 365 ticks (read bitmap: 365, write metadata: 0)
Ext2::alloc_block SLOW: 544 ticks (read bitmap: 544, write metadata: 0)
Ext2::alloc_block SLOW: 525 ticks (read bitmap: 525, write metadata: 0)
Ext2::alloc_block SLOW: 594 ticks (read bitmap: 594, write metadata: 0)
Ext2::alloc_block SLOW: 636 ticks (read bitmap: 636, write metadata: 0)
Ext2::alloc_block SLOW: 713 ticks (read bitmap: 713, write metadata: 0)
Ext2::alloc_block SLOW: 301 ticks (read bitmap: 301, write metadata: 0)
Ext2::alloc_block SLOW: 482 ticks (read bitmap: 482, write metadata: 0)
Ext2::alloc_block SLOW: 636 ticks (read bitmap: 636, write metadata: 0)
Ext2::alloc_block SLOW: 488 ticks (read bitmap: 488, write metadata: 0)
Ext2::alloc_block SLOW: 727 ticks (read bitmap: 727, write metadata: 0)
Ext2::alloc_block SLOW: 670 ticks (read bitmap: 670, write metadata: 0)
Ext2::alloc_block SLOW: 291 ticks (read bitmap: 291, write metadata: 0)
Ext2::alloc_block SLOW: 737 ticks (read bitmap: 737, write metadata: 0)
Ext2::alloc_block SLOW: 637 ticks (read bitmap: 637, write metadata: 0)
Ext2::alloc_block SLOW: 673 ticks (read bitmap: 673, write metadata: 0)
Ext2::alloc_block SLOW: 694 ticks (read bitmap: 694, write metadata: 0)
Ext2::alloc_block SLOW: 697 ticks (read bitmap: 697, write metadata: 0)
Ext2::alloc_block SLOW: 371 ticks (read bitmap: 371, write metadata: 0)
Ext2::alloc_block SLOW: 122 ticks (read bitmap: 122, write metadata: 0)
Ext2::alloc_block SLOW: 702 ticks (read bitmap: 702, write metadata: 0)
Ext2::alloc_block SLOW: 593 ticks (read bitmap: 593, write metadata: 0)
Ext2::alloc_block SLOW: 313 ticks (read bitmap: 313, write metadata: 0)
Ext2::alloc_block SLOW: 154 ticks (read bitmap: 154, write metadata: 0)
Ext2::alloc_block SLOW: 682 ticks (read bitmap: 682, write metadata: 0)
Ext2::alloc_block SLOW: 644 ticks (read bitmap: 644, write metadata: 0)
Ext2::alloc_block SLOW: 485 ticks (read bitmap: 485, write metadata: 0)
Ext2::alloc_block SLOW: 422 ticks (read bitmap: 422, write metadata: 0)
Ext2::alloc_block SLOW: 314 ticks (read bitmap: 314, write metadata: 0)
Ext2::alloc_block SLOW: 205 ticks (read bitmap: 205, write metadata: 0)
Ext2::alloc_block SLOW: 277 ticks (read bitmap: 277, write metadata: 0)
Ext2::alloc_block SLOW: 263 ticks (read bitmap: 263, write metadata: 0)
Ext2::alloc_block SLOW: 229 ticks (read bitmap: 229, write metadata: 0)
Ext2::alloc_block SLOW: 250 ticks (read bitmap: 250, write metadata: 0)
Ext2::alloc_block SLOW: 216 ticks (read bitmap: 216, write metadata: 0)
Ext2::alloc_block SLOW: 247 ticks (read bitmap: 247, write metadata: 0)
Ext2::alloc_block SLOW: 88 ticks (read bitmap: 88, write metadata: 0)
Ext2::alloc_block SLOW: 63 ticks (read bitmap: 63, write metadata: 0)
Ext2::alloc_block SLOW: 230 ticks (read bitmap: 230, write metadata: 0)
Ext2::alloc_block SLOW: 284 ticks (read bitmap: 284, write metadata: 0)
Ext2::alloc_block SLOW: 221 ticks (read bitmap: 221, write metadata: 0)
Ext2::alloc_block SLOW: 202 ticks (read bitmap: 202, write metadata: 0)
Ext2::alloc_block SLOW: 230 ticks (read bitmap: 230, write metadata: 0)
Ext2::alloc_block SLOW: 244 ticks (read bitmap: 244, write metadata: 0)
Ext2::alloc_block SLOW: 161 ticks (read bitmap: 161, write metadata: 0)
Ext2::alloc_block SLOW: 196 ticks (read bitmap: 196, write metadata: 0)
Ext2::alloc_block SLOW: 168 ticks (read bitmap: 168, write metadata: 0)
Ext2::alloc_block SLOW: 391 ticks (read bitmap: 391, write metadata: 0)
Ext2::alloc_block SLOW: 315 ticks (read bitmap: 315, write metadata: 0)
Ext2::alloc_block SLOW: 502 ticks (read bitmap: 502, write metadata: 0)
Ext2::alloc_block SLOW: 717 ticks (read bitmap: 717, write metadata: 0)
Ext2::alloc_block SLOW: 571 ticks (read bitmap: 571, write metadata: 0)
Ext2::alloc_block SLOW: 490 ticks (read bitmap: 490, write metadata: 0)
Ext2::alloc_block SLOW: 417 ticks (read bitmap: 417, write metadata: 0)
Ext2::alloc_block SLOW: 784 ticks (read bitmap: 784, write metadata: 0)
Ext2::alloc_block SLOW: 546 ticks (read bitmap: 546, write metadata: 0)
Ext2::alloc_block SLOW: 636 ticks (read bitmap: 636, write metadata: 0)
Ext2::alloc_block SLOW: 902 ticks (read bitmap: 902, write metadata: 0)
Ext2::alloc_block SLOW: 841 ticks (read bitmap: 841, write metadata: 0)
Ext2::alloc_block SLOW: 673 ticks (read bitmap: 673, write metadata: 0)
Ext2::alloc_block SLOW: 611 ticks (read bitmap: 611, write metadata: 0)
Ext2::alloc_block SLOW: 797 ticks (read bitmap: 797, write metadata: 0)
Ext2::alloc_block SLOW: 391 ticks (read bitmap: 391, write metadata: 0)
Ext2::alloc_block SLOW: 648 ticks (read bitmap: 648, write metadata: 0)
Ext2::alloc_block SLOW: 735 ticks (read bitmap: 735, write metadata: 0)
Ext2::alloc_block SLOW: 549 ticks (read bitmap: 549, write metadata: 0)
Ext2::alloc_block SLOW: 484 ticks (read bitmap: 484, write metadata: 0)
Ext2::alloc_block SLOW: 563 ticks (read bitmap: 563, write metadata: 0)
Ext2::alloc_block SLOW: 749 ticks (read bitmap: 749, write metadata: 0)
Ext2::alloc_block SLOW: 803 ticks (read bitmap: 803, write metadata: 0)
Ext2::alloc_block SLOW: 537 ticks (read bitmap: 537, write metadata: 0)
Ext2::alloc_block SLOW: 830 ticks (read bitmap: 830, write metadata: 0)
Ext2::alloc_block SLOW: 793 ticks (read bitmap: 793, write metadata: 0)
Ext2::alloc_block SLOW: 450 ticks (read bitmap: 450, write metadata: 0)
Ext2::alloc_block SLOW: 551 ticks (read bitmap: 551, write metadata: 0)
Ext2::alloc_block SLOW: 411 ticks (read bitmap: 411, write metadata: 0)
Ext2::alloc_block SLOW: 287 ticks (read bitmap: 287, write metadata: 0)
Ext2::alloc_block SLOW: 841 ticks (read bitmap: 841, write metadata: 0)
Ext2::alloc_block SLOW: 716 ticks (read bitmap: 716, write metadata: 0)
Ext2::alloc_block SLOW: 321 ticks (read bitmap: 321, write metadata: 0)
Ext2::alloc_block SLOW: 265 ticks (read bitmap: 265, write metadata: 0)
Ext2::alloc_block SLOW: 308 ticks (read bitmap: 308, write metadata: 0)
Ext2::alloc_block SLOW: 253 ticks (read bitmap: 253, write metadata: 0)
Ext2::alloc_block SLOW: 261 ticks (read bitmap: 261, write metadata: 0)
Ext2::alloc_block SLOW: 303 ticks (read bitmap: 303, write metadata: 0)
Ext2::alloc_block SLOW: 712 ticks (read bitmap: 712, write metadata: 0)
Ext2::alloc_block SLOW: 649 ticks (read bitmap: 649, write metadata: 0)
Ext2::alloc_block SLOW: 621 ticks (read bitmap: 621, write metadata: 0)
Ext2::alloc_block SLOW: 755 ticks (read bitmap: 755, write metadata: 0)
Ext2::alloc_block SLOW: 647 ticks (read bitmap: 647, write metadata: 0)
Ext2::alloc_block SLOW: 808 ticks (read bitmap: 808, write metadata: 0)
Ext2::alloc_block SLOW: 308 ticks (read bitmap: 308, write metadata: 0)
Ext2::alloc_block SLOW: 741 ticks (read bitmap: 741, write metadata: 0)
Ext2::alloc_block SLOW: 756 ticks (read bitmap: 756, write metadata: 0)
Ext2::alloc_block SLOW: 785 ticks (read bitmap: 785, write metadata: 0)
Ext2::alloc_block SLOW: 657 ticks (read bitmap: 657, write metadata: 0)
Ext2::alloc_block SLOW: 315 ticks (read bitmap: 315, write metadata: 0)
Ext2::alloc_block SLOW: 798 ticks (read bitmap: 798, write metadata: 0)
Ext2::alloc_block SLOW: 908 ticks (read bitmap: 908, write metadata: 0)
Ext2::alloc_block SLOW: 527 ticks (read bitmap: 527, write metadata: 0)
Ext2::alloc_block SLOW: 590 ticks (read bitmap: 590, write metadata: 0)
Ext2::alloc_block SLOW: 461 ticks (read bitmap: 461, write metadata: 0)
Ext2::alloc_block SLOW: 438 ticks (read bitmap: 438, write metadata: 0)
Ext2::alloc_block SLOW: 568 ticks (read bitmap: 568, write metadata: 0)
Ext2::alloc_block SLOW: 317 ticks (read bitmap: 317, write metadata: 0)
Ext2::alloc_block SLOW: 309 ticks (read bitmap: 309, write metadata: 0)
Ext2::alloc_block SLOW: 108 ticks (read bitmap: 108, write metadata: 0)
Ext2::alloc_block SLOW: 87 ticks (read bitmap: 87, write metadata: 0)
Ext2::alloc_block SLOW: 310 ticks (read bitmap: 310, write metadata: 0)
Ext2::alloc_block SLOW: 331 ticks (read bitmap: 331, write metadata: 0)
Ext2::alloc_block SLOW: 188 ticks (read bitmap: 188, write metadata: 0)
Ext2::alloc_block SLOW: 469 ticks (read bitmap: 469, write metadata: 0)
Ext2::alloc_block SLOW: 492 ticks (read bitmap: 492, write metadata: 0)
Ext2::alloc_block SLOW: 716 ticks (read bitmap: 716, write metadata: 0)
Ext2::alloc_block SLOW: 579 ticks (read bitmap: 579, write metadata: 0)
Ext2::alloc_block SLOW: 344 ticks (read bitmap: 344, write metadata: 0)
Ext2::alloc_block SLOW: 128 ticks (read bitmap: 128, write metadata: 0)
Ext2::alloc_block SLOW: 319 ticks (read bitmap: 319, write metadata: 0)
Ext2::alloc_block SLOW: 268 ticks (read bitmap: 268, write metadata: 0)
Ext2::alloc_block SLOW: 272 ticks (read bitmap: 272, write metadata: 0)
Ext2::alloc_block SLOW: 238 ticks (read bitmap: 238, write metadata: 0)
Ext2::alloc_block SLOW: 696 ticks (read bitmap: 696, write metadata: 0)
Ext2::alloc_block SLOW: 410 ticks (read bitmap: 410, write metadata: 0)
Ext2::alloc_block SLOW: 368 ticks (read bitmap: 368, write metadata: 0)
Ext2::alloc_block SLOW: 469 ticks (read bitmap: 469, write metadata: 0)
Ext2::alloc_block SLOW: 101 ticks (read bitmap: 101, write metadata: 0)
Ext2::alloc_block SLOW: 68 ticks (read bitmap: 68, write metadata: 0)
Ext2::alloc_block SLOW: 52 ticks (read bitmap: 52, write metadata: 0)
Ext2::alloc_block SLOW: 281 ticks (read bitmap: 281, write metadata: 0)
Ext2::alloc_block SLOW: 672 ticks (read bitmap: 672, write metadata: 0)
Ext2::alloc_block SLOW: 466 ticks (read bitmap: 466, write metadata: 0)
Ext2::alloc_block SLOW: 437 ticks (read bitmap: 437, write metadata: 0)
Ext2::alloc_block SLOW: 510 ticks (read bitmap: 510, write metadata: 0)
Ext2::alloc_block SLOW: 469 ticks (read bitmap: 469, write metadata: 0)
Ext2::alloc_block SLOW: 512 ticks (read bitmap: 512, write metadata: 0)
Ext2::alloc_block SLOW: 250 ticks (read bitmap: 250, write metadata: 0)
Ext2::alloc_block SLOW: 413 ticks (read bitmap: 413, write metadata: 0)
Ext2::alloc_block SLOW: 365 ticks (read bitmap: 365, write metadata: 0)
Ext2::alloc_block SLOW: 545 ticks (read bitmap: 545, write metadata: 0)
Ext2::alloc_block SLOW: 303 ticks (read bitmap: 303, write metadata: 0)
Ext2::alloc_block SLOW: 256 ticks (read bitmap: 256, write metadata: 0)
Ext2::alloc_block SLOW: 938 ticks (read bitmap: 938, write metadata: 0)
Ext2::alloc_block SLOW: 579 ticks (read bitmap: 579, write metadata: 0)
Ext2::alloc_block SLOW: 899 ticks (read bitmap: 899, write metadata: 0)
Ext2::alloc_block SLOW: 289 ticks (read bitmap: 289, write metadata: 0)
Ext2::alloc_block SLOW: 765 ticks (read bitmap: 765, write metadata: 0)
Ext2::alloc_block SLOW: 813 ticks (read bitmap: 813, write metadata: 0)
Ext2::alloc_block SLOW: 822 ticks (read bitmap: 822, write metadata: 0)
Ext2::alloc_block SLOW: 900 ticks (read bitmap: 900, write metadata: 0)
Ext2::alloc_block SLOW: 785 ticks (read bitmap: 785, write metadata: 0)
Ext2::alloc_block SLOW: 529 ticks (read bitmap: 529, write metadata: 0)
Ext2::alloc_block SLOW: 488 ticks (read bitmap: 488, write metadata: 0)
Ext2::alloc_block SLOW: 679 ticks (read bitmap: 679, write metadata: 0)
Ext2::alloc_block SLOW: 645 ticks (read bitmap: 645, write metadata: 0)
Ext2::alloc_block SLOW: 327 ticks (read bitmap: 327, write metadata: 0)
Ext2::alloc_block SLOW: 285 ticks (read bitmap: 285, write metadata: 0)
Ext2::alloc_block SLOW: 67 ticks (read bitmap: 67, write metadata: 0)
Ext2::alloc_block SLOW: 248 ticks (read bitmap: 248, write metadata: 0)
Ext2::alloc_block SLOW: 214 ticks (read bitmap: 214, write metadata: 0)
Ext2::alloc_block SLOW: 315 ticks (read bitmap: 315, write metadata: 0)
Ext2::alloc_block SLOW: 198 ticks (read bitmap: 198, write metadata: 0)
Ext2::alloc_block SLOW: 209 ticks (read bitmap: 209, write metadata: 0)
Ext2::alloc_block SLOW: 299 ticks (read bitmap: 299, write metadata: 0)
Ext2::alloc_block SLOW: 348 ticks (read bitmap: 348, write metadata: 0)
Ext2::alloc_block SLOW: 246 ticks (read bitmap: 246, write metadata: 0)
Ext2::alloc_block SLOW: 369 ticks (read bitmap: 369, write metadata: 0)
Ext2::alloc_block SLOW: 240 ticks (read bitmap: 240, write metadata: 0)
Ext2::alloc_block SLOW: 218 ticks (read bitmap: 218, write metadata: 0)
Ext2::alloc_block SLOW: 319 ticks (read bitmap: 319, write metadata: 0)
Ext2::alloc_block SLOW: 220 ticks (read bitmap: 220, write metadata: 0)
Ext2::alloc_block SLOW: 248 ticks (read bitmap: 248, write metadata: 0)
Ext2::alloc_block SLOW: 264 ticks (read bitmap: 264, write metadata: 0)
Ext2::alloc_block SLOW: 299 ticks (read bitmap: 299, write metadata: 0)
Ext2::alloc_block SLOW: 211 ticks (read bitmap: 211, write metadata: 0)
Ext2::alloc_block SLOW: 195 ticks (read bitmap: 195, write metadata: 0)
Ext2::alloc_block SLOW: 223 ticks (read bitmap: 223, write metadata: 0)
Ext2::alloc_block SLOW: 298 ticks (read bitmap: 298, write metadata: 0)
Ext2::alloc_block SLOW: 346 ticks (read bitmap: 346, write metadata: 0)
Ext2::alloc_block SLOW: 295 ticks (read bitmap: 295, write metadata: 0)
Ext2::alloc_block SLOW: 262 ticks (read bitmap: 262, write metadata: 0)
Ext2::alloc_block SLOW: 276 ticks (read bitmap: 276, write metadata: 0)
Ext2::alloc_block SLOW: 316 ticks (read bitmap: 316, write metadata: 0)
Ext2::alloc_block SLOW: 270 ticks (read bitmap: 270, write metadata: 0)
Ext2::alloc_block SLOW: 210 ticks (read bitmap: 210, write metadata: 0)
Ext2::alloc_block SLOW: 324 ticks (read bitmap: 324, write metadata: 0)
Ext2::alloc_block SLOW: 73 ticks (read bitmap: 73, write metadata: 0)
Ext2::alloc_block SLOW: 295 ticks (read bitmap: 295, write metadata: 0)
Ext2::alloc_block SLOW: 276 ticks (read bitmap: 276, write metadata: 0)
Ext2::alloc_block SLOW: 259 ticks (read bitmap: 259, write metadata: 0)
Ext2::alloc_block SLOW: 281 ticks (read bitmap: 281, write metadata: 0)
Ext2::alloc_block SLOW: 260 ticks (read bitmap: 260, write metadata: 0)
Ext2::alloc_block SLOW: 261 ticks (read bitmap: 261, write metadata: 0)
Ext2::alloc_block SLOW: 259 ticks (read bitmap: 259, write metadata: 0)
Ext2::alloc_block SLOW: 347 ticks (read bitmap: 347, write metadata: 0)
Ext2::alloc_block SLOW: 328 ticks (read bitmap: 328, write metadata: 0)
Ext2::alloc_block SLOW: 170 ticks (read bitmap: 170, write metadata: 0)
Ext2::alloc_block SLOW: 235 ticks (read bitmap: 235, write metadata: 0)
Ext2::alloc_block SLOW: 244 ticks (read bitmap: 244, write metadata: 0)
Ext2::alloc_block SLOW: 311 ticks (read bitmap: 311, write metadata: 0)
Ext2::alloc_block SLOW: 318 ticks (read bitmap: 318, write metadata: 0)
Ext2::alloc_block SLOW: 269 ticks (read bitmap: 269, write metadata: 0)
Ext2::alloc_block SLOW: 315 ticks (read bitmap: 315, write metadata: 0)
Ext2::alloc_block SLOW: 266 ticks (read bitmap: 266, write metadata: 0)
Ext2::alloc_block SLOW: 297 ticks (read bitmap: 297, write metadata: 0)
Ext2::alloc_block SLOW: 250 ticks (read bitmap: 250, write metadata: 0)
Ext2::alloc_block SLOW: 203 ticks (read bitmap: 203, write metadata: 0)
Ext2::alloc_block SLOW: 248 ticks (read bitmap: 248, write metadata: 0)
Ext2::alloc_block SLOW: 268 ticks (read bitmap: 268, write metadata: 0)
Ext2::alloc_block SLOW: 284 ticks (read bitmap: 284, write metadata: 0)
Ext2::alloc_block SLOW: 281 ticks (read bitmap: 281, write metadata: 0)
Ext2::alloc_block SLOW: 604 ticks (read bitmap: 604, write metadata: 0)
Ext2::alloc_block SLOW: 86 ticks (read bitmap: 86, write metadata: 0)
Ext2::alloc_block SLOW: 893 ticks (read bitmap: 893, write metadata: 0)
Ext2::alloc_block SLOW: 675 ticks (read bitmap: 675, write metadata: 0)
Ext2::alloc_block SLOW: 684 ticks (read bitmap: 684, write metadata: 0)
Ext2::alloc_block SLOW: 570 ticks (read bitmap: 570, write metadata: 0)
Ext2::alloc_block SLOW: 622 ticks (read bitmap: 622, write metadata: 0)
Ext2::alloc_block SLOW: 588 ticks (read bitmap: 588, write metadata: 0)
Ext2::alloc_block SLOW: 766 ticks (read bitmap: 766, write metadata: 0)
Ext2::alloc_block SLOW: 731 ticks (read bitmap: 731, write metadata: 0)
Ext2::alloc_block SLOW: 251 ticks (read bitmap: 251, write metadata: 0)
Ext2::alloc_block SLOW: 717 ticks (read bitmap: 717, write metadata: 0)
Ext2::alloc_block SLOW: 262 ticks (read bitmap: 262, write metadata: 0)
Ext2::alloc_block SLOW: 269 ticks (read bitmap: 269, write metadata: 0)
Ext2::alloc_block SLOW: 688 ticks (read bitmap: 688, write metadata: 0)
Ext2::alloc_block SLOW: 233 ticks (read bitmap: 233, write metadata: 0)
Ext2::alloc_block SLOW: 615 ticks (read bitmap: 615, write metadata: 0)
Ext2::alloc_block SLOW: 263 ticks (read bitmap: 263, write metadata: 0)
Ext2::alloc_block SLOW: 322 ticks (read bitmap: 322, write metadata: 0)
Ext2::alloc_block SLOW: 905 ticks (read bitmap: 905, write metadata: 0)
Ext2::alloc_block SLOW: 987 ticks (read bitmap: 987, write metadata: 0)
Ext2::alloc_block SLOW: 645 ticks (read bitmap: 645, write metadata: 0)
Ext2::alloc_block SLOW: 345 ticks (read bitmap: 345, write metadata: 0)
Ext2::alloc_block SLOW: 376 ticks (read bitmap: 376, write metadata: 0)
Ext2::alloc_block SLOW: 265 ticks (read bitmap: 265, write metadata: 0)
Ext2::alloc_block SLOW: 252 ticks (read bitmap: 252, write metadata: 0)
Ext2::alloc_block SLOW: 242 ticks (read bitmap: 242, write metadata: 0)
Ext2::alloc_block SLOW: 61 ticks (read bitmap: 61, write metadata: 0)
Ext2::alloc_block SLOW: 249 ticks (read bitmap: 249, write metadata: 0)
Ext2::alloc_block SLOW: 771 ticks (read bitmap: 771, write metadata: 0)
Ext2::alloc_block SLOW: 644 ticks (read bitmap: 644, write metadata: 0)
Ext2::alloc_block SLOW: 681 ticks (read bitmap: 681, write metadata: 0)
Ext2::alloc_block SLOW: 657 ticks (read bitmap: 657, write metadata: 0)
Ext2::alloc_block SLOW: 313 ticks (read bitmap: 313, write metadata: 0)
Ext2::alloc_block SLOW: 830 ticks (read bitmap: 830, write metadata: 0)
Ext2::alloc_block SLOW: 547 ticks (read bitmap: 547, write metadata: 0)
Ext2::alloc_block SLOW: 558 ticks (read bitmap: 558, write metadata: 0)
Ext2::alloc_block SLOW: 733 ticks (read bitmap: 733, write metadata: 0)
Ext2::alloc_block SLOW: 667 ticks (read bitmap: 667, write metadata: 0)
Ext2::alloc_block SLOW: 690 ticks (read bitmap: 690, write metadata: 0)
Ext2::alloc_block SLOW: 708 ticks (read bitmap: 708, write metadata: 0)
Ext2::alloc_block SLOW: 789 ticks (read bitmap: 789, write metadata: 0)
Ext2::alloc_block SLOW: 758 ticks (read bitmap: 758, write metadata: 0)
Ext2::alloc_block SLOW: 635 ticks (read bitmap: 635, write metadata: 0)
Ext2::alloc_block SLOW: 635 ticks (read bitmap: 635, write metadata: 0)
Ext2::alloc_block SLOW: 456 ticks (read bitmap: 456, write metadata: 0)
Ext2::alloc_block SLOW: 743 ticks (read bitmap: 743, write metadata: 0)
Ext2::alloc_block SLOW: 648 ticks (read bitmap: 648, write metadata: 0)
Ext2::alloc_block SLOW: 778 ticks (read bitmap: 778, write metadata: 0)
Ext2::alloc_block SLOW: 733 ticks (read bitmap: 733, write metadata: 0)
Ext2::alloc_block SLOW: 564 ticks (read bitmap: 564, write metadata: 0)
Ext2::alloc_block SLOW: 689 ticks (read bitmap: 689, write metadata: 0)
Ext2::alloc_block SLOW: 742 ticks (read bitmap: 742, write metadata: 0)
Ext2::alloc_block SLOW: 744 ticks (read bitmap: 744, write metadata: 0)
Ext2::alloc_block SLOW: 701 ticks (read bitmap: 701, write metadata: 0)
Ext2::alloc_block SLOW: 712 ticks (read bitmap: 712, write metadata: 0)
Ext2::alloc_block SLOW: 728 ticks (read bitmap: 728, write metadata: 0)
Ext2::alloc_block SLOW: 718 ticks (read bitmap: 718, write metadata: 0)
Ext2::alloc_block SLOW: 757 ticks (read bitmap: 757, write metadata: 0)
Ext2::alloc_block SLOW: 785 ticks (read bitmap: 785, write metadata: 0)
Ext2::alloc_block SLOW: 689 ticks (read bitmap: 689, write metadata: 0)
Ext2::alloc_block SLOW: 699 ticks (read bitmap: 699, write metadata: 0)
Ext2::alloc_block SLOW: 697 ticks (read bitmap: 697, write metadata: 0)
Ext2::alloc_block SLOW: 569 ticks (read bitmap: 569, write metadata: 0)
Ext2::alloc_block SLOW: 710 ticks (read bitmap: 710, write metadata: 0)
Ext2::alloc_block SLOW: 470 ticks (read bitmap: 470, write metadata: 0)
Ext2::alloc_block SLOW: 672 ticks (read bitmap: 672, write metadata: 0)
Ext2::alloc_block SLOW: 631 ticks (read bitmap: 631, write metadata: 0)
Ext2::alloc_block SLOW: 744 ticks (read bitmap: 744, write metadata: 0)
Ext2::alloc_block SLOW: 633 ticks (read bitmap: 633, write metadata: 0)
Ext2::alloc_block SLOW: 370 ticks (read bitmap: 370, write metadata: 0)
Ext2::alloc_block SLOW: 360 ticks (read bitmap: 360, write metadata: 0)
Ext2::alloc_block SLOW: 165 ticks (read bitmap: 165, write metadata: 0)
Ext2::alloc_block SLOW: 586 ticks (read bitmap: 586, write metadata: 0)
Ext2::alloc_block SLOW: 487 ticks (read bitmap: 487, write metadata: 0)
Ext2::alloc_block SLOW: 549 ticks (read bitmap: 549, write metadata: 0)
Ext2::alloc_block SLOW: 537 ticks (read bitmap: 537, write metadata: 0)
Ext2::alloc_block SLOW: 579 ticks (read bitmap: 579, write metadata: 0)
Ext2::alloc_block SLOW: 327 ticks (read bitmap: 327, write metadata: 0)
Ext2::alloc_block SLOW: 396 ticks (read bitmap: 396, write metadata: 0)
Ext2::alloc_block SLOW: 321 ticks (read bitmap: 321, write metadata: 0)
Ext2::alloc_block SLOW: 552 ticks (read bitmap: 552, write metadata: 0)
Ext2::alloc_block SLOW: 537 ticks (read bitmap: 537, write metadata: 0)
Ext2::alloc_block SLOW: 819 ticks (read bitmap: 819, write metadata: 0)
Ext2::alloc_block SLOW: 575 ticks (read bitmap: 575, write metadata: 0)
Ext2::alloc_block SLOW: 396 ticks (read bitmap: 396, write metadata: 0)
Ext2::alloc_block SLOW: 257 ticks (read bitmap: 257, write metadata: 0)
Ext2::alloc_block SLOW: 779 ticks (read bitmap: 779, write metadata: 0)
Ext2::alloc_block SLOW: 122 ticks (read bitmap: 122, write metadata: 0)
Ext2::alloc_block SLOW: 337 ticks (read bitmap: 337, write metadata: 0)
Ext2::alloc_block SLOW: 715 ticks (read bitmap: 715, write metadata: 0)
Ext2::alloc_block SLOW: 720 ticks (read bitmap: 720, write metadata: 0)
Ext2::alloc_block SLOW: 445 ticks (read bitmap: 445, write metadata: 0)
Ext2::alloc_block SLOW: 692 ticks (read bitmap: 692, write metadata: 0)
Ext2::alloc_block SLOW: 342 ticks (read bitmap: 342, write metadata: 0)
Ext2::alloc_block SLOW: 593 ticks (read bitmap: 593, write metadata: 0)
Ext2::alloc_block SLOW: 540 ticks (read bitmap: 540, write metadata: 0)
Ext2::alloc_block SLOW: 253 ticks (read bitmap: 253, write metadata: 0)
Ext2::alloc_block SLOW: 270 ticks (read bitmap: 270, write metadata: 0)
Ext2::alloc_block SLOW: 255 ticks (read bitmap: 255, write metadata: 0)
Ext2::alloc_block SLOW: 64 ticks (read bitmap: 64, write metadata: 0)
Ext2::alloc_block SLOW: 147 ticks (read bitmap: 147, write metadata: 0)
Ext2::alloc_block SLOW: 96 ticks (read bitmap: 96, write metadata: 0)
Ext2::alloc_block SLOW: 266 ticks (read bitmap: 266, write metadata: 0)
Ext2::alloc_block SLOW: 258 ticks (read bitmap: 258, write metadata: 0)
Ext2::alloc_block SLOW: 448 ticks (read bitmap: 448, write metadata: 0)
Ext2::alloc_block SLOW: 729 ticks (read bitmap: 729, write metadata: 0)
Ext2::alloc_block SLOW: 408 ticks (read bitmap: 408, write metadata: 0)
Ext2::alloc_block SLOW: 903 ticks (read bitmap: 903, write metadata: 0)
Ext2::alloc_block SLOW: 831 ticks (read bitmap: 831, write metadata: 0)
Ext2::alloc_block SLOW: 387 ticks (read bitmap: 387, write metadata: 0)
Ext2::alloc_block SLOW: 696 ticks (read bitmap: 696, write metadata: 0)
Ext2::alloc_block SLOW: 947 ticks (read bitmap: 947, write metadata: 0)
Ext2::alloc_block SLOW: 1294 ticks (read bitmap: 1294, write metadata: 0)
Ext2::alloc_block SLOW: 732 ticks (read bitmap: 732, write metadata: 0)
Ext2::alloc_block SLOW: 721 ticks (read bitmap: 721, write metadata: 0)
Ext2::alloc_block SLOW: 351 ticks (read bitmap: 351, write metadata: 0)
Ext2::alloc_block SLOW: 447 ticks (read bitmap: 447, write metadata: 0)
Ext2::alloc_block SLOW: 628 ticks (read bitmap: 628, write metadata: 0)
Ext2::alloc_block SLOW: 626 ticks (read bitmap: 626, write metadata: 0)
Ext2::alloc_block SLOW: 693 ticks (read bitmap: 693, write metadata: 0)
Ext2::alloc_block SLOW: 470 ticks (read bitmap: 470, write metadata: 0)
Ext2::alloc_block SLOW: 570 ticks (read bitmap: 570, write metadata: 0)
Ext2::alloc_block SLOW: 459 ticks (read bitmap: 459, write metadata: 0)
Ext2::alloc_block SLOW: 775 ticks (read bitmap: 775, write metadata: 0)
Ext2::alloc_block SLOW: 344 ticks (read bitmap: 344, write metadata: 0)
Ext2::alloc_block SLOW: 949 ticks (read bitmap: 949, write metadata: 0)
Ext2::alloc_block SLOW: 786 ticks (read bitmap: 786, write metadata: 0)
Ext2::alloc_block SLOW: 303 ticks (read bitmap: 303, write metadata: 0)
Ext2::alloc_block SLOW: 836 ticks (read bitmap: 836, write metadata: 0)
Ext2::alloc_block SLOW: 375 ticks (read bitmap: 375, write metadata: 0)
Ext2::alloc_block SLOW: 629 ticks (read bitmap: 629, write metadata: 0)
Ext2::alloc_block SLOW: 317 ticks (read bitmap: 317, write metadata: 0)
Ext2::alloc_block SLOW: 635 ticks (read bitmap: 635, write metadata: 0)
Ext2::alloc_block SLOW: 461 ticks (read bitmap: 461, write metadata: 0)
Ext2::alloc_block SLOW: 469 ticks (read bitmap: 469, write metadata: 0)
Ext2::alloc_block SLOW: 781 ticks (read bitmap: 781, write metadata: 0)
Ext2::alloc_block SLOW: 740 ticks (read bitmap: 740, write metadata: 0)
Ext2::alloc_block SLOW: 403 ticks (read bitmap: 403, write metadata: 0)
Ext2::alloc_block SLOW: 460 ticks (read bitmap: 460, write metadata: 0)
Ext2::alloc_block SLOW: 462 ticks (read bitmap: 462, write metadata: 0)
Ext2::alloc_block SLOW: 473 ticks (read bitmap: 473, write metadata: 0)
Ext2::alloc_block SLOW: 449 ticks (read bitmap: 449, write metadata: 0)
Ext2::alloc_block SLOW: 451 ticks (read bitmap: 451, write metadata: 0)
Ext2::alloc_block SLOW: 416 ticks (read bitmap: 416, write metadata: 0)
Ext2::alloc_block SLOW: 632 ticks (read bitmap: 632, write metadata: 0)
Ext2::alloc_block SLOW: 718 ticks (read bitmap: 718, write metadata: 0)
Ext2::alloc_block SLOW: 753 ticks (read bitmap: 753, write metadata: 0)
Ext2::alloc_block SLOW: 712 ticks (read bitmap: 712, write metadata: 0)
Ext2::alloc_block SLOW: 805 ticks (read bitmap: 805, write metadata: 0)
Ext2::alloc_block SLOW: 747 ticks (read bitmap: 747, write metadata: 0)
Ext2::alloc_block SLOW: 637 ticks (read bitmap: 637, write metadata: 0)
Ext2::alloc_block SLOW: 623 ticks (read bitmap: 623, write metadata: 0)
Ext2::alloc_block SLOW: 765 ticks (read bitmap: 765, write metadata: 0)
Ext2::alloc_block SLOW: 359 ticks (read bitmap: 359, write metadata: 0)
Ext2::alloc_block SLOW: 652 ticks (read bitmap: 652, write metadata: 0)
Ext2::alloc_block SLOW: 785 ticks (read bitmap: 785, write metadata: 0)
Ext2::alloc_block SLOW: 715 ticks (read bitmap: 715, write metadata: 0)
Ext2::alloc_block SLOW: 733 ticks (read bitmap: 733, write metadata: 0)
Ext2::alloc_block SLOW: 706 ticks (read bitmap: 706, write metadata: 0)
Ext2::alloc_block SLOW: 831 ticks (read bitmap: 831, write metadata: 0)
Ext2::alloc_block SLOW: 774 ticks (read bitmap: 774, write metadata: 0)
Ext2::alloc_block SLOW: 711 ticks (read bitmap: 711, write metadata: 0)
Ext2::alloc_block SLOW: 700 ticks (read bitmap: 700, write metadata: 0)
Ext2::alloc_block SLOW: 660 ticks (read bitmap: 660, write metadata: 0)
Ext2::alloc_block SLOW: 833 ticks (read bitmap: 833, write metadata: 0)
Ext2::alloc_block SLOW: 660 ticks (read bitmap: 660, write metadata: 0)
Ext2::alloc_block SLOW: 194 ticks (read bitmap: 194, write metadata: 0)
Ext2::alloc_block SLOW: 869 ticks (read bitmap: 869, write metadata: 0)
Ext2::alloc_block SLOW: 873 ticks (read bitmap: 873, write metadata: 0)
Ext2::alloc_block SLOW: 330 ticks (read bitmap: 330, write metadata: 0)
Ext2::alloc_block SLOW: 443 ticks (read bitmap: 443, write metadata: 0)
Ext2::alloc_block SLOW: 306 ticks (read bitmap: 306, write metadata: 0)
Ext2::alloc_block SLOW: 696 ticks (read bitmap: 696, write metadata: 0)
Ext2::alloc_block SLOW: 721 ticks (read bitmap: 721, write metadata: 0)
Ext2::alloc_block SLOW: 691 ticks (read bitmap: 691, write metadata: 0)
Ext2::alloc_block SLOW: 651 ticks (read bitmap: 651, write metadata: 0)
Ext2::alloc_block SLOW: 640 ticks (read bitmap: 640, write metadata: 0)
Ext2::alloc_block SLOW: 456 ticks (read bitmap: 456, write metadata: 0)
Ext2::alloc_block SLOW: 501 ticks (read bitmap: 501, write metadata: 0)
Ext2::alloc_block SLOW: 457 ticks (read bitmap: 457, write metadata: 0)
Ext2::alloc_block SLOW: 603 ticks (read bitmap: 603, write metadata: 0)
Ext2::alloc_block SLOW: 653 ticks (read bitmap: 653, write metadata: 0)
Ext2::alloc_block SLOW: 598 ticks (read bitmap: 598, write metadata: 0)
Ext2::alloc_block SLOW: 331 ticks (read bitmap: 331, write metadata: 0)
Ext2::alloc_block SLOW: 476 ticks (read bitmap: 476, write metadata: 0)
Ext2::alloc_block SLOW: 766 ticks (read bitmap: 766, write metadata: 0)
Ext2::alloc_block SLOW: 676 ticks (read bitmap: 676, write metadata: 0)
Ext2::alloc_block SLOW: 723 ticks (read bitmap: 723, write metadata: 0)
Ext2::alloc_block SLOW: 586 ticks (read bitmap: 586, write metadata: 0)
Ext2::alloc_block SLOW: 80 ticks (read bitmap: 80, write metadata: 0)
Ext2::alloc_block SLOW: 67 ticks (read bitmap: 67, write metadata: 0)
Ext2::alloc_block SLOW: 774 ticks (read bitmap: 774, write metadata: 0)
Ext2::alloc_block SLOW: 704 ticks (read bitmap: 704, write metadata: 0)
Ext2::alloc_block SLOW: 878 ticks (read bitmap: 878, write metadata: 0)
Ext2::alloc_block SLOW: 347 ticks (read bitmap: 347, write metadata: 0)
Ext2::alloc_block SLOW: 122 ticks (read bitmap: 122, write metadata: 0)
Ext2::alloc_block SLOW: 85 ticks (read bitmap: 85, write metadata: 0)
Ext2::alloc_block SLOW: 68 ticks (read bitmap: 68, write metadata: 0)
Ext2::alloc_block SLOW: 63 ticks (read bitmap: 63, write metadata: 0)
Ext2::alloc_block SLOW: 263 ticks (read bitmap: 263, write metadata: 0)
Ext2::alloc_block SLOW: 244 ticks (read bitmap: 244, write metadata: 0)
Ext2::alloc_block SLOW: 553 ticks (read bitmap: 553, write metadata: 0)
Ext2::alloc_block SLOW: 188 ticks (read bitmap: 188, write metadata: 0)
Ext2::alloc_block SLOW: 206 ticks (read bitmap: 206, write metadata: 0)
Ext2::alloc_block SLOW: 730 ticks (read bitmap: 730, write metadata: 0)
Ext2::alloc_block SLOW: 647 ticks (read bitmap: 647, write metadata: 0)
Ext2::alloc_block SLOW: 517 ticks (read bitmap: 517, write metadata: 0)
Ext2::alloc_block SLOW: 488 ticks (read bitmap: 488, write metadata: 0)
Ext2::alloc_block SLOW: 523 ticks (read bitmap: 523, write metadata: 0)
Ext2::alloc_block SLOW: 497 ticks (read bitmap: 497, write metadata: 0)
Ext2::alloc_block SLOW: 759 ticks (read bitmap: 759, write metadata: 0)
Ext2::alloc_block SLOW: 813 ticks (read bitmap: 813, write metadata: 0)
Ext2::alloc_block SLOW: 666 ticks (read bitmap: 666, write metadata: 0)
Ext2::alloc_block SLOW: 780 ticks (read bitmap: 780, write metadata: 0)
Ext2::alloc_block SLOW: 733 ticks (read bitmap: 733, write metadata: 0)
Ext2::alloc_block SLOW: 708 ticks (read bitmap: 708, write metadata: 0)
Ext2::alloc_block SLOW: 566 ticks (read bitmap: 566, write metadata: 0)
Ext2::alloc_block SLOW: 494 ticks (read bitmap: 494, write metadata: 0)
Ext2::alloc_block SLOW: 572 ticks (read bitmap: 572, write metadata: 0)
Ext2::alloc_block SLOW: 996 ticks (read bitmap: 996, write metadata: 0)
Ext2::alloc_block SLOW: 755 ticks (read bitmap: 755, write metadata: 0)
Ext2::alloc_block SLOW: 880 ticks (read bitmap: 880, write metadata: 0)
Ext2::alloc_block SLOW: 695 ticks (read bitmap: 695, write metadata: 0)
Ext2::alloc_block SLOW: 717 ticks (read bitmap: 717, write metadata: 0)
Ext2::alloc_block SLOW: 534 ticks (read bitmap: 534, write metadata: 0)
Ext2::alloc_block SLOW: 693 ticks (read bitmap: 693, write metadata: 0)
Ext2::alloc_block SLOW: 463 ticks (read bitmap: 463, write metadata: 0)
Ext2::alloc_block SLOW: 513 ticks (read bitmap: 513, write metadata: 0)
Ext2::alloc_block SLOW: 723 ticks (read bitmap: 723, write metadata: 0)
Ext2::alloc_block SLOW: 801 ticks (read bitmap: 801, write metadata: 0)
Ext2::alloc_block SLOW: 728 ticks (read bitmap: 728, write metadata: 0)
Ext2::alloc_block SLOW: 783 ticks (read bitmap: 783, write metadata: 0)
Ext2::alloc_block SLOW: 817 ticks (read bitmap: 817, write metadata: 0)
Ext2::alloc_block SLOW: 821 ticks (read bitmap: 821, write metadata: 0)
Ext2::alloc_block SLOW: 851 ticks (read bitmap: 851, write metadata: 0)
Ext2::alloc_block SLOW: 522 ticks (read bitmap: 522, write metadata: 0)
Ext2::alloc_block SLOW: 497 ticks (read bitmap: 497, write metadata: 0)
Ext2::alloc_block SLOW: 692 ticks (read bitmap: 692, write metadata: 0)
Ext2::alloc_block SLOW: 810 ticks (read bitmap: 810, write metadata: 0)
Ext2::alloc_block SLOW: 751 ticks (read bitmap: 751, write metadata: 0)
Ext2::alloc_block SLOW: 826 ticks (read bitmap: 826, write metadata: 0)
Ext2::alloc_block SLOW: 733 ticks (read bitmap: 733, write metadata: 0)
Ext2::alloc_block SLOW: 731 ticks (read bitmap: 731, write metadata: 0)
Ext2::alloc_block SLOW: 626 ticks (read bitmap: 626, write metadata: 0)
Ext2::alloc_block SLOW: 563 ticks (read bitmap: 563, write metadata: 0)
Ext2::alloc_block SLOW: 435 ticks (read bitmap: 435, write metadata: 0)
Ext2::alloc_block SLOW: 755 ticks (read bitmap: 755, write metadata: 0)
Ext2::alloc_block SLOW: 680 ticks (read bitmap: 680, write metadata: 0)
Ext2::alloc_block SLOW: 932 ticks (read bitmap: 932, write metadata: 0)
Ext2::alloc_block SLOW: 835 ticks (read bitmap: 835, write metadata: 0)
Ext2::alloc_block SLOW: 755 ticks (read bitmap: 755, write metadata: 0)
Ext2::alloc_block SLOW: 698 ticks (read bitmap: 698, write metadata: 0)
Ext2::alloc_block SLOW: 750 ticks (read bitmap: 750, write metadata: 0)
Ext2::alloc_block SLOW: 435 ticks (read bitmap: 435, write metadata: 0)
Ext2::alloc_block SLOW: 621 ticks (read bitmap: 621, write metadata: 0)
Ext2::alloc_block SLOW: 729 ticks (read bitmap: 729, write metadata: 0)
Ext2::alloc_block SLOW: 794 ticks (read bitmap: 794, write metadata: 0)
Ext2::alloc_block SLOW: 879 ticks (read bitmap: 879, write metadata: 0)
Ext2::alloc_block SLOW: 778 ticks (read bitmap: 778, write metadata: 0)
Ext2::alloc_block SLOW: 711 ticks (read bitmap: 711, write metadata: 0)
Ext2::alloc_block SLOW: 723 ticks (read bitmap: 723, write metadata: 0)
Ext2::alloc_block SLOW: 288 ticks (read bitmap: 288, write metadata: 0)
Ext2::alloc_block SLOW: 283 ticks (read bitmap: 283, write metadata: 0)
Ext2::alloc_block SLOW: 566 ticks (read bitmap: 566, write metadata: 0)
Ext2::alloc_block SLOW: 559 ticks (read bitmap: 559, write metadata: 0)
Ext2::alloc_block SLOW: 684 ticks (read bitmap: 684, write metadata: 0)
Ext2::alloc_block SLOW: 668 ticks (read bitmap: 668, write metadata: 0)
Ext2::alloc_block SLOW: 653 ticks (read bitmap: 653, write metadata: 0)
Ext2::alloc_block SLOW: 662 ticks (read bitmap: 662, write metadata: 0)
Ext2::alloc_block SLOW: 471 ticks (read bitmap: 471, write metadata: 0)
Ext2::alloc_block SLOW: 490 ticks (read bitmap: 490, write metadata: 0)
Ext2::alloc_block SLOW: 421 ticks (read bitmap: 421, write metadata: 0)
Ext2::alloc_block SLOW: 497 ticks (read bitmap: 497, write metadata: 0)
Ext2::alloc_block SLOW: 798 ticks (read bitmap: 798, write metadata: 0)
Ext2::alloc_block SLOW: 676 ticks (read bitmap: 676, write metadata: 0)
Ext2::alloc_block SLOW: 787 ticks (read bitmap: 787, write metadata: 0)
Ext2::alloc_block SLOW: 518 ticks (read bitmap: 518, write metadata: 0)
Ext2::alloc_block SLOW: 351 ticks (read bitmap: 351, write metadata: 0)
Ext2::alloc_block SLOW: 649 ticks (read bitmap: 649, write metadata: 0)
Ext2::alloc_block SLOW: 694 ticks (read bitmap: 694, write metadata: 0)
Ext2::alloc_block SLOW: 570 ticks (read bitmap: 570, write metadata: 0)
Ext2::alloc_block SLOW: 426 ticks (read bitmap: 426, write metadata: 0)
Ext2::alloc_block SLOW: 738 ticks (read bitmap: 738, write metadata: 0)
Ext2::alloc_block SLOW: 742 ticks (read bitmap: 742, write metadata: 0)
Ext2::alloc_block SLOW: 283 ticks (read bitmap: 283, write metadata: 0)
Ext2::alloc_block SLOW: 589 ticks (read bitmap: 589, write metadata: 0)
Ext2::alloc_block SLOW: 636 ticks (read bitmap: 636, write metadata: 0)
Ext2::alloc_block SLOW: 593 ticks (read bitmap: 593, write metadata: 0)
Ext2::alloc_block SLOW: 841 ticks (read bitmap: 841, write metadata: 0)
Ext2::alloc_block SLOW: 125 ticks (read bitmap: 125, write metadata: 0)
Ext2::alloc_block SLOW: 90 ticks (read bitmap: 90, write metadata: 0)
Ext2::alloc_block SLOW: 98 ticks (read bitmap: 98, write metadata: 0)
Ext2::alloc_block SLOW: 288 ticks (read bitmap: 288, write metadata: 0)
Ext2::alloc_block SLOW: 320 ticks (read bitmap: 320, write metadata: 0)
Ext2::alloc_block SLOW: 338 ticks (read bitmap: 338, write metadata: 0)
Ext2::alloc_block SLOW: 422 ticks (read bitmap: 422, write metadata: 0)
Ext2::alloc_block SLOW: 555 ticks (read bitmap: 555, write metadata: 0)
Ext2::alloc_block SLOW: 402 ticks (read bitmap: 402, write metadata: 0)
Ext2::alloc_block SLOW: 632 ticks (read bitmap: 632, write metadata: 0)
Ext2::alloc_block SLOW: 286 ticks (read bitmap: 286, write metadata: 0)
Ext2::alloc_block SLOW: 545 ticks (read bitmap: 545, write metadata: 0)
Ext2::alloc_block SLOW: 436 ticks (read bitmap: 436, write metadata: 0)
Ext2::alloc_block SLOW: 297 ticks (read bitmap: 297, write metadata: 0)
Ext2::alloc_block SLOW: 254 ticks (read bitmap: 254, write metadata: 0)
Ext2::alloc_block SLOW: 97 ticks (read bitmap: 97, write metadata: 0)
Ext2::alloc_block SLOW: 101 ticks (read bitmap: 101, write metadata: 0)
Ext2::alloc_block SLOW: 64 ticks (read bitmap: 64, write metadata: 0)
Ext2::alloc_block SLOW: 642 ticks (read bitmap: 642, write metadata: 0)
Ext2::alloc_block SLOW: 796 ticks (read bitmap: 796, write metadata: 0)
Ext2::alloc_block SLOW: 656 ticks (read bitmap: 656, write metadata: 0)
Ext2::alloc_block SLOW: 721 ticks (read bitmap: 721, write metadata: 0)
Ext2::alloc_block SLOW: 270 ticks (read bitmap: 270, write metadata: 0)
Ext2::alloc_block SLOW: 509 ticks (read bitmap: 509, write metadata: 0)
Ext2::alloc_block SLOW: 244 ticks (read bitmap: 244, write metadata: 0)
Ext2::alloc_block SLOW: 76 ticks (read bitmap: 76, write metadata: 0)
Ext2::alloc_block SLOW: 232 ticks (read bitmap: 232, write metadata: 0)
Ext2::alloc_block SLOW: 745 ticks (read bitmap: 745, write metadata: 0)
Ext2::alloc_block SLOW: 282 ticks (read bitmap: 282, write metadata: 0)
Ext2::alloc_block SLOW: 695 ticks (read bitmap: 695, write metadata: 0)
Ext2::alloc_block SLOW: 751 ticks (read bitmap: 751, write metadata: 0)
Ext2::alloc_block SLOW: 605 ticks (read bitmap: 605, write metadata: 0)
Ext2::alloc_block SLOW: 233 ticks (read bitmap: 233, write metadata: 0)
Ext2::alloc_block SLOW: 51 ticks (read bitmap: 51, write metadata: 0)
Ext2::alloc_block SLOW: 215 ticks (read bitmap: 215, write metadata: 0)
Ext2::alloc_block SLOW: 217 ticks (read bitmap: 217, write metadata: 0)
Ext2::alloc_block SLOW: 252 ticks (read bitmap: 252, write metadata: 0)
Ext2::alloc_block SLOW: 308 ticks (read bitmap: 308, write metadata: 0)
Ext2::alloc_block SLOW: 238 ticks (read bitmap: 238, write metadata: 0)
Ext2::alloc_block SLOW: 248 ticks (read bitmap: 248, write metadata: 0)
Ext2::alloc_block SLOW: 227 ticks (read bitmap: 227, write metadata: 0)
Ext2::alloc_block SLOW: 283 ticks (read bitmap: 283, write metadata: 0)
Ext2::alloc_block SLOW: 250 ticks (read bitmap: 250, write metadata: 0)
Ext2::alloc_block SLOW: 223 ticks (read bitmap: 223, write metadata: 0)
Ext2::alloc_block SLOW: 214 ticks (read bitmap: 214, write metadata: 0)
Ext2::alloc_block SLOW: 198 ticks (read bitmap: 198, write metadata: 0)
Ext2::alloc_block SLOW: 236 ticks (read bitmap: 236, write metadata: 0)
Ext2::alloc_block SLOW: 222 ticks (read bitmap: 222, write metadata: 0)
Ext2::alloc_block SLOW: 73 ticks (read bitmap: 73, write metadata: 0)
Ext2::alloc_block SLOW: 207 ticks (read bitmap: 207, write metadata: 0)
Ext2::alloc_block SLOW: 212 ticks (read bitmap: 212, write metadata: 0)
Ext2::alloc_block SLOW: 311 ticks (read bitmap: 311, write metadata: 0)
Ext2::alloc_block SLOW: 233 ticks (read bitmap: 233, write metadata: 0)
Ext2::alloc_block SLOW: 213 ticks (read bitmap: 213, write metadata: 0)
Ext2::alloc_block SLOW: 272 ticks (read bitmap: 272, write metadata: 0)
Ext2::alloc_block SLOW: 692 ticks (read bitmap: 692, write metadata: 0)
Ext2::alloc_block SLOW: 139 ticks (read bitmap: 139, write metadata: 0)
Ext2::alloc_block SLOW: 336 ticks (read bitmap: 336, write metadata: 0)
Ext2::alloc_block SLOW: 481 ticks (read bitmap: 481, write metadata: 0)
Ext2::alloc_block SLOW: 341 ticks (read bitmap: 341, write metadata: 0)
Ext2::alloc_block SLOW: 295 ticks (read bitmap: 295, write metadata: 0)
Ext2::alloc_block SLOW: 290 ticks (read bitmap: 290, write metadata: 0)
Ext2::alloc_block SLOW: 431 ticks (read bitmap: 431, write metadata: 0)
Ext2::alloc_block SLOW: 572 ticks (read bitmap: 572, write metadata: 0)
Ext2::alloc_block SLOW: 370 ticks (read bitmap: 370, write metadata: 0)
Ext2::alloc_block SLOW: 603 ticks (read bitmap: 603, write metadata: 0)
Ext2::alloc_block SLOW: 643 ticks (read bitmap: 643, write metadata: 0)
Ext2::alloc_block SLOW: 606 ticks (read bitmap: 606, write metadata: 0)
Ext2::alloc_block SLOW: 440 ticks (read bitmap: 440, write metadata: 0)
Ext2::alloc_block SLOW: 478 ticks (read bitmap: 478, write metadata: 0)
Ext2::alloc_block SLOW: 529 ticks (read bitmap: 529, write metadata: 0)
Ext2::alloc_block SLOW: 502 ticks (read bitmap: 502, write metadata: 0)
Ext2::alloc_block SLOW: 605 ticks (read bitmap: 605, write metadata: 0)
Ext2::alloc_block SLOW: 323 ticks (read bitmap: 323, write metadata: 0)
Ext2::alloc_block SLOW: 608 ticks (read bitmap: 608, write metadata: 0)
Ext2::alloc_block SLOW: 224 ticks (read bitmap: 224, write metadata: 0)
Ext2::alloc_block SLOW: 440 ticks (read bitmap: 440, write metadata: 0)
Ext2::alloc_block SLOW: 485 ticks (read bitmap: 485, write metadata: 0)
Ext2::alloc_block SLOW: 548 ticks (read bitmap: 548, write metadata: 0)
Ext2::alloc_block SLOW: 549 ticks (read bitmap: 549, write metadata: 0)
Ext2::alloc_block SLOW: 235 ticks (read bitmap: 235, write metadata: 0)
Ext2::alloc_block SLOW: 713 ticks (read bitmap: 713, write metadata: 0)
Ext2::alloc_block SLOW: 617 ticks (read bitmap: 617, write metadata: 0)
Ext2::alloc_block SLOW: 620 ticks (read bitmap: 620, write metadata: 0)
Ext2::alloc_block SLOW: 514 ticks (read bitmap: 514, write metadata: 0)
Ext2::alloc_block SLOW: 488 ticks (read bitmap: 488, write metadata: 0)
Ext2::alloc_block SLOW: 594 ticks (read bitmap: 594, write metadata: 0)
Ext2::alloc_block SLOW: 572 ticks (read bitmap: 572, write metadata: 0)
Ext2::alloc_block SLOW: 700 ticks (read bitmap: 700, write metadata: 0)
Ext2::alloc_block SLOW: 662 ticks (read bitmap: 662, write metadata: 0)
Ext2::alloc_block SLOW: 589 ticks (read bitmap: 589, write metadata: 0)
Ext2::alloc_block SLOW: 628 ticks (read bitmap: 628, write metadata: 0)
Ext2::alloc_block SLOW: 879 ticks (read bitmap: 879, write metadata: 0)
Ext2::alloc_block SLOW: 641 ticks (read bitmap: 641, write metadata: 0)
Ext2::alloc_block SLOW: 267 ticks (read bitmap: 267, write metadata: 0)
Ext2::alloc_block SLOW: 733 ticks (read bitmap: 733, write metadata: 0)
Ext2::alloc_block SLOW: 735 ticks (read bitmap: 735, write metadata: 0)
Ext2::alloc_block SLOW: 931 ticks (read bitmap: 931, write metadata: 0)
Ext2::alloc_block SLOW: 515 ticks (read bitmap: 515, write metadata: 0)
Ext2::alloc_block SLOW: 1093 ticks (read bitmap: 1093, write metadata: 0)
Ext2::alloc_block SLOW: 1000 ticks (read bitmap: 1000, write metadata: 0)
Ext2::alloc_block SLOW: 273 ticks (read bitmap: 273, write metadata: 0)
Ext2::alloc_block SLOW: 111 ticks (read bitmap: 111, write metadata: 0)
Ext2::alloc_block SLOW: 92 ticks (read bitmap: 92, write metadata: 0)
Ext2::alloc_block SLOW: 122 ticks (read bitmap: 122, write metadata: 0)
Ext2::alloc_block SLOW: 70 ticks (read bitmap: 70, write metadata: 0)
Ext2::alloc_block SLOW: 88 ticks (read bitmap: 88, write metadata: 0)
Ext2::alloc_block SLOW: 320 ticks (read bitmap: 320, write metadata: 0)
Ext2::alloc_block SLOW: 348 ticks (read bitmap: 348, write metadata: 0)
Ext2::alloc_block SLOW: 85 ticks (read bitmap: 85, write metadata: 0)
Ext2::alloc_block SLOW: 708 ticks (read bitmap: 708, write metadata: 0)
Ext2::alloc_block SLOW: 333 ticks (read bitmap: 333, write metadata: 0)
Ext2::alloc_block SLOW: 369 ticks (read bitmap: 369, write metadata: 0)
Ext2::alloc_block SLOW: 726 ticks (read bitmap: 726, write metadata: 0)
Ext2::alloc_block SLOW: 341 ticks (read bitmap: 341, write metadata: 0)
Ext2::alloc_block SLOW: 352 ticks (read bitmap: 352, write metadata: 0)
Ext2::alloc_block SLOW: 735 ticks (read bitmap: 735, write metadata: 0)
Ext2::alloc_block SLOW: 630 ticks (read bitmap: 630, write metadata: 0)
Ext2::alloc_block SLOW: 353 ticks (read bitmap: 353, write metadata: 0)
Ext2::alloc_block SLOW: 755 ticks (read bitmap: 755, write metadata: 0)
Ext2::alloc_block SLOW: 259 ticks (read bitmap: 259, write metadata: 0)
Ext2::alloc_block SLOW: 513 ticks (read bitmap: 513, write metadata: 0)
Ext2::alloc_block SLOW: 441 ticks (read bitmap: 441, write metadata: 0)
Ext2::alloc_block SLOW: 504 ticks (read bitmap: 504, write metadata: 0)
Ext2::alloc_block SLOW: 296 ticks (read bitmap: 296, write metadata: 0)
Ext2::alloc_block SLOW: 726 ticks (read bitmap: 726, write metadata: 0)
Ext2::alloc_block SLOW: 689 ticks (read bitmap: 689, write metadata: 0)
Ext2::alloc_block SLOW: 779 ticks (read bitmap: 779, write metadata: 0)
Ext2::alloc_block SLOW: 513 ticks (read bitmap: 513, write metadata: 0)
Ext2::alloc_block SLOW: 730 ticks (read bitmap: 730, write metadata: 0)
Ext2::alloc_block SLOW: 754 ticks (read bitmap: 754, write metadata: 0)
Ext2::alloc_block SLOW: 699 ticks (read bitmap: 699, write metadata: 0)
Ext2::alloc_block SLOW: 501 ticks (read bitmap: 501, write metadata: 0)
Ext2::alloc_block SLOW: 319 ticks (read bitmap: 319, write metadata: 0)
Ext2::alloc_block SLOW: 604 ticks (read bitmap: 604, write metadata: 0)
Ext2::alloc_block SLOW: 688 ticks (read bitmap: 688, write metadata: 0)
Ext2::alloc_block SLOW: 805 ticks (read bitmap: 805, write metadata: 0)
Ext2::alloc_block SLOW: 991 ticks (read bitmap: 991, write metadata: 0)
Ext2::alloc_block SLOW: 566 ticks (read bitmap: 566, write metadata: 0)
Ext2::alloc_block SLOW: 643 ticks (read bitmap: 643, write metadata: 0)
Ext2::alloc_block SLOW: 876 ticks (read bitmap: 876, write metadata: 0)
Ext2::alloc_block SLOW: 566 ticks (read bitmap: 566, write metadata: 0)
Ext2::alloc_block SLOW: 435 ticks (read bitmap: 435, write metadata: 0)
Ext2::alloc_block SLOW: 813 ticks (read bitmap: 813, write metadata: 0)
Ext2::alloc_block SLOW: 777 ticks (read bitmap: 777, write metadata: 0)
Ext2::alloc_block SLOW: 762 ticks (read bitmap: 762, write metadata: 0)
Ext2::alloc_block SLOW: 742 ticks (read bitmap: 742, write metadata: 0)
Ext2::alloc_block SLOW: 702 ticks (read bitmap: 702, write metadata: 0)
Ext2::alloc_block SLOW: 604 ticks (read bitmap: 604, write metadata: 0)
Ext2::alloc_block SLOW: 432 ticks (read bitmap: 432, write metadata: 0)
Ext2::alloc_block SLOW: 482 ticks (read bitmap: 482, write metadata: 0)
Ext2::alloc_block SLOW: 485 ticks (read bitmap: 485, write metadata: 0)
Ext2::alloc_block SLOW: 816 ticks (read bitmap: 816, write metadata: 0)
Ext2::alloc_block SLOW: 685 ticks (read bitmap: 685, write metadata: 0)
Ext2::alloc_block SLOW: 653 ticks (read bitmap: 653, write metadata: 0)
Ext2::alloc_block SLOW: 837 ticks (read bitmap: 837, write metadata: 0)
Ext2::alloc_block SLOW: 742 ticks (read bitmap: 742, write metadata: 0)
Ext2::alloc_block SLOW: 792 ticks (read bitmap: 792, write metadata: 0)
Ext2::alloc_block SLOW: 697 ticks (read bitmap: 697, write metadata: 0)
Ext2::alloc_block SLOW: 510 ticks (read bitmap: 510, write metadata: 0)
Ext2::alloc_block SLOW: 552 ticks (read bitmap: 552, write metadata: 0)
Ext2::alloc_block SLOW: 718 ticks (read bitmap: 718, write metadata: 0)
Ext2::alloc_block SLOW: 691 ticks (read bitmap: 691, write metadata: 0)
Ext2::alloc_block SLOW: 726 ticks (read bitmap: 726, write metadata: 0)
Ext2::alloc_block SLOW: 949 ticks (read bitmap: 949, write metadata: 0)
Ext2::alloc_block SLOW: 807 ticks (read bitmap: 807, write metadata: 0)
Ext2::alloc_block SLOW: 670 ticks (read bitmap: 670, write metadata: 0)
Ext2::alloc_block SLOW: 817 ticks (read bitmap: 817, write metadata: 0)
Ext2::alloc_block SLOW: 510 ticks (read bitmap: 510, write metadata: 0)
Ext2::alloc_block SLOW: 518 ticks (read bitmap: 518, write metadata: 0)
Ext2::alloc_block SLOW: 763 ticks (read bitmap: 763, write metadata: 0)
Ext2::alloc_block SLOW: 713 ticks (read bitmap: 713, write metadata: 0)
Ext2::alloc_block SLOW: 833 ticks (read bitmap: 833, write metadata: 0)
Ext2::alloc_block SLOW: 718 ticks (read bitmap: 718, write metadata: 0)
Ext2::alloc_block SLOW: 836 ticks (read bitmap: 836, write metadata: 0)
Ext2::alloc_block SLOW: 673 ticks (read bitmap: 673, write metadata: 0)
Ext2::alloc_block SLOW: 709 ticks (read bitmap: 709, write metadata: 0)
Ext2::alloc_block SLOW: 528 ticks (read bitmap: 528, write metadata: 0)
Ext2::alloc_block SLOW: 505 ticks (read bitmap: 505, write metadata: 0)
Ext2::alloc_block SLOW: 319 ticks (read bitmap: 319, write metadata: 0)
Ext2::alloc_block SLOW: 803 ticks (read bitmap: 803, write metadata: 0)
Ext2::alloc_block SLOW: 854 ticks (read bitmap: 854, write metadata: 0)
Ext2::alloc_block SLOW: 648 ticks (read bitmap: 648, write metadata: 0)
Ext2::alloc_block SLOW: 885 ticks (read bitmap: 885, write metadata: 0)
Ext2::alloc_block SLOW: 922 ticks (read bitmap: 922, write metadata: 0)
Ext2::alloc_block SLOW: 807 ticks (read bitmap: 807, write metadata: 0)
Ext2::alloc_block SLOW: 560 ticks (read bitmap: 560, write metadata: 0)
Ext2::alloc_block SLOW: 174 ticks (read bitmap: 174, write metadata: 0)
Ext2::alloc_block SLOW: 404 ticks (read bitmap: 404, write metadata: 0)
Ext2::alloc_block SLOW: 753 ticks (read bitmap: 753, write metadata: 0)
Ext2::alloc_block SLOW: 937 ticks (read bitmap: 937, write metadata: 0)
Ext2::alloc_block SLOW: 805 ticks (read bitmap: 805, write metadata: 0)
Ext2::alloc_block SLOW: 730 ticks (read bitmap: 730, write metadata: 0)
Ext2::alloc_block SLOW: 711 ticks (read bitmap: 711, write metadata: 0)
Ext2::alloc_block SLOW: 895 ticks (read bitmap: 895, write metadata: 0)
Ext2::alloc_block SLOW: 496 ticks (read bitmap: 496, write metadata: 0)
Ext2::alloc_block SLOW: 142 ticks (read bitmap: 142, write metadata: 0)
Ext2::alloc_block SLOW: 366 ticks (read bitmap: 366, write metadata: 0)
Ext2::alloc_block SLOW: 280 ticks (read bitmap: 280, write metadata: 0)
Ext2::alloc_block SLOW: 230 ticks (read bitmap: 230, write metadata: 0)
Ext2::alloc_block SLOW: 295 ticks (read bitmap: 295, write metadata: 0)
Ext2::alloc_block SLOW: 347 ticks (read bitmap: 347, write metadata: 0)
Ext2::alloc_block SLOW: 426 ticks (read bitmap: 426, write metadata: 0)
Ext2::alloc_block SLOW: 474 ticks (read bitmap: 474, write metadata: 0)
Ext2::alloc_block SLOW: 251 ticks (read bitmap: 251, write metadata: 0)
Ext2::alloc_block SLOW: 265 ticks (read bitmap: 265, write metadata: 0)
Ext2::alloc_block SLOW: 205 ticks (read bitmap: 205, write metadata: 0)
Ext2::alloc_block SLOW: 264 ticks (read bitmap: 264, write metadata: 0)
Ext2::alloc_block SLOW: 519 ticks (read bitmap: 519, write metadata: 0)
Ext2::alloc_block SLOW: 808 ticks (read bitmap: 808, write metadata: 0)
Ext2::alloc_block SLOW: 520 ticks (read bitmap: 520, write metadata: 0)
Ext2::alloc_block SLOW: 554 ticks (read bitmap: 554, write metadata: 0)
Ext2::alloc_block SLOW: 549 ticks (read bitmap: 549, write metadata: 0)
Ext2::alloc_block SLOW: 415 ticks (read bitmap: 415, write metadata: 0)
Ext2::alloc_block SLOW: 164 ticks (read bitmap: 164, write metadata: 0)
Ext2::alloc_block SLOW: 534 ticks (read bitmap: 534, write metadata: 0)
Ext2::alloc_block SLOW: 280 ticks (read bitmap: 280, write metadata: 0)
Ext2::alloc_block SLOW: 402 ticks (read bitmap: 402, write metadata: 0)
Ext2::alloc_block SLOW: 655 ticks (read bitmap: 655, write metadata: 0)
Ext2::alloc_block SLOW: 822 ticks (read bitmap: 822, write metadata: 0)
Ext2::alloc_block SLOW: 748 ticks (read bitmap: 748, write metadata: 0)
Ext2::alloc_block SLOW: 733 ticks (read bitmap: 733, write metadata: 0)
Ext2::alloc_block SLOW: 1011 ticks (read bitmap: 1011, write metadata: 0)
Ext2::alloc_block SLOW: 729 ticks (read bitmap: 729, write metadata: 0)
Ext2::alloc_block SLOW: 792 ticks (read bitmap: 792, write metadata: 0)
Ext2::alloc_block SLOW: 653 ticks (read bitmap: 653, write metadata: 0)
Ext2::alloc_block SLOW: 771 ticks (read bitmap: 771, write metadata: 0)
Ext2::alloc_block SLOW: 773 ticks (read bitmap: 773, write metadata: 0)
Ext2::alloc_block SLOW: 406 ticks (read bitmap: 406, write metadata: 0)
Ext2::alloc_block SLOW: 398 ticks (read bitmap: 398, write metadata: 0)
Ext2::alloc_block SLOW: 434 ticks (read bitmap: 434, write metadata: 0)
Ext2::alloc_block SLOW: 889 ticks (read bitmap: 889, write metadata: 0)
Ext2::alloc_block SLOW: 801 ticks (read bitmap: 801, write metadata: 0)
Ext2::alloc_block SLOW: 467 ticks (read bitmap: 467, write metadata: 0)
Ext2::alloc_block SLOW: 593 ticks (read bitmap: 593, write metadata: 0)
Ext2::alloc_block SLOW: 364 ticks (read bitmap: 364, write metadata: 0)
Ext2::alloc_block SLOW: 676 ticks (read bitmap: 676, write metadata: 0)
Ext2::alloc_block SLOW: 584 ticks (read bitmap: 584, write metadata: 0)
Ext2::alloc_block SLOW: 342 ticks (read bitmap: 342, write metadata: 0)
Ext2::alloc_block SLOW: 335 ticks (read bitmap: 335, write metadata: 0)
Ext2::alloc_block SLOW: 341 ticks (read bitmap: 341, write metadata: 0)
Ext2::alloc_block SLOW: 345 ticks (read bitmap: 345, write metadata: 0)
Ext2::alloc_block SLOW: 298 ticks (read bitmap: 298, write metadata: 0)
Ext2::alloc_block SLOW: 308 ticks (read bitmap: 308, write metadata: 0)
Ext2::alloc_block SLOW: 391 ticks (read bitmap: 391, write metadata: 0)
Ext2::alloc_block SLOW: 323 ticks (read bitmap: 323, write metadata: 0)
Ext2::alloc_block SLOW: 336 ticks (read bitmap: 336, write metadata: 0)
Ext2::alloc_block SLOW: 441 ticks (read bitmap: 441, write metadata: 0)
Ext2::alloc_block SLOW: 303 ticks (read bitmap: 303, write metadata: 0)
Ext2::alloc_block SLOW: 354 ticks (read bitmap: 354, write metadata: 0)
Ext2::alloc_block SLOW: 297 ticks (read bitmap: 297, write metadata: 0)
Ext2::alloc_block SLOW: 278 ticks (read bitmap: 278, write metadata: 0)
Ext2::alloc_block SLOW: 278 ticks (read bitmap: 278, write metadata: 0)
Ext2::alloc_block SLOW: 221 ticks (read bitmap: 221, write metadata: 0)
Ext2::alloc_block SLOW: 292 ticks (read bitmap: 292, write metadata: 0)
Ext2::alloc_block SLOW: 227 ticks (read bitmap: 227, write metadata: 0)
Ext2::alloc_block SLOW: 300 ticks (read bitmap: 300, write metadata: 0)
Ext2::alloc_block SLOW: 385 ticks (read bitmap: 385, write metadata: 0)
Ext2::alloc_block SLOW: 300 ticks (read bitmap: 300, write metadata: 0)
Ext2::alloc_block SLOW: 224 ticks (read bitmap: 224, write metadata: 0)
Ext2::alloc_block SLOW: 224 ticks (read bitmap: 224, write metadata: 0)
Ext2::alloc_block SLOW: 280 ticks (read bitmap: 280, write metadata: 0)
Ext2::alloc_block SLOW: 218 ticks (read bitmap: 218, write metadata: 0)
Ext2::alloc_block SLOW: 264 ticks (read bitmap: 264, write metadata: 0)
Ext2::alloc_block SLOW: 316 ticks (read bitmap: 316, write metadata: 0)
Ext2::alloc_block SLOW: 378 ticks (read bitmap: 378, write metadata: 0)
Ext2::alloc_block SLOW: 352 ticks (read bitmap: 352, write metadata: 0)
Ext2::alloc_block SLOW: 252 ticks (read bitmap: 252, write metadata: 0)
Ext2::alloc_block SLOW: 88 ticks (read bitmap: 88, write metadata: 0)
Ext2::alloc_block SLOW: 233 ticks (read bitmap: 233, write metadata: 0)
Ext2::alloc_block SLOW: 270 ticks (read bitmap: 270, write metadata: 0)
Ext2::alloc_block SLOW: 284 ticks (read bitmap: 284, write metadata: 0)
Ext2::alloc_block SLOW: 212 ticks (read bitmap: 212, write metadata: 0)
Ext2::alloc_block SLOW: 212 ticks (read bitmap: 212, write metadata: 0)
Ext2::alloc_block SLOW: 226 ticks (read bitmap: 226, write metadata: 0)
Ext2::alloc_block SLOW: 232 ticks (read bitmap: 232, write metadata: 0)
Ext2::alloc_block SLOW: 218 ticks (read bitmap: 218, write metadata: 0)
Ext2::alloc_block SLOW: 217 ticks (read bitmap: 217, write metadata: 0)
Ext2::alloc_block SLOW: 212 ticks (read bitmap: 212, write metadata: 0)
Ext2::alloc_block SLOW: 215 ticks (read bitmap: 215, write metadata: 0)
Ext2::alloc_block SLOW: 215 ticks (read bitmap: 215, write metadata: 0)
Ext2::alloc_block SLOW: 216 ticks (read bitmap: 216, write metadata: 0)
Ext2::alloc_block SLOW: 240 ticks (read bitmap: 240, write metadata: 0)
Ext2::alloc_block SLOW: 372 ticks (read bitmap: 372, write metadata: 0)
Ext2::alloc_block SLOW: 275 ticks (read bitmap: 275, write metadata: 0)
Ext2::alloc_block SLOW: 215 ticks (read bitmap: 215, write metadata: 0)
Ext2::alloc_block SLOW: 278 ticks (read bitmap: 278, write metadata: 0)
Ext2::alloc_block SLOW: 213 ticks (read bitmap: 213, write metadata: 0)
Ext2::alloc_block SLOW: 217 ticks (read bitmap: 217, write metadata: 0)
Ext2::alloc_block SLOW: 382 ticks (read bitmap: 382, write metadata: 0)
Ext2::alloc_block SLOW: 281 ticks (read bitmap: 281, write metadata: 0)
Ext2::alloc_block SLOW: 577 ticks (read bitmap: 577, write metadata: 0)
Ext2::alloc_block SLOW: 540 ticks (read bitmap: 540, write metadata: 0)
Ext2::alloc_block SLOW: 547 ticks (read bitmap: 547, write metadata: 0)
Ext2::alloc_block SLOW: 376 ticks (read bitmap: 376, write metadata: 0)
Ext2::alloc_block SLOW: 258 ticks (read bitmap: 258, write metadata: 0)
Ext2::alloc_block SLOW: 260 ticks (read bitmap: 260, write metadata: 0)
Ext2::alloc_block SLOW: 497 ticks (read bitmap: 497, write metadata: 0)
Ext2::alloc_block SLOW: 188 ticks (read bitmap: 188, write metadata: 0)
Ext2::alloc_block SLOW: 339 ticks (read bitmap: 339, write metadata: 0)
Ext2::alloc_block SLOW: 297 ticks (read bitmap: 297, write metadata: 0)
Ext2::alloc_block SLOW: 330 ticks (read bitmap: 330, write metadata: 0)
Ext2::alloc_block SLOW: 122 ticks (read bitmap: 122, write metadata: 0)
Ext2::alloc_block SLOW: 61 ticks (read bitmap: 61, write metadata: 0)
Ext2::alloc_block SLOW: 59 ticks (read bitmap: 59, write metadata: 0)
Ext2::alloc_block SLOW: 132 ticks (read bitmap: 132, write metadata: 0)
Ext2::alloc_block SLOW: 593 ticks (read bitmap: 593, write metadata: 0)
Ext2::alloc_block SLOW: 112 ticks (read bitmap: 112, write metadata: 0)
Ext2::alloc_block SLOW: 373 ticks (read bitmap: 373, write metadata: 0)
Ext2::alloc_block SLOW: 679 ticks (read bitmap: 679, write metadata: 0)
Ext2::alloc_block SLOW: 271 ticks (read bitmap: 271, write metadata: 0)
Ext2::alloc_block SLOW: 467 ticks (read bitmap: 467, write metadata: 0)
Ext2::alloc_block SLOW: 437 ticks (read bitmap: 437, write metadata: 0)
Ext2::alloc_block SLOW: 468 ticks (read bitmap: 468, write metadata: 0)
Ext2::alloc_block SLOW: 661 ticks (read bitmap: 661, write metadata: 0)
Ext2::alloc_block SLOW: 749 ticks (read bitmap: 749, write metadata: 0)
Ext2::alloc_block SLOW: 473 ticks (read bitmap: 473, write metadata: 0)
Ext2::alloc_block SLOW: 678 ticks (read bitmap: 678, write metadata: 0)
Ext2::alloc_block SLOW: 559 ticks (read bitmap: 559, write metadata: 0)
Ext2::alloc_block SLOW: 292 ticks (read bitmap: 292, write metadata: 0)
Ext2::alloc_block SLOW: 292 ticks (read bitmap: 292, write metadata: 0)
Ext2::alloc_block SLOW: 266 ticks (read bitmap: 266, write metadata: 0)
Ext2::alloc_block SLOW: 766 ticks (read bitmap: 766, write metadata: 0)
Ext2::alloc_block SLOW: 711 ticks (read bitmap: 711, write metadata: 0)
Ext2::alloc_block SLOW: 453 ticks (read bitmap: 453, write metadata: 0)
Ext2::alloc_block SLOW: 669 ticks (read bitmap: 669, write metadata: 0)
Ext2::alloc_block SLOW: 731 ticks (read bitmap: 731, write metadata: 0)
Ext2::alloc_block SLOW: 150 ticks (read bitmap: 150, write metadata: 0)
Ext2::alloc_block SLOW: 430 ticks (read bitmap: 430, write metadata: 0)
Ext2::alloc_block SLOW: 264 ticks (read bitmap: 264, write metadata: 0)
Ext2::alloc_block SLOW: 536 ticks (read bitmap: 536, write metadata: 0)
Ext2::alloc_block SLOW: 440 ticks (read bitmap: 440, write metadata: 0)
Ext2::alloc_block SLOW: 464 ticks (read bitmap: 464, write metadata: 0)
Ext2::alloc_block SLOW: 943 ticks (read bitmap: 943, write metadata: 0)
Ext2::alloc_block SLOW: 602 ticks (read bitmap: 602, write metadata: 0)
Ext2::alloc_block SLOW: 832 ticks (read bitmap: 832, write metadata: 0)
Ext2::alloc_block SLOW: 717 ticks (read bitmap: 717, write metadata: 0)
Ext2::alloc_block SLOW: 745 ticks (read bitmap: 745, write metadata: 0)
Ext2::alloc_block SLOW: 471 ticks (read bitmap: 471, write metadata: 0)
Ext2::alloc_block SLOW: 703 ticks (read bitmap: 703, write metadata: 0)
Ext2::alloc_block SLOW: 696 ticks (read bitmap: 696, write metadata: 0)
Ext2::alloc_block SLOW: 710 ticks (read bitmap: 710, write metadata: 0)
Ext2::alloc_block SLOW: 720 ticks (read bitmap: 720, write metadata: 0)
Ext2::alloc_block SLOW: 249 ticks (read bitmap: 249, write metadata: 0)
Ext2::alloc_block SLOW: 504 ticks (read bitmap: 504, write metadata: 0)
Ext2::alloc_block SLOW: 466 ticks (read bitmap: 466, write metadata: 0)
Ext2::alloc_block SLOW: 505 ticks (read bitmap: 505, write metadata: 0)
Ext2::alloc_block SLOW: 178 ticks (read bitmap: 178, write metadata: 0)
Ext2::alloc_block SLOW: 219 ticks (read bitmap: 219, write metadata: 0)
Ext2::alloc_block SLOW: 806 ticks (read bitmap: 806, write metadata: 0)
Ext2::alloc_block SLOW: 738 ticks (read bitmap: 738, write metadata: 0)
Ext2::alloc_block SLOW: 585 ticks (read bitmap: 585, write metadata: 0)
Ext2::alloc_block SLOW: 634 ticks (read bitmap: 634, write metadata: 0)
Ext2::alloc_block SLOW: 870 ticks (read bitmap: 870, write metadata: 0)
Ext2::alloc_block SLOW: 734 ticks (read bitmap: 734, write metadata: 0)
Ext2::alloc_block SLOW: 857 ticks (read bitmap: 857, write metadata: 0)
Ext2::alloc_block SLOW: 579 ticks (read bitmap: 579, write metadata: 0)
Ext2::alloc_block SLOW: 532 ticks (read bitmap: 532, write metadata: 0)
Ext2::alloc_block SLOW: 790 ticks (read bitmap: 790, write metadata: 0)
Ext2::alloc_block SLOW: 704 ticks (read bitmap: 704, write metadata: 0)
Ext2::alloc_block SLOW: 685 ticks (read bitmap: 685, write metadata: 0)
Ext2::alloc_block SLOW: 784 ticks (read bitmap: 784, write metadata: 0)
Ext2::alloc_block SLOW: 827 ticks (read bitmap: 827, write metadata: 0)
Ext2::alloc_block SLOW: 775 ticks (read bitmap: 775, write metadata: 0)
Ext2::alloc_block SLOW: 771 ticks (read bitmap: 771, write metadata: 0)
Ext2::alloc_block SLOW: 345 ticks (read bitmap: 345, write metadata: 0)
Ext2::alloc_block SLOW: 273 ticks (read bitmap: 273, write metadata: 0)
Ext2::alloc_block SLOW: 209 ticks (read bitmap: 209, write metadata: 0)
Ext2::alloc_block SLOW: 219 ticks (read bitmap: 219, write metadata: 0)
Ext2::alloc_block SLOW: 257 ticks (read bitmap: 257, write metadata: 0)
Ext2::alloc_block SLOW: 162 ticks (read bitmap: 162, write metadata: 0)
Ext2::alloc_block SLOW: 90 ticks (read bitmap: 90, write metadata: 0)
Ext2::alloc_block SLOW: 207 ticks (read bitmap: 207, write metadata: 0)
Ext2::alloc_block SLOW: 235 ticks (read bitmap: 235, write metadata: 0)
Ext2::alloc_block SLOW: 216 ticks (read bitmap: 216, write metadata: 0)
Ext2::alloc_block SLOW: 215 ticks (read bitmap: 215, write metadata: 0)
Ext2::alloc_block SLOW: 213 ticks (read bitmap: 213, write metadata: 0)
Ext2::alloc_block SLOW: 164 ticks (read bitmap: 164, write metadata: 0)
Ext2::alloc_block SLOW: 201 ticks (read bitmap: 201, write metadata: 0)
Ext2::alloc_block SLOW: 224 ticks (read bitmap: 224, write metadata: 0)
Ext2::alloc_block SLOW: 246 ticks (read bitmap: 246, write metadata: 0)
Ext2::alloc_block SLOW: 260 ticks (read bitmap: 260, write metadata: 0)
Ext2::alloc_block SLOW: 289 ticks (read bitmap: 289, write metadata: 0)
Ext2::alloc_block SLOW: 288 ticks (read bitmap: 288, write metadata: 0)
Ext2::alloc_block SLOW: 235 ticks (read bitmap: 235, write metadata: 0)
Ext2::alloc_block SLOW: 220 ticks (read bitmap: 220, write metadata: 0)
Ext2::alloc_block SLOW: 76 ticks (read bitmap: 76, write metadata: 0)
Ext2::alloc_block SLOW: 226 ticks (read bitmap: 226, write metadata: 0)
Ext2::alloc_block SLOW: 241 ticks (read bitmap: 241, write metadata: 0)
Ext2::alloc_block SLOW: 276 ticks (read bitmap: 276, write metadata: 0)
Ext2::alloc_block SLOW: 236 ticks (read bitmap: 236, write metadata: 0)
Ext2::alloc_block SLOW: 886 ticks (read bitmap: 886, write metadata: 0)
Ext2::alloc_block SLOW: 236 ticks (read bitmap: 236, write metadata: 0)
Ext2::alloc_block SLOW: 168 ticks (read bitmap: 168, write metadata: 0)
Ext2::alloc_block SLOW: 295 ticks (read bitmap: 295, write metadata: 0)
Ext2::alloc_block SLOW: 521 ticks (read bitmap: 521, write metadata: 0)
Ext2::alloc_block SLOW: 279 ticks (read bitmap: 279, write metadata: 0)
Ext2::alloc_block SLOW: 255 ticks (read bitmap: 255, write metadata: 0)
Ext2::alloc_block SLOW: 647 ticks (read bitmap: 647, write metadata: 0)
Ext2::alloc_block SLOW: 364 ticks (read bitmap: 364, write metadata: 0)
Ext2::alloc_block SLOW: 358 ticks (read bitmap: 358, write metadata: 0)
Ext2::alloc_block SLOW: 92 ticks (read bitmap: 92, write metadata: 0)
Ext2::alloc_block SLOW: 67 ticks (read bitmap: 67, write metadata: 0)
Ext2::alloc_block SLOW: 60 ticks (read bitmap: 60, write metadata: 0)
Ext2::alloc_block SLOW: 41 ticks (read bitmap: 41, write metadata: 0)
Ext2::alloc_block SLOW: 69 ticks (read bitmap: 69, write metadata: 0)
Ext2::alloc_block SLOW: 63 ticks (read bitmap: 63, write metadata: 0)
Ext2::alloc_block SLOW: 64 ticks (read bitmap: 64, write metadata: 0)
Ext2::alloc_block SLOW: 72 ticks (read bitmap: 72, write metadata: 0)
Ext2::alloc_block SLOW: 69 ticks (read bitmap: 69, write metadata: 0)
Ext2::alloc_block SLOW: 75 ticks (read bitmap: 75, write metadata: 0)
Ext2::alloc_block SLOW: 65 ticks (read bitmap: 65, write metadata: 0)
Ext2::alloc_block SLOW: 66 ticks (read bitmap: 66, write metadata: 0)
Ext2::alloc_block SLOW: 280 ticks (read bitmap: 280, write metadata: 0)
Ext2::alloc_block SLOW: 225 ticks (read bitmap: 225, write metadata: 0)
Ext2::alloc_block SLOW: 335 ticks (read bitmap: 335, write metadata: 0)
Ext2::alloc_block SLOW: 287 ticks (read bitmap: 287, write metadata: 0)
Ext2::alloc_block SLOW: 258 ticks (read bitmap: 258, write metadata: 0)
Ext2::alloc_block SLOW: 712 ticks (read bitmap: 712, write metadata: 0)
Ext2::alloc_block SLOW: 801 ticks (read bitmap: 801, write metadata: 0)
Ext2::alloc_block SLOW: 688 ticks (read bitmap: 688, write metadata: 0)
Ext2::alloc_block SLOW: 710 ticks (read bitmap: 710, write metadata: 0)
Ext2::alloc_block SLOW: 604 ticks (read bitmap: 604, write metadata: 0)
Ext2::alloc_block SLOW: 712 ticks (read bitmap: 712, write metadata: 0)
Ext2::alloc_block SLOW: 712 ticks (read bitmap: 712, write metadata: 0)
Ext2::alloc_block SLOW: 801 ticks (read bitmap: 801, write metadata: 0)
Ext2::alloc_block SLOW: 736 ticks (read bitmap: 736, write metadata: 0)
Ext2::alloc_block SLOW: 616 ticks (read bitmap: 616, write metadata: 0)
Ext2::alloc_block SLOW: 269 ticks (read bitmap: 269, write metadata: 0)
Ext2::alloc_block SLOW: 675 ticks (read bitmap: 675, write metadata: 0)
Ext2::alloc_block SLOW: 658 ticks (read bitmap: 658, write metadata: 0)
Ext2::alloc_block SLOW: 695 ticks (read bitmap: 695, write metadata: 0)
Ext2::alloc_block SLOW: 287 ticks (read bitmap: 287, write metadata: 0)
Ext2::alloc_block SLOW: 522 ticks (read bitmap: 522, write metadata: 0)
Ext2::alloc_block SLOW: 324 ticks (read bitmap: 324, write metadata: 0)
Ext2::alloc_block SLOW: 251 ticks (read bitmap: 251, write metadata: 0)
Ext2::alloc_block SLOW: 251 ticks (read bitmap: 251, write metadata: 0)
Ext2::alloc_block SLOW: 290 ticks (read bitmap: 290, write metadata: 0)
Ext2::alloc_block SLOW: 260 ticks (read bitmap: 260, write metadata: 0)
Ext2::alloc_block SLOW: 291 ticks (read bitmap: 291, write metadata: 0)
Ext2::alloc_block SLOW: 253 ticks (read bitmap: 253, write metadata: 0)
Ext2::alloc_block SLOW: 667 ticks (read bitmap: 667, write metadata: 0)
Ext2::alloc_block SLOW: 778 ticks (read bitmap: 778, write metadata: 0)
Ext2::alloc_block SLOW: 832 ticks (read bitmap: 832, write metadata: 0)
Ext2::alloc_block SLOW: 727 ticks (read bitmap: 727, write metadata: 0)
Ext2::alloc_block SLOW: 527 ticks (read bitmap: 527, write metadata: 0)
Ext2::alloc_block SLOW: 464 ticks (read bitmap: 464, write metadata: 0)
Ext2::alloc_block SLOW: 444 ticks (read bitmap: 444, write metadata: 0)
Ext2::alloc_block SLOW: 248 ticks (read bitmap: 248, write metadata: 0)
Ext2::alloc_block SLOW: 360 ticks (read bitmap: 360, write metadata: 0)
Ext2::alloc_block SLOW: 111 ticks (read bitmap: 111, write metadata: 0)
Ext2::alloc_block SLOW: 282 ticks (read bitmap: 282, write metadata: 0)
Ext2::alloc_block SLOW: 291 ticks (read bitmap: 291, write metadata: 0)
Ext2::alloc_block SLOW: 416 ticks (read bitmap: 416, write metadata: 0)
Ext2::alloc_block SLOW: 244 ticks (read bitmap: 244, write metadata: 0)
Ext2::alloc_block SLOW: 247 ticks (read bitmap: 247, write metadata: 0)
Ext2::alloc_block SLOW: 346 ticks (read bitmap: 346, write metadata: 0)
Ext2::alloc_block SLOW: 285 ticks (read bitmap: 285, write metadata: 0)
Ext2::alloc_block SLOW: 290 ticks (read bitmap: 290, write metadata: 0)
Ext2::alloc_block SLOW: 248 ticks (read bitmap: 248, write metadata: 0)
Ext2::alloc_block SLOW: 85 ticks (read bitmap: 85, write metadata: 0)
Ext2::alloc_block SLOW: 370 ticks (read bitmap: 370, write metadata: 0)
Ext2::alloc_block SLOW: 249 ticks (read bitmap: 249, write metadata: 0)
Ext2::alloc_block SLOW: 291 ticks (read bitmap: 291, write metadata: 0)
Ext2::alloc_block SLOW: 324 ticks (read bitmap: 324, write metadata: 0)
Ext2::alloc_block SLOW: 275 ticks (read bitmap: 275, write metadata: 0)
Ext2::alloc_block SLOW: 321 ticks (read bitmap: 321, write metadata: 0)
Ext2::alloc_block SLOW: 305 ticks (read bitmap: 305, write metadata: 0)
Ext2::alloc_block SLOW: 243 ticks (read bitmap: 243, write metadata: 0)
Ext2::alloc_block SLOW: 412 ticks (read bitmap: 412, write metadata: 0)
Ext2::alloc_block SLOW: 344 ticks (read bitmap: 344, write metadata: 0)
Ext2::alloc_block SLOW: 143 ticks (read bitmap: 143, write metadata: 0)
Ext2::alloc_block SLOW: 318 ticks (read bitmap: 318, write metadata: 0)
Ext2::alloc_block SLOW: 380 ticks (read bitmap: 380, write metadata: 0)
Ext2::alloc_block SLOW: 244 ticks (read bitmap: 244, write metadata: 0)
Ext2::alloc_block SLOW: 258 ticks (read bitmap: 258, write metadata: 0)
Ext2::alloc_block SLOW: 271 ticks (read bitmap: 271, write metadata: 0)
Ext2::alloc_block SLOW: 268 ticks (read bitmap: 268, write metadata: 0)
Ext2::alloc_block SLOW: 264 ticks (read bitmap: 264, write metadata: 0)
Ext2::alloc_block SLOW: 249 ticks (read bitmap: 249, write metadata: 0)
Ext2::alloc_block SLOW: 240 ticks (read bitmap: 240, write metadata: 0)
Ext2::alloc_block SLOW: 272 ticks (read bitmap: 272, write metadata: 0)
Ext2::alloc_block SLOW: 68 ticks (read bitmap: 68, write metadata: 0)
Ext2::alloc_block SLOW: 251 ticks (read bitmap: 251, write metadata: 0)
Ext2::alloc_block SLOW: 249 ticks (read bitmap: 249, write metadata: 0)
Ext2::alloc_block SLOW: 248 ticks (read bitmap: 248, write metadata: 0)
Ext2::alloc_block SLOW: 380 ticks (read bitmap: 380, write metadata: 0)
Ext2::alloc_block SLOW: 282 ticks (read bitmap: 282, write metadata: 0)
Ext2::alloc_block SLOW: 296 ticks (read bitmap: 296, write metadata: 0)
Ext2::alloc_block SLOW: 268 ticks (read bitmap: 268, write metadata: 0)
Ext2::alloc_block SLOW: 284 ticks (read bitmap: 284, write metadata: 0)
Ext2::alloc_block SLOW: 320 ticks (read bitmap: 320, write metadata: 0)
Ext2::alloc_block SLOW: 122 ticks (read bitmap: 122, write metadata: 0)
Ext2::alloc_block SLOW: 251 ticks (read bitmap: 251, write metadata: 0)
Ext2::alloc_block SLOW: 280 ticks (read bitmap: 280, write metadata: 0)
Ext2::alloc_block SLOW: 289 ticks (read bitmap: 289, write metadata: 0)
Ext2::alloc_block SLOW: 298 ticks (read bitmap: 298, write metadata: 0)
Ext2::alloc_block SLOW: 225 ticks (read bitmap: 225, write metadata: 0)
Ext2::alloc_block SLOW: 228 ticks (read bitmap: 228, write metadata: 0)
Ext2::alloc_block SLOW: 212 ticks (read bitmap: 212, write metadata: 0)
Ext2::alloc_block SLOW: 223 ticks (read bitmap: 223, write metadata: 0)
Ext2::alloc_block SLOW: 257 ticks (read bitmap: 257, write metadata: 0)
Ext2::alloc_block SLOW: 201 ticks (read bitmap: 201, write metadata: 0)
Ext2::alloc_block SLOW: 316 ticks (read bitmap: 316, write metadata: 0)
Ext2::alloc_block SLOW: 115 ticks (read bitmap: 115, write metadata: 0)
Ext2::alloc_block SLOW: 70 ticks (read bitmap: 70, write metadata: 0)
Ext2::alloc_block SLOW: 57 ticks (read bitmap: 57, write metadata: 0)
Ext2::alloc_block SLOW: 51 ticks (read bitmap: 51, write metadata: 0)
Ext2::alloc_block SLOW: 49 ticks (read bitmap: 49, write metadata: 0)
Ext2::alloc_block SLOW: 53 ticks (read bitmap: 53, write metadata: 0)
Ext2::alloc_block SLOW: 50 ticks (read bitmap: 50, write metadata: 0)
Ext2::alloc_block SLOW: 250 ticks (read bitmap: 250, write metadata: 0)
Ext2::alloc_block SLOW: 181 ticks (read bitmap: 181, write metadata: 0)
Ext2::alloc_block SLOW: 52 ticks (read bitmap: 52, write metadata: 0)
Ext2::alloc_block SLOW: 53 ticks (read bitmap: 53, write metadata: 0)
Ext2::alloc_block SLOW: 55 ticks (read bitmap: 55, write metadata: 0)
Ext2::alloc_block SLOW: 54 ticks (read bitmap: 54, write metadata: 0)
Ext2::alloc_block SLOW: 316 ticks (read bitmap: 316, write metadata: 0)
Ext2::alloc_block SLOW: 29 ticks (read bitmap: 29, write metadata: 0)
Ext2::alloc_block SLOW: 81 ticks (read bitmap: 81, write metadata: 0)
Ext2::alloc_block SLOW: 13 ticks (read bitmap: 13, write metadata: 0)
Ext2::alloc_block SLOW: 230 ticks (read bitmap: 230, write metadata: 0)
Ext2::alloc_block SLOW: 86 ticks (read bitmap: 86, write metadata: 0)
Ext2::alloc_block SLOW: 208 ticks (read bitmap: 208, write metadata: 0)
Ext2::alloc_block SLOW: 195 ticks (read bitmap: 195, write metadata: 0)
Ext2::alloc_block SLOW: 271 ticks (read bitmap: 271, write metadata: 0)
Ext2::alloc_block SLOW: 246 ticks (read bitmap: 246, write metadata: 0)
Ext2::alloc_block SLOW: 236 ticks (read bitmap: 236, write metadata: 0)
Ext2::alloc_block SLOW: 218 ticks (read bitmap: 218, write metadata: 0)
Ext2::alloc_block SLOW: 236 ticks (read bitmap: 236, write metadata: 0)
Ext2::alloc_block SLOW: 96 ticks (read bitmap: 96, write metadata: 0)
Ext2::alloc_block SLOW: 281 ticks (read bitmap: 281, write metadata: 0)
Ext2::alloc_block SLOW: 130 ticks (read bitmap: 130, write metadata: 0)
Ext2::alloc_block SLOW: 404 ticks (read bitmap: 404, write metadata: 0)
Ext2::alloc_block SLOW: 357 ticks (read bitmap: 357, write metadata: 0)
Ext2::alloc_block SLOW: 291 ticks (read bitmap: 291, write metadata: 0)
Ext2::alloc_block SLOW: 253 ticks (read bitmap: 253, write metadata: 0)
Ext2::alloc_block SLOW: 304 ticks (read bitmap: 304, write metadata: 0)
Ext2::alloc_block SLOW: 277 ticks (read bitmap: 277, write metadata: 0)
Ext2::alloc_block SLOW: 49 ticks (read bitmap: 49, write metadata: 0)
Ext2::alloc_block SLOW: 256 ticks (read bitmap: 256, write metadata: 0)
Ext2::alloc_block SLOW: 284 ticks (read bitmap: 284, write metadata: 0)
Ext2::alloc_block SLOW: 254 ticks (read bitmap: 254, write metadata: 0)
Ext2::alloc_block SLOW: 244 ticks (read bitmap: 244, write metadata: 0)
Ext2::alloc_block SLOW: 280 ticks (read bitmap: 280, write metadata: 0)
Ext2::alloc_block SLOW: 291 ticks (read bitmap: 291, write metadata: 0)
Ext2::alloc_block SLOW: 284 ticks (read bitmap: 284, write metadata: 0)
Ext2::alloc_block SLOW: 232 ticks (read bitmap: 232, write metadata: 0)
Ext2::alloc_block SLOW: 236 ticks (read bitmap: 236, write metadata: 0)
Ext2::alloc_block SLOW: 243 ticks (read bitmap: 243, write metadata: 0)
Ext2::alloc_block SLOW: 223 ticks (read bitmap: 223, write metadata: 0)
Ext2::alloc_block SLOW: 293 ticks (read bitmap: 293, write metadata: 0)
Ext2::alloc_block SLOW: 304 ticks (read bitmap: 304, write metadata: 0)
Ext2::alloc_block SLOW: 54 ticks (read bitmap: 54, write metadata: 0)
Ext2::alloc_block SLOW: 270 ticks (read bitmap: 270, write metadata: 0)
Ext2::alloc_block SLOW: 275 ticks (read bitmap: 275, write metadata: 0)
Ext2::alloc_block SLOW: 246 ticks (read bitmap: 246, write metadata: 0)
Ext2::alloc_block SLOW: 342 ticks (read bitmap: 342, write metadata: 0)
Ext2::alloc_block SLOW: 337 ticks (read bitmap: 337, write metadata: 0)
Ext2::alloc_block SLOW: 238 ticks (read bitmap: 238, write metadata: 0)
Ext2::alloc_block SLOW: 219 ticks (read bitmap: 219, write metadata: 0)
Ext2::alloc_block SLOW: 250 ticks (read bitmap: 250, write metadata: 0)
Ext2::alloc_block SLOW: 234 ticks (read bitmap: 234, write metadata: 0)
Ext2::alloc_block SLOW: 225 ticks (read bitmap: 225, write metadata: 0)
Ext2::alloc_block SLOW: 302 ticks (read bitmap: 302, write metadata: 0)
Ext2::alloc_block SLOW: 306 ticks (read bitmap: 306, write metadata: 0)
Ext2::alloc_block SLOW: 293 ticks (read bitmap: 293, write metadata: 0)
Ext2::alloc_block SLOW: 250 ticks (read bitmap: 250, write metadata: 0)
Ext2::alloc_block SLOW: 284 ticks (read bitmap: 284, write metadata: 0)
Ext2::alloc_block SLOW: 386 ticks (read bitmap: 386, write metadata: 0)
Ext2::alloc_block SLOW: 108 ticks (read bitmap: 108, write metadata: 0)
Ext2::alloc_block SLOW: 295 ticks (read bitmap: 295, write metadata: 0)
Ext2::alloc_block SLOW: 315 ticks (read bitmap: 315, write metadata: 0)
Ext2::alloc_block SLOW: 239 ticks (read bitmap: 239, write metadata: 0)
Ext2::alloc_block SLOW: 273 ticks (read bitmap: 273, write metadata: 0)
Ext2::alloc_block SLOW: 104 ticks (read bitmap: 104, write metadata: 0)
Ext2::alloc_block SLOW: 277 ticks (read bitmap: 277, write metadata: 0)
Ext2::alloc_block SLOW: 374 ticks (read bitmap: 374, write metadata: 0)
Ext2::alloc_block SLOW: 234 ticks (read bitmap: 234, write metadata: 0)
Ext2::alloc_block SLOW: 230 ticks (read bitmap: 230, write metadata: 0)
Ext2::alloc_block SLOW: 234 ticks (read bitmap: 234, write metadata: 0)
Ext2::alloc_block SLOW: 234 ticks (read bitmap: 234, write metadata: 0)
Ext2::alloc_block SLOW: 239 ticks (read bitmap: 239, write metadata: 0)
Ext2::alloc_block SLOW: 91 ticks (read bitmap: 91, write metadata: 0)
Ext2::alloc_block SLOW: 261 ticks (read bitmap: 261, write metadata: 0)
Ext2::alloc_block SLOW: 128 ticks (read bitmap: 128, write metadata: 0)
Ext2::alloc_block SLOW: 92 ticks (read bitmap: 92, write metadata: 0)
Ext2::alloc_block SLOW: 239 ticks (read bitmap: 239, write metadata: 0)
Ext2::alloc_block SLOW: 331 ticks (read bitmap: 331, write metadata: 0)
Ext2::alloc_block SLOW: 205 ticks (read bitmap: 205, write metadata: 0)
Ext2::alloc_block SLOW: 958 ticks (read bitmap: 958, write metadata: 0)
Ext2::alloc_block SLOW: 569 ticks (read bitmap: 569, write metadata: 0)
Ext2::alloc_block SLOW: 747 ticks (read bitmap: 747, write metadata: 0)
Ext2::alloc_block SLOW: 500 ticks (read bitmap: 500, write metadata: 0)
Ext2::alloc_block SLOW: 499 ticks (read bitmap: 499, write metadata: 0)
Ext2::alloc_block SLOW: 336 ticks (read bitmap: 336, write metadata: 0)
Ext2::alloc_block SLOW: 457 ticks (read bitmap: 457, write metadata: 0)
Ext2 write of 7757252 bytes took 3590449 ticks (alloc_time: 3210409 ticks for 7576 blocks, io_time: 380040 ticks)
[WACC] Saved cache /sys/bin/init.wacc (7575 KB)
[AOT-Runner] AOT enabled, looking for entry point...
[AOT-Runner] Found entry point at addr 380
[AOT-Runner] AOT ptr: 0x10400e299
[wasm-runner] Finished buffer /sys/bin/init.wasm.
[AOTWorker] AOT ready for PID 2. Entry=0x10400e299
